; generated by PrusaSlicer 2.9.3 on 2025-09-16 at 12:46:13 UTC

;

; external perimeters extrusion width = 2.25mm
; perimeters extrusion width = 2.25mm
; infill extrusion width = 2.25mm
; solid infill extrusion width = 2.25mm
; top infill extrusion width = 2.00mm
; first layer extrusion width = 2.10mm

;TYPE:Custom
G92 X0 Y0 Z0
M666 F1 ; Tension the lines
G1 F5000 ; lift nozzle
G21 ; set units to millimeters
G90 ; use absolute coordinates
M82 ; use absolute distances for extrusion
T0
G92 E0
; Filament gcode
M107
;LAYER_CHANGE
;Z:0.6
;HEIGHT:0.6
G92 E0
G1 X.442 Y-435.538 F7800
G1 E2 F2400
;TYPE:Solid infill
;WIDTH:1.87508
G1 F12000
G1 X.093 Y-435.224 E2.06135
;WIDTH:1.92139
G1 X-.255 Y-434.91 E2.12423
;WIDTH:1.96771
G1 X-.603 Y-434.597 E2.18864
;WIDTH:2.01402
G1 X-.951 Y-434.283 E2.25477
;WIDTH:2.06034
G1 X-1.299 Y-433.969 E2.32252
;WIDTH:2.10665
G1 X-1.647 Y-433.656 E2.3918
;WIDTH:2.15297
G1 X-1.995 Y-433.342 E2.4628
;WIDTH:2.19928
G1 X-2.343 Y-433.028 E2.53543
;WIDTH:2.2456
G1 X-4.148 Y-431.236 E2.93835
;WIDTH:2.21542
G1 X-5.605 Y-429.758 E3.26244
;WIDTH:2.18525
G1 X-5.952 Y-429.36 E3.3437
;WIDTH:2.14069
G1 X-6.299 Y-428.962 E3.4232
;WIDTH:2.09613
G1 X-6.646 Y-428.565 E3.50083
;WIDTH:2.05156
G1 X-6.993 Y-428.167 E3.57681
;WIDTH:2.007
G1 X-7.339 Y-427.769 E3.65094
;WIDTH:1.96244
G1 X-7.686 Y-427.372 E3.72329
;WIDTH:1.91788
G1 X-8.033 Y-426.974 E3.79399
;WIDTH:1.87332
G1 X-8.38 Y-426.576 E3.86293
G1 E1.86293 F2400
G92 E0
G1 X-11.509 Y-420.268 F7800
G1 E2 F2400
;WIDTH:1.82876
G1 F12000
G1 X-11.66 Y-420.418 E2.02708
G1 X-11.865 Y-420.363 E2.05408
G1 X-11.92 Y-420.158 E2.08108
G1 X-11.77 Y-420.008 E2.10807
G1 X-11.564 Y-420.063 E2.1352
;WIDTH:1.87557
G1 X-11.468 Y-420.246 E2.16221
;WIDTH:1.92237
G1 X-11.371 Y-420.429 E2.19001
;WIDTH:1.96917
G1 X-11.275 Y-420.613 E2.21859
;WIDTH:2.01598
G1 X-11.179 Y-420.796 E2.24778
;WIDTH:2.06278
G1 X-11.082 Y-420.979 E2.27776
;WIDTH:2.10959
G1 X-10.986 Y-421.163 E2.30852
;WIDTH:2.15639
G1 X-10.889 Y-421.346 E2.33995
;WIDTH:2.20319
G1 X-10.793 Y-421.529 E2.37203
;WIDTH:2.25
G1 X-10.696 Y-421.713 E2.40505
G1 X6.363 Y-438.772 E6.23475
G1 E4.23475 F2400
G92 E0
G1 X11.626 Y-441.035 F7800
G1 E2 F2400
G1 F12000
G1 X-12.602 Y-416.807 E7.43912
G1 X-12.685 Y-416.624 E7.47102
;WIDTH:2.20319
G1 X-12.768 Y-416.441 E7.50221
;WIDTH:2.15639
G1 X-12.851 Y-416.257 E7.53284
;WIDTH:2.10959
G1 X-12.935 Y-416.074 E7.56269
;WIDTH:2.06278
G1 X-13.018 Y-415.891 E7.59177
;WIDTH:2.01598
G1 X-13.101 Y-415.707 E7.62028
;WIDTH:1.96917
G1 X-13.184 Y-415.524 E7.64796
;WIDTH:1.92237
G1 X-13.268 Y-415.34 E7.67511
;WIDTH:1.87557
G1 X-13.351 Y-415.157 E7.70138
;WIDTH:1.82876
G1 X-13.556 Y-415.102 E7.72838
G1 X-13.706 Y-415.252 E7.75537
G1 X-13.651 Y-415.458 E7.7825
G1 X-13.446 Y-415.513 E7.8095
G1 X-13.296 Y-415.362 E7.83658
;WIDTH:2.25
G1 X-13.732 Y-412.677 E8.26839
G1 X16.11 Y-442.544 E14.97064
;WIDTH:2.20319
G1 X16.203 Y-442.661 E14.99384
;WIDTH:2.15639
G1 X16.296 Y-442.779 E15.01664
;WIDTH:2.10959
G1 X16.389 Y-442.897 E15.03891
;WIDTH:2.06278
G1 X16.482 Y-443.015 E15.06066
;WIDTH:2.01598
G1 X16.575 Y-443.132 E15.08177
;WIDTH:1.96917
G1 X16.668 Y-443.25 E15.10246
;WIDTH:1.92237
G1 X16.761 Y-443.368 E15.12263
;WIDTH:1.87557
G1 X16.854 Y-443.486 E15.14227
;WIDTH:1.82876
G1 X20.094 Y-444.24 E15.56548
;WIDTH:2.25
G1 X19.977 Y-443.387 E15.70216
G1 X-14.447 Y-408.962 E23.43036
G1 X-14.803 Y-405.607 E23.96593
G1 X23.693 Y-444.102 E32.60806
G1 X27.196 Y-444.605 E33.16984
G1 X-15.071 Y-402.338 E42.65866
G1 X-15.098 Y-399.312 E43.13904
G1 X30.522 Y-444.932 E53.3806
G1 X33.791 Y-445.201 E53.90129
G1 X-15.11 Y-396.3 E64.87943
G1 X-14.919 Y-393.491 E65.32637
G1 X36.883 Y-445.292 E76.95566
G1 X39.969 Y-445.379 E77.44574
G1 X-14.727 Y-390.683 E89.72484
G1 X-14.434 Y-387.976 E90.15707
G1 X42.91 Y-445.32 E103.03064
G1 X45.851 Y-445.261 E103.4976
G1 X-14.072 Y-385.338 E116.95015
G1 X-13.71 Y-382.7 E117.37284
G1 X48.691 Y-445.101 E131.38169
G1 X51.512 Y-444.922 E131.83041
G1 X-13.246 Y-380.165 E146.36829
G1 X-12.747 Y-377.664 E146.77313
G1 X54.282 Y-444.693 E161.82095
G1 X57.002 Y-444.413 E162.25501
G1 X-12.248 Y-375.163 E177.80144
G1 X-11.693 Y-372.718 E178.19944
G1 X59.722 Y-444.133 E194.23191
G1 X62.358 Y-443.768 E194.65435
G1 X-11.081 Y-370.329 E211.1412
G1 X-10.47 Y-367.941 E211.53249
G1 X64.992 Y-443.403 E228.4735
G1 X67.602 Y-443.013 E228.89242
G1 X-9.858 Y-365.553 E246.28197
G1 X-9.167 Y-363.244 E246.66457
G1 X70.162 Y-442.573 E264.47371
G1 X72.721 Y-442.133 E264.8859
G1 X-8.461 Y-360.95 E283.11114
G1 X-7.756 Y-358.656 E283.49211
G1 X75.248 Y-441.659 E302.12616
G1 X77.742 Y-441.154 E302.5301
G1 X-7.05 Y-356.362 E321.56567
G1 X-6.318 Y-354.094 E321.94399
G1 X80.236 Y-440.648 E341.37512
G1 X82.698 Y-440.11 E341.77517
G1 X-5.576 Y-351.836 E361.59244
G1 X-4.834 Y-349.578 E361.96974
G1 X85.135 Y-439.547 E382.16753
G1 X87.571 Y-438.983 E382.56446
G1 X-4.092 Y-347.32 E403.14255
G1 X-3.351 Y-345.061 E403.51995
G1 X89.982 Y-438.394 E424.47295
G1 X92.366 Y-437.779 E424.86378
G1 X-2.609 Y-342.803 E446.18551
G1 X-1.867 Y-340.545 E446.56281
G1 X94.751 Y-437.163 E468.25328
G1 X97.121 Y-436.533 E468.64257
G1 X-1.125 Y-338.287 E490.69852
G1 X-.384 Y-336.029 E491.07577
G1 X99.458 Y-435.871 E513.49002
G1 X101.795 Y-435.208 E513.87564
G1 X.358 Y-333.771 E536.64796
G1 X1.1 Y-331.513 E537.02526
G1 X104.132 Y-434.545 E560.15566
G1 X106.426 Y-433.839 E560.53667
G1 X1.842 Y-329.255 E584.01549
G1 X2.583 Y-326.996 E584.39289
G1 X108.72 Y-433.134 E608.22046
G1 X111.015 Y-432.428 E608.60162
G1 X3.325 Y-324.738 E632.77772
G1 X4.067 Y-322.48 E633.15502
G1 X113.283 Y-431.697 E657.67382
G1 X115.538 Y-430.951 E658.05087
G1 X4.808 Y-320.222 E682.90933
G1 X4.699 Y-317.644 E683.31894
;WIDTH:1.82876
G1 X4.494 Y-317.589 E683.34594
G1 X4.344 Y-317.74 E683.37302
G1 X4.399 Y-317.945 E683.40002
G1 X4.604 Y-318 E683.42702
G1 X4.754 Y-317.85 E683.45401
G1 X4.949 Y-317.25 E683.53427
G1 X4.799 Y-317.4 E683.56126
G1 X4.593 Y-317.345 E683.58839
G1 X4.538 Y-317.14 E683.61539
G1 X4.689 Y-316.99 E683.64247
G1 X4.894 Y-317.045 E683.66947
;WIDTH:1.87557
G1 X4.967 Y-317.147 E683.68587
;WIDTH:1.92237
G1 X5.04 Y-317.249 E683.70271
;WIDTH:1.96917
G1 X5.112 Y-317.351 E683.71991
;WIDTH:2.01598
G1 X5.185 Y-317.453 E683.73762
;WIDTH:2.06278
G1 X5.258 Y-317.555 E683.75577
;WIDTH:2.10959
G1 X5.331 Y-317.657 E683.77436
;WIDTH:2.15639
G1 X5.404 Y-317.759 E683.79339
;WIDTH:2.20319
G1 X5.477 Y-317.861 E683.81286
;WIDTH:2.25
G1 X117.792 Y-430.206 E709.03063
G1 X120.04 Y-429.454 E709.40692
G1 X6.279 Y-315.692 E734.94606
G1 X7.008 Y-313.422 E735.32453
G1 X122.258 Y-428.671 E761.19772
G1 X124.475 Y-427.889 E761.57091
G1 X7.737 Y-311.151 E787.77827
G1 X8.466 Y-308.88 E788.1569
G1 X126.693 Y-427.107 E814.69853
G1 X128.888 Y-426.302 E815.06967
G1 X9.195 Y-306.609 E841.94041
G1 X9.924 Y-304.339 E842.31888
G1 X131.071 Y-425.485 E869.51593
G1 X133.254 Y-424.668 E869.88594
G1 X10.654 Y-302.068 E897.4093
G1 X11.17 Y-298.147 E898.0371
;WIDTH:1.82876
G1 X10.965 Y-298.092 E898.0641
G1 X10.815 Y-298.242 E898.09109
G1 X10.87 Y-298.448 E898.11822
G1 X11.075 Y-298.503 E898.14522
G1 X11.225 Y-298.352 E898.1723
;WIDTH:1.87557
G1 X11.243 Y-298.513 E898.19348
;WIDTH:1.92237
G1 X11.26 Y-298.673 E898.21508
;WIDTH:1.96917
G1 X11.278 Y-298.834 E898.23739
;WIDTH:2.01598
G1 X11.295 Y-298.995 E898.26025
;WIDTH:2.06278
G1 X11.313 Y-299.155 E898.28355
;WIDTH:2.10959
G1 X11.33 Y-299.316 E898.30755
;WIDTH:2.15639
G1 X11.348 Y-299.476 E898.33198
;WIDTH:2.20319
G1 X11.365 Y-299.637 E898.35711
;WIDTH:2.25
G1 X11.383 Y-299.797 E898.38267
G1 X135.434 Y-423.848 E926.23177
G1 X137.584 Y-422.999 E926.59871
G1 X92.961 Y-378.376 E936.61645
G1 X92.794 Y-378.251 E936.64956
;WIDTH:2.20319
G1 X92.628 Y-378.127 E936.68173
;WIDTH:2.15639
G1 X92.461 Y-378.003 E936.71329
;WIDTH:2.10959
G1 X92.294 Y-377.878 E936.74421
;WIDTH:2.06278
G1 X92.128 Y-377.754 E936.7742
;WIDTH:2.01598
G1 X91.961 Y-377.63 E936.80358
;WIDTH:1.96917
G1 X91.794 Y-377.506 E936.83223
;WIDTH:1.92237
G1 X91.628 Y-377.381 E936.86012
;WIDTH:1.87557
G1 X91.461 Y-377.257 E936.88731
;WIDTH:1.82876
G1 X88.689 Y-375.039 E937.33896
G1 X87.204 Y-373.764 E937.58796
G1 E935.58796 F2400
G92 E0
G1 X96.809 Y-379.469 F7800
G1 E2 F2400
G1 F12000
G1 X96.604 Y-379.414 E2.027
G1 X96.454 Y-379.564 E2.05399
G1 X96.509 Y-379.77 E2.08112
G1 X96.714 Y-379.825 E2.10812
G1 X96.864 Y-379.674 E2.1352
;WIDTH:1.87557
G1 X97.008 Y-379.774 E2.15812
;WIDTH:1.92237
G1 X97.152 Y-379.874 E2.18165
;WIDTH:1.96917
G1 X97.296 Y-379.974 E2.2058
;WIDTH:2.01598
G1 X97.44 Y-380.074 E2.23056
;WIDTH:2.06278
G1 X97.584 Y-380.174 E2.25593
;WIDTH:2.10959
G1 X97.727 Y-380.274 E2.2818
;WIDTH:2.15639
G1 X97.871 Y-380.374 E2.3084
;WIDTH:2.20319
G1 X98.015 Y-380.474 E2.33562
;WIDTH:2.25
G1 X98.159 Y-380.574 E2.36345
G1 X139.734 Y-422.149 E11.69692
G1 X141.885 Y-421.3 E12.06401
G1 X102.298 Y-381.712 E20.95129
G1 X102.154 Y-381.625 E20.978
;WIDTH:2.20319
G1 X102.01 Y-381.538 E21.00412
;WIDTH:2.15639
G1 X101.866 Y-381.451 E21.02965
;WIDTH:2.10959
G1 X101.722 Y-381.364 E21.05459
;WIDTH:2.06278
G1 X101.578 Y-381.276 E21.07902
;WIDTH:2.01598
G1 X101.434 Y-381.189 E21.10278
;WIDTH:1.96917
G1 X101.291 Y-381.102 E21.12583
;WIDTH:1.92237
G1 X101.147 Y-381.015 E21.14841
;WIDTH:1.87557
G1 X101.003 Y-380.928 E21.1704
;WIDTH:1.82876
G1 X100.853 Y-381.078 E21.19739
G1 X100.647 Y-381.023 E21.22452
G1 X100.592 Y-380.818 E21.25152
G1 X100.743 Y-380.667 E21.27869
G1 X100.948 Y-380.722 E21.30569
G1 E19.30569 F2400
G92 E0
G1 X105.904 Y-382.319 F7800
G1 E2 F2400
;WIDTH:2.25
G1 F12000
G1 X144.021 Y-420.436 E10.55716
G1 X146.14 Y-419.555 E10.92145
G1 X109.155 Y-382.57 E19.22448
G1 X112.151 Y-382.566 E19.70008
G1 X148.259 Y-418.674 E27.80623
G1 X150.378 Y-417.793 E28.17052
G1 X114.962 Y-382.377 E36.12131
G1 X117.602 Y-382.017 E36.54427
G1 X152.474 Y-416.889 E44.37294
G1 X154.563 Y-415.978 E44.73472
G1 X120.115 Y-381.53 E52.4682
G1 X122.517 Y-380.933 E52.8611
G1 X156.652 Y-415.068 E60.52431
G1 X158.738 Y-414.154 E60.88584
G1 X124.813 Y-380.229 E68.50191
G1 X127.037 Y-379.453 E68.87583
G1 X160.798 Y-413.214 E76.45508
G1 X162.859 Y-412.275 E76.81461
G1 X129.232 Y-378.648 E84.36378
G1 X131.428 Y-377.844 E84.73501
G1 X164.919 Y-411.335 E92.25365
G1 X166.968 Y-410.384 E92.61224
G1 X133.599 Y-377.016 E100.10338
G1 X135.77 Y-376.187 E100.47228
G1 X169 Y-409.416 E107.93221
G1 X171.032 Y-408.448 E108.28951
G1 X137.935 Y-375.351 E115.71969
G1 X140.077 Y-374.494 E116.08592
G1 X173.064 Y-407.481 E123.49141
G1 X175.076 Y-406.493 E123.84723
G1 X142.215 Y-373.631 E131.22455
G1 X144.331 Y-372.748 E131.58852
G1 X177.081 Y-405.498 E138.9408
G1 X179.085 Y-404.502 E139.29605
G1 X146.445 Y-371.862 E146.62364
G1 X148.533 Y-370.95 E146.98533
G1 X181.089 Y-403.506 E154.29406
G1 X183.066 Y-402.483 E154.64742
G1 X150.62 Y-370.037 E161.93146
G1 X152.683 Y-369.1 E162.29114
G1 X185.043 Y-401.46 E169.55587
G1 X187.02 Y-400.437 E169.90923
G1 X154.739 Y-368.156 E177.15622
G1 X156.787 Y-367.204 E177.51473
G1 X188.987 Y-399.404 E184.74354
G1 X190.936 Y-398.354 E185.09497
G1 X158.809 Y-366.227 E192.30739
G1 X160.831 Y-365.249 E192.66394
G1 X192.886 Y-397.303 E199.86009
G1 X194.835 Y-396.253 E200.21152
G1 X162.837 Y-364.255 E207.39498
G1 X164.827 Y-363.245 E207.74924
G1 X196.765 Y-395.183 E214.91923
G1 X198.686 Y-394.104 E215.26899
G1 X166.797 Y-362.215 E222.42798
G1 X168.767 Y-361.185 E222.78087
G1 X200.608 Y-393.026 E229.92909
G1 X202.526 Y-391.945 E230.27859
G1 X170.725 Y-360.144 E237.41783
G1 X172.668 Y-359.086 E237.76903
G1 X204.42 Y-390.838 E244.89727
G1 X206.313 Y-389.732 E245.2453
G1 X174.585 Y-358.004 E252.36815
G1 X176.5 Y-356.919 E252.71755
G1 X208.207 Y-388.625 E259.83557
G1 X210.084 Y-387.502 E260.18279
G1 X178.415 Y-355.833 E267.29239
G1 X180.306 Y-354.725 E267.64031
G1 X211.948 Y-386.367 E274.74385
G1 X213.813 Y-385.232 E275.09042
G1 X182.186 Y-353.605 E282.19059
G1 X184.044 Y-352.463 E282.53679
G1 X215.674 Y-384.093 E289.63764
G1 X217.509 Y-382.928 E289.98268
G1 X185.902 Y-351.321 E297.07836
G1 X187.759 Y-350.179 E297.42443
G1 X219.343 Y-381.762 E304.51484
G1 X221.178 Y-380.597 E304.85988
G1 X189.591 Y-349.01 E311.95107
G1 X191.414 Y-347.834 E312.29545
G1 X222.99 Y-379.41 E319.38417
G1 X224.793 Y-378.213 E319.72772
G1 X193.214 Y-346.633 E326.81723
G1 X195.013 Y-345.433 E327.16051
G1 X226.596 Y-377.016 E334.25081
G1 X228.387 Y-375.807 E334.59383
G1 X196.812 Y-344.232 E341.68233
G1 X198.592 Y-343.012 E342.02489
G1 X230.156 Y-374.576 E349.11092
G1 X231.926 Y-373.346 E349.45308
G1 X200.362 Y-341.782 E356.53911
G1 X202.115 Y-340.536 E356.88052
G1 X233.69 Y-372.11 E363.96891
G1 X235.424 Y-370.844 E364.30973
G1 X203.865 Y-339.285 E371.39464
G1 X205.596 Y-338.017 E371.73526
G1 X237.158 Y-369.578 E378.82073
G1 X238.891 Y-368.312 E379.16142
G1 X207.326 Y-336.746 E386.24779
G1 X209.035 Y-335.456 E386.58769
G1 X240.598 Y-367.019 E393.6735
G1 X242.305 Y-365.726 E394.01344
G1 X210.743 Y-334.164 E401.09902
G1 X212.432 Y-332.853 E401.43843
G1 X244.012 Y-364.433 E408.52805
G1 X245.704 Y-363.125 E408.86754
G1 X214.12 Y-331.541 E415.95806
G1 X215.789 Y-330.21 E416.29694
G1 X247.394 Y-361.816 E423.39229
G1 X249.085 Y-360.506 E423.73185
G1 X217.457 Y-328.878 E430.83225
G1 X219.105 Y-327.527 E431.17053
G1 X250.761 Y-359.182 E438.2771
G1 X252.435 Y-357.856 E438.6161
G1 X220.754 Y-326.175 E445.7284
G1 X222.382 Y-324.804 E446.06627
G1 X254.108 Y-356.53 E453.18867
G1 X255.768 Y-355.19 E453.52733
G1 X224.01 Y-323.432 E460.65691
G1 X225.621 Y-322.043 E460.99458
G1 X257.424 Y-353.846 E468.13426
G1 X259.08 Y-352.502 E468.47282
G1 X227.228 Y-320.65 E475.62351
G1 X228.821 Y-319.243 E475.9609
G1 X260.723 Y-351.145 E483.12281
G1 X262.36 Y-349.783 E483.46086
G1 X230.408 Y-317.83 E490.63411
G1 X231.983 Y-316.406 E490.97117
G1 X263.998 Y-348.421 E498.15845
G1 X265.623 Y-347.046 E498.49636
G1 X233.55 Y-314.972 E505.69677
G1 X235.11 Y-313.532 E506.03379
G1 X267.242 Y-345.665 E513.24745
G1 X268.861 Y-344.284 E513.58525
G1 X236.655 Y-312.078 E520.81541
G1 X238.2 Y-310.623 E521.15231
G1 X270.467 Y-342.89 E528.39616
G1 X272.067 Y-341.489 E528.73376
G1 X239.725 Y-309.148 E535.99434
G1 X241.25 Y-307.673 E536.33113
G1 X273.666 Y-340.089 E543.60843
G1 X275.253 Y-338.676 E543.94574
G1 X242.759 Y-306.183 E551.24044
G1 X244.264 Y-304.687 E551.5773
G1 X276.832 Y-337.255 E558.88873
G1 X278.411 Y-335.835 E559.22584
G1 X245.759 Y-303.182 E566.55624
G1 X247.243 Y-301.666 E566.893
G1 X279.978 Y-334.402 E574.24203
G1 X281.537 Y-332.96 E574.57914
G1 X248.725 Y-300.149 E581.94523
G1 X250.188 Y-298.612 E582.28208
G1 X283.095 Y-331.519 E589.66961
G1 X284.641 Y-330.065 E590.00651
G1 X251.651 Y-297.075 E597.41267
G1 X253.1 Y-295.524 E597.74961
G1 X286.178 Y-328.602 E605.17553
G1 X287.714 Y-327.139 E605.51226
G1 X254.543 Y-293.967 E612.95917
G1 X255.981 Y-292.405 E613.2962
G1 X289.239 Y-325.663 E620.76253
G1 X290.754 Y-324.178 E621.09929
G1 X257.402 Y-290.826 E628.58672
G1 X258.823 Y-289.247 E628.92393
G1 X292.268 Y-322.692 E636.43224
G1 X293.77 Y-321.195 E636.76887
G1 X260.23 Y-287.655 E644.29851
G1 X261.63 Y-286.055 E644.636
G1 X295.262 Y-319.686 E652.18618
G1 X296.753 Y-318.178 E652.52282
G1 X263.028 Y-284.453 E660.09399
G1 X264.407 Y-282.832 E660.43183
G1 X298.232 Y-316.657 E668.02545
G1 X299.7 Y-315.125 E668.36227
G1 X265.786 Y-281.211 E675.97587
G1 X267.154 Y-279.579 E676.31392
G1 X301.168 Y-313.593 E683.94997
G1 X302.622 Y-312.047 E684.28687
G1 X268.512 Y-277.938 E691.94436
G1 X269.871 Y-276.296 E692.28271
G1 X304.066 Y-310.491 E699.95939
G1 X305.509 Y-308.935 E700.29626
G1 X271.21 Y-274.635 E707.9964
G1 X272.547 Y-272.973 E708.335
G1 X306.938 Y-307.364 E716.05568
G1 X308.357 Y-305.783 E716.39292
G1 X273.879 Y-271.304 E724.13325
G1 X275.194 Y-269.62 E724.47242
G1 X309.776 Y-304.202 E732.23598
G1 X311.178 Y-302.604 E732.57344
G1 X276.51 Y-267.936 E740.35631
G1 X277.813 Y-266.239 E740.69595
G1 X312.571 Y-300.997 E748.49902
G1 X313.964 Y-299.391 E748.8365
G1 X279.106 Y-264.533 E756.66202
G1 X280.4 Y-262.826 E757.00205
G1 X315.34 Y-297.766 E764.84598
G1 X316.706 Y-296.133 E765.18395
G1 X281.673 Y-261.099 E773.04887
G1 X282.942 Y-259.369 E773.38946
G1 X318.073 Y-294.499 E781.27616
G1 X319.42 Y-292.846 E781.61465
G1 X284.21 Y-257.636 E789.5192
G1 X285.454 Y-255.881 E789.86069
G1 X320.759 Y-291.186 E797.78656
G1 X322.099 Y-289.526 E798.12522
G1 X286.699 Y-254.126 E806.07242
G1 X287.936 Y-252.363 E806.4143
G1 X323.416 Y-287.843 E814.37946
G1 X324.728 Y-286.155 E814.71884
G1 X289.155 Y-250.582 E822.70488
G1 X290.373 Y-248.801 E823.04739
G1 X326.039 Y-284.467 E831.05431
G1 X327.326 Y-282.754 E831.39443
G1 X291.579 Y-247.006 E839.41964
G1 X292.771 Y-245.198 E839.76341
G1 X328.609 Y-281.037 E847.80905
G1 X329.892 Y-279.32 E848.1493
G1 X293.962 Y-243.39 E856.21548
G1 X295.136 Y-241.563 E856.56022
G1 X331.148 Y-277.575 E864.64481
G1 X332.401 Y-275.829 E864.98596
G1 X296.299 Y-239.727 E873.09076
G1 X297.463 Y-237.891 E873.43585
G1 X333.654 Y-274.082 E881.56063
G1 X334.877 Y-272.305 E881.90307
G1 X298.601 Y-236.029 E890.04693
G1 X299.735 Y-234.163 E890.39356
G1 X336.101 Y-270.529 E898.55763
G1 X337.32 Y-268.748 E898.90023
G1 X300.869 Y-232.298 E907.08327
G1 X301.973 Y-230.402 E907.43155
G1 X338.513 Y-266.941 E915.63457
G1 X339.706 Y-265.134 E915.9783
G1 X303.076 Y-228.505 E924.20152
G1 X304.176 Y-226.605 E924.55003
G1 X340.89 Y-263.319 E932.79222
G1 X342.051 Y-261.48 E933.13746
G1 X305.247 Y-224.675 E941.39997
G1 X306.317 Y-222.746 E941.75014
G1 X343.212 Y-259.641 E950.03296
G1 X344.361 Y-257.79 E950.3788
G1 X307.381 Y-220.81 E958.68071
G1 X308.417 Y-218.847 E959.03306
G1 X345.49 Y-255.919 E967.35573
G1 X346.619 Y-254.048 E967.70262
G1 X309.454 Y-216.883 E976.04606
G1 X310.48 Y-214.909 E976.39922
G1 X347.73 Y-252.16 E984.76185
G1 X348.826 Y-250.255 E985.11073
G1 X311.481 Y-212.91 E993.49458
G1 X312.481 Y-210.911 E993.8494
G1 X349.921 Y-248.351 E1002.25458
G1 X350.995 Y-246.424 E1002.60478
G1 X313.469 Y-208.898 E1011.02926
G1 X314.432 Y-206.861 E1011.38693
G1 X352.056 Y-244.486 E1019.83353
G1 X353.118 Y-242.548 E1020.18434
G1 X315.395 Y-204.825 E1028.65305
G1 X316.34 Y-202.771 E1029.01196
G1 X354.151 Y-240.581 E1037.50031
G1 X355.178 Y-238.608 E1037.8534
G1 X317.265 Y-200.695 E1046.36476
G1 X318.189 Y-198.619 E1046.72548
G1 X356.205 Y-236.635 E1055.25997
G1 X357.197 Y-234.627 E1055.6155
G1 X319.089 Y-196.519 E1064.17064
G1 X319.972 Y-194.403 E1064.53461
G1 X358.188 Y-232.619 E1073.114
G1 X359.174 Y-230.605 E1073.46997
G1 X320.856 Y-192.286 E1082.07237
G1 X321.709 Y-190.14 E1082.43896
G1 X360.129 Y-228.56 E1091.06414
G1 X361.084 Y-226.515 E1091.42242
G1 X322.549 Y-187.98 E1100.07342
G1 X323.389 Y-185.82 E1100.44132
G1 X362.027 Y-224.458 E1109.11544
G1 X362.944 Y-222.375 E1109.47673
G1 X324.195 Y-183.626 E1118.17577
G1 X324.989 Y-181.42 E1118.54795
G1 X363.862 Y-220.293 E1127.27483
G1 X364.76 Y-218.191 E1127.63768
G1 X325.783 Y-179.214 E1136.38791
G1 X326.535 Y-176.967 E1136.76405
G1 X365.639 Y-216.071 E1145.54279
G1 X366.519 Y-213.95 E1145.90731
G1 X327.282 Y-174.713 E1154.71591
G1 X328.026 Y-172.458 E1155.09286
G1 X367.37 Y-211.802 E1163.92548
G1 X368.211 Y-209.643 E1164.29329
G1 X328.722 Y-170.154 E1173.15846
G1 X329.419 Y-167.851 E1173.54042
G1 X369.051 Y-207.483 E1182.43769
G1 X369.855 Y-205.287 E1182.80892
G1 X330.105 Y-165.537 E1191.73268
G1 X330.749 Y-163.181 E1192.1204
G1 X370.656 Y-203.088 E1201.07941
G1 X371.451 Y-200.883 E1201.4515
G1 X331.392 Y-160.824 E1210.44463
G1 X332.015 Y-158.448 E1210.83455
G1 X372.211 Y-198.643 E1219.85833
G1 X372.971 Y-196.403 E1220.23382
G1 X332.602 Y-156.035 E1229.29644
G1 X333.189 Y-153.621 E1229.69081
G1 X373.716 Y-194.149 E1238.78912
G1 X374.434 Y-191.867 E1239.16888
G1 X333.746 Y-151.179 E1248.30322
G1 X334.273 Y-148.706 E1248.70461
G1 X375.152 Y-189.585 E1257.88183
G1 X375.846 Y-187.279 E1258.26411
G1 X334.8 Y-146.233 E1267.47882
G1 X335.28 Y-143.713 E1267.88605
G1 X376.521 Y-184.954 E1277.14454
G1 X377.197 Y-182.63 E1277.52875
G1 X335.744 Y-141.177 E1286.83483
G1 X336.207 Y-138.641 E1287.24406
G1 X377.837 Y-180.27 E1296.58977
G1 X378.469 Y-177.902 E1296.97883
G1 X336.609 Y-136.043 E1306.37617
G1 X337.006 Y-133.439 E1306.79431
G1 X379.098 Y-175.531 E1316.24385
G1 X379.685 Y-173.119 E1316.63791
G1 X337.387 Y-130.821 E1326.13369
G1 X337.713 Y-128.146 E1326.56147
G1 X380.273 Y-170.707 E1336.11618
G1 X380.846 Y-168.28 E1336.51204
G1 X338.038 Y-125.472 E1346.12232
G1 X338.323 Y-122.757 E1346.55568
G1 X381.388 Y-165.822 E1356.22365
G1 X381.931 Y-163.365 E1356.62309
G1 X338.572 Y-120.006 E1366.35706
G1 X338.821 Y-117.255 E1366.79555
G1 X382.446 Y-160.88 E1376.58924
G1 X382.942 Y-158.376 E1376.99446
G1 X339.004 Y-114.438 E1386.85842
G1 X339.172 Y-111.607 E1387.30861
G1 X383.438 Y-155.872 E1397.24609
G1 X383.893 Y-153.327 E1397.6565
G1 X339.319 Y-108.753 E1407.66324
G1 X339.4 Y-105.835 E1408.12663
G1 X384.341 Y-150.776 E1418.21576
G1 X384.783 Y-148.218 E1418.62784
G1 X339.482 Y-102.917 E1428.79779
G1 X339.505 Y-99.94 E1429.27038
G1 X385.183 Y-145.618 E1439.52496
G1 X385.584 Y-143.019 E1439.94242
G1 X339.493 Y-96.928 E1450.28972
G1 X339.471 Y-93.906 E1450.76946
G1 X385.962 Y-140.397 E1461.20656
G1 X386.314 Y-137.749 E1461.63061
G1 X339.36 Y-90.795 E1472.17165
G1 X339.249 Y-87.684 E1472.66582
G1 X386.665 Y-135.1 E1483.31058
G1 X386.978 Y-132.414 E1483.73985
G1 X339.07 Y-84.506 E1494.49506
G1 X338.852 Y-81.288 E1495.00707
G1 X387.279 Y-129.715 E1505.8788
G1 X387.578 Y-127.013 E1506.31034
G1 X338.61 Y-78.046 E1517.30341
G1 X338.276 Y-74.712 E1517.83531
G1 X387.827 Y-124.263 E1528.95937
G1 X388.077 Y-121.513 E1529.39771
G1 X337.942 Y-71.378 E1540.65288
G1 X337.504 Y-67.94 E1541.20305
G1 X388.307 Y-118.743 E1552.60818
G1 X388.504 Y-115.941 E1553.05408
G1 X337.044 Y-64.481 E1564.60671
G1 X336.514 Y-60.95 E1565.17351
G1 X388.702 Y-113.138 E1576.88957
G1 X388.862 Y-110.298 E1577.34112
G1 X335.918 Y-57.355 E1589.22679
G1 X335.282 Y-53.719 E1589.81274
G1 X389.005 Y-107.442 E1601.8734
G1 X389.147 Y-104.584 E1602.32765
G1 X334.538 Y-49.975 E1614.58722
G1 X333.779 Y-46.216 E1615.19598
G1 X389.237 Y-101.674 E1627.64615
G1 X389.326 Y-98.763 E1628.10847
G1 X332.875 Y-42.312 E1640.78156
G1 E1638.78156 F2400
G92 E0
G1 X328.913 Y-28.74 F7800
G1 E2 F2400
;WIDTH:1.82876
G1 F12000
G1 X328.79 Y-29.227 E2.0639
G1 X328.788 Y-29.561 E2.10639
G1 X331.175 Y-38.573 E3.29243
;WIDTH:1.87557
G1 X331.264 Y-38.555 E3.3043
;WIDTH:1.92237
G1 X331.352 Y-38.536 E3.31638
;WIDTH:1.96917
G1 X331.44 Y-38.518 E3.32875
;WIDTH:2.01598
G1 X331.529 Y-38.499 E3.3416
;WIDTH:2.06278
G1 X331.617 Y-38.481 E3.3546
;WIDTH:2.10959
G1 X331.705 Y-38.462 E3.36795
;WIDTH:2.15639
G1 X331.793 Y-38.444 E3.38158
;WIDTH:2.20319
G1 X331.882 Y-38.425 E3.39571
;WIDTH:2.25
G1 X331.97 Y-38.407 E3.40997
G1 X389.395 Y-95.832 E16.30172
G1 X389.428 Y-92.866 E16.77258
G1 X330.886 Y-34.324 E29.9151
G1 X329.803 Y-30.24 E30.58582
G1 X389.462 Y-89.9 E43.97921
G1 X389.425 Y-86.863 E44.46135
G1 X328.534 Y-25.972 E58.13121
G1 X328.452 Y-25.789 E58.16304
;WIDTH:2.20319
G1 X328.369 Y-25.605 E58.19438
;WIDTH:2.15639
G1 X328.286 Y-25.422 E58.22487
;WIDTH:2.10959
G1 X328.203 Y-25.238 E58.25479
;WIDTH:2.06278
G1 X328.121 Y-25.055 E58.28381
;WIDTH:2.01598
G1 X328.038 Y-24.872 E58.31219
;WIDTH:1.96917
G1 X327.955 Y-24.688 E58.33999
;WIDTH:1.92237
G1 X327.872 Y-24.505 E58.36696
;WIDTH:1.87557
G1 X327.79 Y-24.322 E58.39317
;WIDTH:1.82876
G1 X327.584 Y-24.267 E58.4203
G1 X327.434 Y-24.417 E58.44729
G1 X327.489 Y-24.622 E58.47429
G1 X327.694 Y-24.677 E58.50129
G1 X327.845 Y-24.527 E58.52837
G1 E56.52837 F2400
G92 E0
G1 X326.48 Y-20.041 F7800
G1 E2 F2400
G1 F12000
G1 X326.275 Y-19.986 E2.027
G1 X326.124 Y-20.136 E2.05408
G1 X326.179 Y-20.342 E2.08121
G1 X326.385 Y-20.397 E2.10834
G1 X326.535 Y-20.246 E2.13542
;WIDTH:1.87557
G1 X326.615 Y-20.407 E2.15892
;WIDTH:1.92237
G1 X326.695 Y-20.567 E2.18293
;WIDTH:1.96917
G1 X326.774 Y-20.728 E2.20763
;WIDTH:2.01598
G1 X326.854 Y-20.889 E2.23302
;WIDTH:2.06278
G1 X326.934 Y-21.049 E2.25891
;WIDTH:2.10959
G1 X327.014 Y-21.21 E2.28556
;WIDTH:2.15639
G1 X327.094 Y-21.37 E2.3127
;WIDTH:2.20319
G1 X327.174 Y-21.531 E2.34061
;WIDTH:2.25
G1 X327.254 Y-21.691 E2.36901
G1 X389.365 Y-83.802 E16.31276
G1 X389.278 Y-80.715 E16.803
G1 X325.762 Y-17.199 E31.06216
G1 X325.682 Y-17.039 E31.09056
;WIDTH:2.20319
G1 X325.601 Y-16.878 E31.11854
;WIDTH:2.15639
G1 X325.521 Y-16.718 E31.14568
;WIDTH:2.10959
G1 X325.441 Y-16.557 E31.17233
;WIDTH:2.06278
G1 X325.361 Y-16.397 E31.19822
;WIDTH:2.01598
G1 X325.281 Y-16.236 E31.22361
;WIDTH:1.96917
G1 X325.201 Y-16.076 E31.24825
;WIDTH:1.92237
G1 X325.12 Y-15.915 E31.27244
;WIDTH:1.87557
G1 X325.04 Y-15.754 E31.29594
;WIDTH:1.82876
G1 X324.89 Y-15.905 E31.32302
G1 X324.685 Y-15.85 E31.35002
G1 X324.63 Y-15.644 E31.37715
G1 X324.78 Y-15.494 E31.40414
G1 X324.985 Y-15.549 E31.43114
G1 E29.43114 F2400
G92 E0
G1 X323.436 Y-11.032 F7800
G1 E2 F2400
G1 F12000
G1 X323.231 Y-10.977 E2.027
G1 X323.081 Y-11.127 E2.05399
G1 X323.136 Y-11.333 E2.08112
G1 X323.341 Y-11.388 E2.10812
G1 X323.491 Y-11.237 E2.1352
;WIDTH:1.87557
G1 X323.575 Y-11.398 E2.15894
;WIDTH:1.92237
G1 X323.659 Y-11.559 E2.18331
;WIDTH:1.96917
G1 X323.742 Y-11.719 E2.20814
;WIDTH:2.01598
G1 X323.826 Y-11.88 E2.23379
;WIDTH:2.06278
G1 X323.91 Y-12.04 E2.25994
;WIDTH:2.10959
G1 X323.993 Y-12.201 E2.28679
;WIDTH:2.15639
G1 X324.077 Y-12.361 E2.31421
;WIDTH:2.20319
G1 X324.161 Y-12.522 E2.3424
;WIDTH:2.25
G1 X324.245 Y-12.682 E2.37109
G1 X389.08 Y-77.518 E16.92648
G1 X388.883 Y-74.321 E17.43495
G1 X322.502 Y-7.94 E32.3373
G1 X322.412 Y-7.757 E32.36967
;WIDTH:2.20319
G1 X322.323 Y-7.573 E32.4014
;WIDTH:2.15639
G1 X322.233 Y-7.39 E32.43234
;WIDTH:2.10959
G1 X322.143 Y-7.207 E32.46257
;WIDTH:2.06278
G1 X322.053 Y-7.023 E32.49222
;WIDTH:2.01598
G1 X321.963 Y-6.84 E32.52102
;WIDTH:1.96917
G1 X321.873 Y-6.657 E32.54911
;WIDTH:1.92237
G1 X321.784 Y-6.473 E32.57654
;WIDTH:1.87557
G1 X321.694 Y-6.29 E32.6032
;WIDTH:1.82876
G1 X321.488 Y-6.235 E32.63033
G1 X321.338 Y-6.385 E32.65732
G1 X321.393 Y-6.59 E32.68432
G1 X321.598 Y-6.645 E32.71132
G1 X321.749 Y-6.495 E32.7384
G1 E30.7384 F2400
G92 E0
G1 X319.903 Y-1.682 F7800
G1 E2 F2400
G1 F12000
G1 X319.753 Y-1.832 E2.02699
G1 X319.547 Y-1.777 E2.05412
G1 X319.492 Y-1.572 E2.08112
G1 X319.643 Y-1.421 E2.10829
G1 X319.848 Y-1.476 E2.13529
;WIDTH:1.87557
G1 X319.941 Y-1.66 E2.16224
;WIDTH:1.92237
G1 X320.035 Y-1.843 E2.18985
;WIDTH:1.96917
G1 X320.128 Y-2.026 E2.21812
;WIDTH:2.01598
G1 X320.222 Y-2.21 E2.2473
;WIDTH:2.06278
G1 X320.315 Y-2.393 E2.27701
;WIDTH:2.10959
G1 X320.408 Y-2.576 E2.30744
;WIDTH:2.15639
G1 X320.502 Y-2.76 E2.33879
;WIDTH:2.20319
G1 X320.595 Y-2.943 E2.37066
;WIDTH:2.25
G1 X320.689 Y-3.127 E2.40346
G1 X388.581 Y-71.019 E17.64502
G1 X388.242 Y-67.68 E18.17779
G1 X318.673 Y1.889 E33.79584
G1 X318.586 Y2.05 E33.82489
;WIDTH:2.20319
G1 X318.498 Y2.21 E33.85324
;WIDTH:2.15639
G1 X318.411 Y2.371 E33.88101
;WIDTH:2.10959
G1 X318.324 Y2.531 E33.90801
;WIDTH:2.06278
G1 X318.236 Y2.692 E33.93457
;WIDTH:2.01598
G1 X318.149 Y2.852 E33.96029
;WIDTH:1.96917
G1 X318.062 Y3.013 E33.98549
;WIDTH:1.92237
G1 X317.975 Y3.173 E34.00994
;WIDTH:1.87557
G1 X317.887 Y3.334 E34.03393
;WIDTH:1.82876
G1 X317.737 Y3.184 E34.06092
G1 X317.532 Y3.239 E34.08792
G1 X317.477 Y3.444 E34.11492
G1 X317.627 Y3.594 E34.14191
G1 X317.832 Y3.539 E34.16891
G1 E32.16891 F2400
G92 E0
G1 X315.623 Y8.717 F7800
G1 E2 F2400
G1 F12000
G1 X315.418 Y8.772 E2.027
G1 X315.267 Y8.621 E2.05417
G1 X315.322 Y8.416 E2.08117
G1 X315.528 Y8.361 E2.1083
G1 X315.678 Y8.511 E2.13529
;WIDTH:1.87557
G1 X315.769 Y8.351 E2.15935
;WIDTH:1.92237
G1 X315.86 Y8.19 E2.18417
;WIDTH:1.96917
G1 X315.95 Y8.03 E2.20945
;WIDTH:2.01598
G1 X316.041 Y7.869 E2.23557
;WIDTH:2.06278
G1 X316.132 Y7.709 E2.26221
;WIDTH:2.10959
G1 X316.223 Y7.548 E2.28962
;WIDTH:2.15639
G1 X316.314 Y7.388 E2.31755
;WIDTH:2.20319
G1 X316.404 Y7.227 E2.34618
;WIDTH:2.25
G1 X316.495 Y7.067 E2.3754
G1 X387.847 Y-64.285 E18.39372
G1 X387.361 Y-60.799 E18.95245
G1 X314.174 Y12.388 E35.38273
G1 X314.08 Y12.548 E35.41219
;WIDTH:2.20319
G1 X313.987 Y12.709 E35.44105
;WIDTH:2.15639
G1 X313.894 Y12.869 E35.46913
;WIDTH:2.10959
G1 X313.8 Y13.03 E35.49677
;WIDTH:2.06278
G1 X313.707 Y13.191 E35.52368
;WIDTH:2.01598
G1 X313.613 Y13.351 E35.54989
;WIDTH:1.96917
G1 X313.52 Y13.512 E35.5755
;WIDTH:1.92237
G1 X313.427 Y13.672 E35.60034
;WIDTH:1.87557
G1 X313.333 Y13.833 E35.62471
;WIDTH:1.82876
G1 X313.183 Y13.682 E35.65179
G1 X312.978 Y13.737 E35.67879
G1 X312.923 Y13.943 E35.70592
G1 X313.073 Y14.093 E35.73291
G1 X313.278 Y14.038 E35.75991
G1 E33.75991 F2400
G92 E0
G1 X310.682 Y19.475 F7800
G1 E2 F2400
G1 F12000
G1 X310.532 Y19.325 E2.02699
G1 X310.327 Y19.38 E2.05399
G1 X310.272 Y19.585 E2.08099
G1 X310.422 Y19.735 E2.10798
G1 X310.627 Y19.68 E2.13498
;WIDTH:1.87557
G1 X310.728 Y19.497 E2.1623
;WIDTH:1.92237
G1 X310.828 Y19.314 E2.19029
;WIDTH:1.96917
G1 X310.929 Y19.13 E2.2192
;WIDTH:2.01598
G1 X311.029 Y18.947 E2.24865
;WIDTH:2.06278
G1 X311.13 Y18.763 E2.27903
;WIDTH:2.10959
G1 X311.23 Y18.58 E2.30994
;WIDTH:2.15639
G1 X311.331 Y18.397 E2.34166
;WIDTH:2.20319
G1 X311.431 Y18.213 E2.37417
;WIDTH:2.25
G1 X311.531 Y18.03 E2.40727
G1 X386.86 Y-57.298 E19.31831
G1 X386.221 Y-53.66 E19.90466
G1 X308.727 Y23.835 E37.30196
G1 X308.623 Y24.018 E37.33537
;WIDTH:2.20319
G1 X308.519 Y24.201 E37.36805
;WIDTH:2.15639
G1 X308.415 Y24.385 E37.40012
;WIDTH:2.10959
G1 X308.31 Y24.568 E37.4314
;WIDTH:2.06278
G1 X308.206 Y24.751 E37.46186
;WIDTH:2.01598
G1 X308.102 Y24.935 E37.49171
;WIDTH:1.96917
G1 X307.998 Y25.118 E37.5207
;WIDTH:1.92237
G1 X307.894 Y25.301 E37.54895
;WIDTH:1.87557
G1 X307.79 Y25.485 E37.57658
;WIDTH:1.82876
G1 X307.585 Y25.54 E37.60358
G1 X307.435 Y25.39 E37.63057
G1 X307.49 Y25.184 E37.6577
G1 X307.695 Y25.129 E37.6847
G1 X307.845 Y25.28 E37.71178
G1 E35.71178 F2400
G92 E0
G1 X304.694 Y31.562 F7800
G1 E2 F2400
G1 F12000
G1 X304.489 Y31.617 E2.027
G1 X304.339 Y31.467 E2.05399
G1 X304.394 Y31.262 E2.08099
G1 X304.599 Y31.207 E2.10799
G1 X304.749 Y31.357 E2.13498
;WIDTH:1.87557
G1 X304.849 Y31.196 E2.15976
;WIDTH:1.92237
G1 X304.949 Y31.036 E2.18509
;WIDTH:1.96917
G1 X305.049 Y30.875 E2.21119
;WIDTH:2.01598
G1 X305.149 Y30.715 E2.23784
;WIDTH:2.06278
G1 X305.249 Y30.554 E2.26527
;WIDTH:2.10959
G1 X305.349 Y30.394 E2.29324
;WIDTH:2.15639
G1 X305.449 Y30.233 E2.322
;WIDTH:2.20319
G1 X305.549 Y30.073 E2.35129
;WIDTH:2.25
G1 X305.649 Y29.912 E2.38138
G1 X385.582 Y-50.021 E20.32612
G1 X384.8 Y-46.239 E20.93919
G1 X302.16 Y36.401 E39.49164
G1 X302.058 Y36.562 E39.5219
;WIDTH:2.20319
G1 X301.957 Y36.723 E39.5514
;WIDTH:2.15639
G1 X301.855 Y36.883 E39.58019
;WIDTH:2.10959
G1 X301.754 Y37.044 E39.60836
;WIDTH:2.06278
G1 X301.652 Y37.204 E39.63582
;WIDTH:2.01598
G1 X301.551 Y37.365 E39.66266
;WIDTH:1.96917
G1 X301.449 Y37.525 E39.68879
;WIDTH:1.92237
G1 X301.348 Y37.686 E39.7143
;WIDTH:1.87557
G1 X301.246 Y37.846 E39.7391
;WIDTH:1.82876
G1 X301.096 Y37.696 E39.76609
G1 X300.891 Y37.751 E39.79309
G1 X300.836 Y37.956 E39.82009
G1 X300.986 Y38.107 E39.84717
G1 X301.191 Y38.052 E39.87417
G1 E37.87417 F2400
G92 E0
G1 X297.342 Y44.868 F7800
G1 E2 F2400
G1 F12000
G1 X297.137 Y44.923 E2.027
G1 X296.987 Y44.773 E2.05399
G1 X297.042 Y44.568 E2.08099
G1 X297.247 Y44.513 E2.10799
G1 X297.397 Y44.663 E2.13498
;WIDTH:1.87557
G1 X297.502 Y44.502 E2.16011
;WIDTH:1.92237
G1 X297.608 Y44.342 E2.18587
;WIDTH:1.96917
G1 X297.713 Y44.181 E2.21234
;WIDTH:2.01598
G1 X297.818 Y44.021 E2.23937
;WIDTH:2.06278
G1 X297.923 Y43.86 E2.26719
;WIDTH:2.10959
G1 X298.028 Y43.7 E2.29556
;WIDTH:2.15639
G1 X298.133 Y43.539 E2.32473
;WIDTH:2.20319
G1 X298.238 Y43.378 E2.35457
;WIDTH:2.25
G1 X298.343 Y43.218 E2.38495
G1 X384.003 Y-42.442 E21.61538
G1 X384.819 Y-42.385 E21.74523
;WIDTH:1.82876
G1 X383.11 Y-35.242 E22.67961
G1 X382.068 Y-31.288 E23.19981
G1 E21.19981 F2400
G92 E0
G1 X383.074 Y-38.513 F7800
G1 E2 F2400
;WIDTH:2.25
G1 F12000
G1 X294.1 Y50.461 E21.97441
G1 X293.985 Y50.645 E22.00885
;WIDTH:2.20319
G1 X293.87 Y50.828 E22.0424
;WIDTH:2.15639
G1 X293.755 Y51.011 E22.0752
;WIDTH:2.10959
G1 X293.641 Y51.195 E22.10729
;WIDTH:2.06278
G1 X293.526 Y51.378 E22.13857
;WIDTH:2.01598
G1 X293.411 Y51.561 E22.16909
;WIDTH:1.96917
G1 X293.296 Y51.745 E22.19897
;WIDTH:1.92237
G1 X293.182 Y51.928 E22.22791
;WIDTH:1.87557
G1 X293.067 Y52.112 E22.25627
;WIDTH:1.82876
G1 X292.862 Y52.167 E22.28327
G1 X292.712 Y52.016 E22.31035
G1 X292.767 Y51.811 E22.33735
G1 X292.972 Y51.756 E22.36435
G1 X293.122 Y51.906 E22.39134
G1 E20.39134 F2400
G92 E0
G1 X288.249 Y59.901 F7800
G1 E2 F2400
;WIDTH:1.84663
G1 F12000
G1 X288.041 Y59.957 E2.02769
G1 X287.889 Y59.805 E2.05532
G1 X287.945 Y59.597 E2.08301
G1 X288.152 Y59.542 E2.11054
G1 X288.304 Y59.694 E2.13817
;WIDTH:1.89145
G1 X288.416 Y59.533 E2.16404
;WIDTH:1.93627
G1 X288.528 Y59.373 E2.19046
;WIDTH:1.98109
G1 X288.64 Y59.212 E2.21765
;WIDTH:2.0259
G1 X288.752 Y59.052 E2.24538
;WIDTH:2.07072
G1 X288.864 Y58.891 E2.27388
;WIDTH:2.11554
G1 X288.976 Y58.731 E2.30292
;WIDTH:2.16036
G1 X289.088 Y58.57 E2.33274
;WIDTH:2.20518
G1 X289.2 Y58.41 E2.36309
;WIDTH:2.25
G1 X289.312 Y58.249 E2.39422
G1 X382.113 Y-34.552 E23.22779
G1 X381.018 Y-30.458 E23.90053
G1 X283.752 Y66.808 E45.73648
G1 X283.624 Y66.989 E45.77167
;WIDTH:2.20355
G1 X283.496 Y67.169 E45.80596
;WIDTH:2.1571
G1 X283.368 Y67.35 E45.83961
;WIDTH:2.11066
G1 X283.239 Y67.53 E45.87245
;WIDTH:2.06421
G1 X283.111 Y67.711 E45.90456
;WIDTH:2.01776
G1 X282.983 Y67.891 E45.93578
;WIDTH:1.97131
G1 X282.855 Y68.071 E45.96624
;WIDTH:1.92486
G1 X282.726 Y68.252 E45.99612
;WIDTH:1.87842
G1 X282.572 Y68.097 E46.02473
G1 X282.36 Y68.154 E46.05347
G1 X282.304 Y68.365 E46.08205
G1 X282.458 Y68.52 E46.11066
G1 X282.67 Y68.463 E46.1394
G1 E44.1394 F2400
G92 E0
G1 X270.701 Y84.005 F7800
G1 E2 F2400
;WIDTH:1.87828
G1 F12000
G1 X273.339 Y80.908 E2.53263
;WIDTH:1.92779
G1 X275.977 Y77.812 E3.08024
;WIDTH:1.97382
G1 X276.158 Y77.598 E3.11894
;WIDTH:2.01985
G1 X276.34 Y77.383 E3.1588
;WIDTH:2.06588
G1 X276.522 Y77.169 E3.19952
;WIDTH:2.11191
G1 X276.704 Y76.955 E3.24121
;WIDTH:2.15794
G1 X276.885 Y76.74 E3.28389
;WIDTH:2.20397
G1 X277.067 Y76.526 E3.32752
;WIDTH:2.25
G1 X379.885 Y-26.325 E26.41358
G1 X379.999 Y-26.475 E26.44349
;WIDTH:2.20319
G1 X380.112 Y-26.625 E26.47264
;WIDTH:2.15639
G1 X380.226 Y-26.775 E26.50123
;WIDTH:2.10959
G1 X380.34 Y-26.925 E26.52916
;WIDTH:2.06278
G1 X380.453 Y-27.074 E26.55623
;WIDTH:2.01598
G1 X380.567 Y-27.224 E26.58284
;WIDTH:1.96917
G1 X380.68 Y-27.374 E26.60871
;WIDTH:1.92237
G1 X380.794 Y-27.524 E26.634
;WIDTH:1.87557
G1 X380.907 Y-27.674 E26.65855
;WIDTH:1.82876
G1 X380.702 Y-27.619 E26.68555
G1 X380.552 Y-27.77 E26.71263
G1 X380.607 Y-27.975 E26.73963
G1 X380.812 Y-28.03 E26.76663
G1 X380.962 Y-27.88 E26.79362
G1 E24.79362 F2400
G92 E0
G1 X379.71 Y-23.599 F7800
G1 E2 F2400
G1 F12000
G1 X379.559 Y-23.749 E2.02708
G1 X379.354 Y-23.694 E2.05408
G1 X379.299 Y-23.489 E2.08108
G1 X379.449 Y-23.339 E2.10807
G1 X379.655 Y-23.394 E2.1352
;WIDTH:1.87557
G1 X379.538 Y-23.244 E2.16007
;WIDTH:1.92237
G1 X379.421 Y-23.094 E2.1856
;WIDTH:1.96917
G1 X379.305 Y-22.944 E2.21172
;WIDTH:2.01598
G1 X379.188 Y-22.794 E2.23859
;WIDTH:2.06278
G1 X379.071 Y-22.644 E2.26612
;WIDTH:2.10959
G1 X378.955 Y-22.494 E2.29423
;WIDTH:2.15639
G1 X378.838 Y-22.344 E2.3231
;WIDTH:2.20319
G1 X378.721 Y-22.194 E2.35263
;WIDTH:2.25
G1 X269.151 Y87.443 E26.95831
;WIDTH:2.20206
G1 X268.935 Y87.693 E27.00957
;WIDTH:2.15411
G1 X268.719 Y87.943 E27.05965
;WIDTH:2.10617
G1 X268.503 Y88.193 E27.10854
;WIDTH:2.05823
G1 X268.287 Y88.443 E27.15625
;WIDTH:2.01028
G1 X268.071 Y88.693 E27.20277
;WIDTH:1.96234
G1 X266.316 Y90.723 E27.57098
;WIDTH:1.91781
G1 X264.561 Y92.753 E27.93025
;WIDTH:1.87329
G1 X262.806 Y94.784 E28.28068
;WIDTH:1.82876
G1 X262.036 Y95.67 E28.43002
G1 E26.43002 F2400
G92 E0
G1 X252.715 Y107.991 F7800
G1 E2 F2400
G1 F12000
G1 X256.053 Y104.177 E2.6448
;WIDTH:1.87644
G1 X257.098 Y102.974 E2.85321
;WIDTH:1.92413
G1 X258.143 Y101.772 E3.06721
;WIDTH:1.97181
G1 X259.188 Y100.569 E3.28699
;WIDTH:2.01818
G1 X259.405 Y100.32 E3.33369
;WIDTH:2.06454
G1 X259.622 Y100.07 E3.38165
;WIDTH:2.11091
G1 X259.839 Y99.82 E3.43075
;WIDTH:2.15727
G1 X260.056 Y99.57 E3.481
;WIDTH:2.20363
G1 X260.274 Y99.32 E3.5325
;WIDTH:2.25
G1 X377.41 Y-17.883 E29.83673
;WIDTH:2.20319
G1 X377.526 Y-18.033 E29.86617
;WIDTH:2.15639
G1 X377.643 Y-18.183 E29.89504
;WIDTH:2.10959
G1 X377.76 Y-18.333 E29.92324
;WIDTH:2.06278
G1 X377.876 Y-18.483 E29.95068
;WIDTH:2.01598
G1 X377.993 Y-18.632 E29.97744
;WIDTH:1.96917
G1 X378.11 Y-18.782 E30.00364
;WIDTH:1.92237
G1 X378.226 Y-18.932 E30.02909
;WIDTH:1.87557
G1 X378.343 Y-19.082 E30.05396
;WIDTH:1.82876
G1 X378.138 Y-19.027 E30.08096
G1 X377.988 Y-19.178 E30.10804
G1 X378.043 Y-19.383 E30.13504
G1 X378.248 Y-19.438 E30.16204
G1 X378.398 Y-19.288 E30.18903
G1 E28.18903 F2400
G92 E0
G1 X376.935 Y-14.797 F7800
G1 E2 F2400
G1 F12000
G1 X376.784 Y-14.948 E2.02717
G1 X376.579 Y-14.893 E2.05417
G1 X376.524 Y-14.688 E2.08117
G1 X376.674 Y-14.537 E2.10825
G1 X376.88 Y-14.592 E2.13538
;WIDTH:1.87557
G1 X376.76 Y-14.442 E2.16049
;WIDTH:1.92237
G1 X376.64 Y-14.292 E2.18627
;WIDTH:1.96917
G1 X376.521 Y-14.142 E2.21264
;WIDTH:2.01598
G1 X376.401 Y-13.992 E2.23977
;WIDTH:2.06278
G1 X376.281 Y-13.842 E2.26757
;WIDTH:2.10959
G1 X376.162 Y-13.692 E2.29595
;WIDTH:2.15639
G1 X376.042 Y-13.542 E2.3251
;WIDTH:2.20319
G1 X375.922 Y-13.393 E2.3548
;WIDTH:2.25
G1 X250.811 Y111.781 E30.44894
;WIDTH:2.20589
G1 X250.592 Y112.03 E30.50049
;WIDTH:2.16177
G1 X250.373 Y112.28 E30.55106
;WIDTH:2.11766
G1 X250.154 Y112.53 E30.60053
;WIDTH:2.07355
G1 X249.936 Y112.78 E30.64881
;WIDTH:2.02944
G1 X249.717 Y113.03 E30.69608
;WIDTH:1.98532
G1 X248.036 Y114.951 E31.05074
;WIDTH:1.94618
G1 X246.355 Y116.872 E31.39792
;WIDTH:1.90704
G1 X244.674 Y118.792 E31.73752
;WIDTH:1.8679
G1 X242.993 Y120.713 E32.06974
G1 E30.06974 F2400
G92 E0
G1 X232.54 Y134.166 F7800
G1 E2 F2400
;WIDTH:1.87218
G1 F12000
G1 X234.377 Y132.086 E2.36206
;WIDTH:1.9156
G1 X236.213 Y130.007 E2.73295
;WIDTH:1.95901
G1 X238.05 Y127.928 E3.11294
;WIDTH:2.00243
G1 X239.887 Y125.848 E3.50205
;WIDTH:2.05194
G1 X240.152 Y125.548 E3.55966
;WIDTH:2.10146
G1 X240.417 Y125.248 E3.61875
;WIDTH:2.15097
G1 X240.682 Y124.948 E3.67933
;WIDTH:2.20048
G1 X240.947 Y124.648 E3.74139
;WIDTH:2.25
G1 X374.392 Y-8.861 E33.7066
;WIDTH:2.20319
G1 X374.513 Y-9.011 E33.73652
;WIDTH:2.15639
G1 X374.634 Y-9.161 E33.76576
;WIDTH:2.10959
G1 X374.755 Y-9.311 E33.79433
;WIDTH:2.06278
G1 X374.876 Y-9.461 E33.82222
;WIDTH:2.01598
G1 X374.997 Y-9.611 E33.84944
;WIDTH:1.96917
G1 X375.117 Y-9.761 E33.8759
;WIDTH:1.92237
G1 X375.238 Y-9.911 E33.90177
;WIDTH:1.87557
G1 X375.359 Y-10.061 E33.92696
;WIDTH:1.82876
G1 X375.154 Y-10.006 E33.95396
G1 X375.004 Y-10.156 E33.98095
G1 X375.059 Y-10.362 E34.00808
G1 X375.264 Y-10.417 E34.03508
G1 X375.414 Y-10.266 E34.06216
G1 E32.06216 F2400
G92 E0
G1 X373.738 Y-5.575 F7800
G1 E2 F2400
G1 F12000
G1 X373.588 Y-5.726 E2.02708
G1 X373.382 Y-5.671 E2.05421
G1 X373.327 Y-5.465 E2.08134
G1 X373.478 Y-5.315 E2.10842
G1 X373.683 Y-5.37 E2.13542
;WIDTH:1.87557
G1 X373.56 Y-5.22 E2.16078
;WIDTH:1.92237
G1 X373.438 Y-5.07 E2.18673
;WIDTH:1.96917
G1 X373.315 Y-4.92 E2.21345
;WIDTH:2.01598
G1 X373.193 Y-4.77 E2.24076
;WIDTH:2.06278
G1 X373.07 Y-4.62 E2.26884
;WIDTH:2.10959
G1 X372.948 Y-4.47 E2.2975
;WIDTH:2.15639
G1 X372.825 Y-4.32 E2.32693
;WIDTH:2.20319
G1 X372.703 Y-4.17 E2.35695
;WIDTH:2.25
G1 X230.391 Y138.204 E34.31256
;WIDTH:2.20048
G1 X230.126 Y138.504 E34.37462
;WIDTH:2.15097
G1 X229.861 Y138.804 E34.4352
;WIDTH:2.10146
G1 X229.596 Y139.104 E34.49429
;WIDTH:2.05194
G1 X229.331 Y139.404 E34.5519
;WIDTH:2.00243
G1 X229.069 Y139.7 E34.60733
;WIDTH:1.95901
G1 X228.808 Y139.996 E34.66138
;WIDTH:1.9156
G1 X228.546 Y140.292 E34.71424
;WIDTH:1.87218
G1 X228.285 Y140.588 E34.76573
;WIDTH:1.82876
G1 X221.487 Y148.218 E36.0658
G1 E34.0658 F2400
G92 E0
G1 X209.793 Y162.913 F7800
G1 E2 F2400
G1 F12000
G1 X214.093 Y158.115 E2.81966
;WIDTH:1.87621
G1 X215.083 Y157.004 E3.01426
;WIDTH:1.92365
G1 X216.073 Y155.893 E3.21414
;WIDTH:1.9711
G1 X217.063 Y154.782 E3.41931
;WIDTH:2.01855
G1 X218.052 Y153.671 E3.62967
;WIDTH:2.06484
G1 X218.32 Y153.371 E3.68795
;WIDTH:2.11113
G1 X218.587 Y153.071 E3.74753
;WIDTH:2.15742
G1 X218.854 Y152.771 E3.8085
;WIDTH:2.20371
G1 X219.121 Y152.471 E3.87086
;WIDTH:2.25
G1 X370.92 Y.615 E37.95571
;WIDTH:2.20319
G1 X371.046 Y.465 E37.98612
;WIDTH:2.15639
G1 X371.171 Y.315 E38.01575
;WIDTH:2.10959
G1 X371.296 Y.165 E38.04469
;WIDTH:2.06278
G1 X371.421 Y.015 E38.07295
;WIDTH:2.01598
G1 X371.547 Y-.135 E38.10062
;WIDTH:1.96917
G1 X371.672 Y-.285 E38.12751
;WIDTH:1.92237
G1 X371.797 Y-.435 E38.15372
;WIDTH:1.87557
G1 X371.922 Y-.585 E38.17924
;WIDTH:1.82876
G1 X371.717 Y-.53 E38.20624
G1 X371.567 Y-.68 E38.23323
G1 X371.622 Y-.885 E38.26023
G1 X371.827 Y-.94 E38.28723
G1 X371.977 Y-.79 E38.31422
G1 E36.31422 F2400
G92 E0
G1 X370.084 Y4.103 F7800
G1 E2 F2400
G1 F12000
G1 X369.934 Y3.953 E2.02699
G1 X369.728 Y4.008 E2.05412
G1 X369.673 Y4.213 E2.08112
G1 X369.824 Y4.363 E2.1082
G1 X370.029 Y4.308 E2.1352
;WIDTH:1.87557
G1 X369.904 Y4.458 E2.16072
;WIDTH:1.92237
G1 X369.778 Y4.608 E2.18701
;WIDTH:1.96917
G1 X369.653 Y4.758 E2.2139
;WIDTH:2.01598
G1 X369.528 Y4.908 E2.24148
;WIDTH:2.06278
G1 X369.403 Y5.058 E2.26974
;WIDTH:2.10959
G1 X369.277 Y5.208 E2.29878
;WIDTH:2.15639
G1 X369.152 Y5.358 E2.32841
;WIDTH:2.20319
G1 X369.027 Y5.508 E2.35872
;WIDTH:2.25
G1 X207.251 Y167.338 E38.68304
;WIDTH:2.20814
G1 X206.981 Y167.638 E38.74585
;WIDTH:2.16628
G1 X206.711 Y167.938 E38.80739
;WIDTH:2.12443
G1 X206.44 Y168.238 E38.86777
;WIDTH:2.08257
G1 X206.17 Y168.538 E38.92678
;WIDTH:2.04071
G1 X204.343 Y170.564 E39.31712
;WIDTH:1.99832
G1 X202.516 Y172.591 E39.69891
;WIDTH:1.95593
G1 X200.689 Y174.617 E40.07194
;WIDTH:1.91354
G1 X198.862 Y176.644 E40.43642
;WIDTH:1.87115
G1 X197.035 Y178.67 E40.79214
G1 E38.79214 F2400
G92 E0
G1 X183.331 Y195.374 F7800
G1 E2 F2400
;WIDTH:1.87265
G1 F12000
G1 X185.31 Y193.195 E2.38415
;WIDTH:1.91655
G1 X187.289 Y191.015 E2.77806
;WIDTH:1.96044
G1 X189.268 Y188.836 E3.18154
;WIDTH:2.00433
G1 X191.246 Y186.657 E3.5946
;WIDTH:2.04823
G1 X193.225 Y184.477 E4.01753
;WIDTH:2.08858
G1 X193.497 Y184.177 E4.07692
;WIDTH:2.12893
G1 X193.768 Y183.877 E4.13743
;WIDTH:2.16929
G1 X194.04 Y183.577 E4.19927
;WIDTH:2.20964
G1 X194.311 Y183.277 E4.26223
;WIDTH:2.25
G1 X366.961 Y10.577 E43.02729
;WIDTH:2.20319
G1 X367.088 Y10.427 E43.0578
;WIDTH:2.15639
G1 X367.216 Y10.277 E43.08772
;WIDTH:2.10959
G1 X367.344 Y10.127 E43.11695
;WIDTH:2.06278
G1 X367.472 Y9.977 E43.14549
;WIDTH:2.01598
G1 X367.6 Y9.827 E43.17334
;WIDTH:1.96917
G1 X367.728 Y9.677 E43.2005
;WIDTH:1.92237
G1 X367.856 Y9.527 E43.22697
;WIDTH:1.87557
G1 X367.983 Y9.377 E43.25266
;WIDTH:1.82876
G1 X367.778 Y9.432 E43.27966
G1 X367.628 Y9.282 E43.30665
G1 X367.683 Y9.077 E43.33365
G1 X367.888 Y9.022 E43.36065
G1 X368.038 Y9.172 E43.38764
G1 E41.38764 F2400
G92 E0
G1 X365.894 Y14.337 F7800
G1 E2 F2400
G1 F12000
G1 X365.743 Y14.186 E2.02717
G1 X365.538 Y14.241 E2.05417
G1 X365.483 Y14.447 E2.0813
G1 X365.633 Y14.597 E2.10829
G1 X365.839 Y14.542 E2.13542
;WIDTH:1.87557
G1 X365.709 Y14.692 E2.16137
;WIDTH:1.92237
G1 X365.579 Y14.842 E2.18801
;WIDTH:1.96917
G1 X365.448 Y14.992 E2.21544
;WIDTH:2.01598
G1 X365.318 Y15.142 E2.24347
;WIDTH:2.06278
G1 X365.188 Y15.292 E2.2722
;WIDTH:2.10959
G1 X365.058 Y15.442 E2.30162
;WIDTH:2.15639
G1 X364.928 Y15.592 E2.33174
;WIDTH:2.20319
G1 X364.798 Y15.742 E2.36255
;WIDTH:2.25
G1 X180.283 Y200.309 E43.79149
;WIDTH:2.20299
G1 X179.942 Y200.684 E43.87017
;WIDTH:2.15599
G1 X179.6 Y201.059 E43.94717
;WIDTH:2.10898
G1 X179.258 Y201.434 E44.02238
;WIDTH:2.06198
G1 X177.096 Y203.799 E44.48595
;WIDTH:2.01533
G1 X174.933 Y206.165 E44.93854
;WIDTH:1.96869
G1 X172.77 Y208.53 E45.37984
;WIDTH:1.92205
G1 X170.608 Y210.895 E45.80986
;WIDTH:1.8754
G1 X168.445 Y213.26 E46.22878
G1 E44.22878 F2400
G92 E0
G1 X151.845 Y232.861 F7800
G1 E2 F2400
;WIDTH:1.87128
G1 F12000
G1 X153.862 Y230.672 E2.38815
;WIDTH:1.9138
G1 X155.88 Y228.483 E2.78586
;WIDTH:1.95632
G1 X157.897 Y226.294 E3.19295
;WIDTH:1.99884
G1 X159.915 Y224.105 E3.60961
;WIDTH:2.04136
G1 X161.932 Y221.916 E4.03565
;WIDTH:2.08388
G1 X163.95 Y219.727 E4.47126
;WIDTH:2.12541
G1 X164.296 Y219.352 E4.5475
;WIDTH:2.16694
G1 X164.641 Y218.977 E4.62522
;WIDTH:2.20847
G1 X164.987 Y218.602 E4.70463
;WIDTH:2.25
G1 X362.473 Y21.067 E49.04519
;WIDTH:2.20319
G1 X362.603 Y20.917 E49.076
;WIDTH:2.15639
G1 X362.734 Y20.767 E49.10622
;WIDTH:2.10959
G1 X362.864 Y20.617 E49.13564
;WIDTH:2.06278
G1 X362.994 Y20.467 E49.16437
;WIDTH:2.01598
G1 X363.125 Y20.317 E49.1925
;WIDTH:1.96917
G1 X363.255 Y20.167 E49.21984
;WIDTH:1.92237
G1 X363.385 Y20.017 E49.24648
;WIDTH:1.87557
G1 X363.516 Y19.867 E49.27251
;WIDTH:1.82876
G1 X363.311 Y19.922 E49.29951
G1 X363.16 Y19.772 E49.32659
G1 X363.215 Y19.567 E49.35359
G1 X363.421 Y19.512 E49.38072
G1 X363.571 Y19.662 E49.40771
G1 E47.40771 F2400
G92 E0
G1 X361.086 Y25.169 F7800
G1 E2 F2400
G1 F12000
G1 X360.935 Y25.018 E2.02717
G1 X360.73 Y25.073 E2.05417
G1 X360.675 Y25.279 E2.0813
G1 X360.825 Y25.429 E2.10829
G1 X361.031 Y25.374 E2.13542
;WIDTH:1.87557
G1 X360.898 Y25.524 E2.16163
;WIDTH:1.92237
G1 X360.765 Y25.674 E2.18854
;WIDTH:1.96917
G1 X360.632 Y25.824 E2.21615
;WIDTH:2.01598
G1 X360.5 Y25.974 E2.24437
;WIDTH:2.06278
G1 X360.367 Y26.124 E2.27338
;WIDTH:2.10959
G1 X360.234 Y26.274 E2.3031
;WIDTH:2.15639
G1 X360.101 Y26.424 E2.33352
;WIDTH:2.20319
G1 X359.969 Y26.574 E2.36454
;WIDTH:2.25
G1 X148.113 Y238.475 E49.93067
;WIDTH:2.20847
G1 X147.768 Y238.85 E50.00998
;WIDTH:2.16694
G1 X147.422 Y239.225 E50.08781
;WIDTH:2.12541
G1 X147.076 Y239.6 E50.16405
;WIDTH:2.08388
G1 X146.768 Y239.935 E50.23063
;WIDTH:2.04686
G1 X144.159 Y242.744 E50.78093
;WIDTH:2.00324
G1 X141.551 Y245.553 E51.31862
;WIDTH:1.95962
G1 X138.942 Y248.362 E51.84389
;WIDTH:1.916
G1 X136.333 Y251.172 E52.35674
;WIDTH:1.87238
G1 X133.724 Y253.981 E52.85698
G1 E50.85698 F2400
G92 E0
G1 X112.607 Y278.098 F7800
G1 E2 F2400
;WIDTH:1.82876
G1 F12000
G1 X121.628 Y268.49 E3.67666
;WIDTH:1.87558
G1 X122.709 Y267.333 E3.88365
;WIDTH:1.92241
G1 X123.789 Y266.175 E4.0962
;WIDTH:1.96923
G1 X124.87 Y265.018 E4.31429
;WIDTH:2.01605
G1 X125.951 Y263.86 E4.53803
;WIDTH:2.06287
G1 X127.032 Y262.703 E4.76721
;WIDTH:2.1097
G1 X128.113 Y261.545 E5.00205
;WIDTH:2.15646
G1 X128.58 Y261.045 E5.10587
;WIDTH:2.20323
G1 X129.047 Y260.545 E5.21208
;WIDTH:2.25
G1 X357.325 Y32.219 E56.46524
;WIDTH:2.20319
G1 X357.46 Y32.069 E56.49657
;WIDTH:2.15639
G1 X357.595 Y31.919 E56.52719
;WIDTH:2.10959
G1 X357.73 Y31.77 E56.55699
;WIDTH:2.06278
G1 X357.865 Y31.62 E56.5862
;WIDTH:2.01598
G1 X358 Y31.47 E56.6147
;WIDTH:1.96917
G1 X358.135 Y31.32 E56.64249
;WIDTH:1.92237
G1 X358.27 Y31.17 E56.66958
;WIDTH:1.87557
G1 X358.405 Y31.02 E56.69596
;WIDTH:1.82876
G1 X358.2 Y31.075 E56.72296
G1 X358.05 Y30.924 E56.75004
G1 X358.105 Y30.719 E56.77704
G1 X358.31 Y30.664 E56.80404
G1 X358.46 Y30.814 E56.83103
G1 E54.83103 F2400
G92 E0
G1 X355.658 Y36.619 F7800
G1 E2 F2400
G1 F12000
G1 X355.507 Y36.469 E2.02708
G1 X355.302 Y36.524 E2.05408
G1 X355.247 Y36.729 E2.08108
G1 X355.397 Y36.879 E2.10807
G1 X355.603 Y36.824 E2.1352
;WIDTH:1.87557
G1 X355.467 Y36.974 E2.16167
;WIDTH:1.92237
G1 X355.332 Y37.124 E2.18876
;WIDTH:1.96917
G1 X355.197 Y37.274 E2.21655
;WIDTH:2.01598
G1 X355.062 Y37.424 E2.24505
;WIDTH:2.06278
G1 X354.926 Y37.574 E2.27435
;WIDTH:2.10959
G1 X354.791 Y37.724 E2.30426
;WIDTH:2.15639
G1 X354.656 Y37.874 E2.33488
;WIDTH:2.20319
G1 X354.521 Y38.024 E2.36621
;WIDTH:2.25
G1 X107.167 Y285.419 E57.90109
;WIDTH:2.21167
G1 X106.694 Y285.919 E58.00838
;WIDTH:2.17333
G1 X106.221 Y286.419 E58.11369
;WIDTH:2.135
G1 X103.567 Y289.225 E58.69357
;WIDTH:2.09125
G1 X100.913 Y292.031 E59.2608
;WIDTH:2.0475
G1 X98.259 Y294.837 E59.81539
;WIDTH:2.00375
G1 X95.605 Y297.643 E60.35733
;WIDTH:1.96001
G1 X92.952 Y300.449 E60.88653
;WIDTH:1.91626
G1 X90.298 Y303.255 E61.40318
;WIDTH:1.87251
G1 X87.644 Y306.061 E61.90719
G1 E59.90719 F2400
G92 E0
G1 X54.471 Y342.234 F7800
G1 E2 F2400
;WIDTH:1.82876
G1 F12000
G1 X73.174 Y322.774 E5.43375
;WIDTH:1.87484
G1 X74.112 Y321.792 E5.6112
;WIDTH:1.92091
G1 X75.049 Y320.809 E5.79333
;WIDTH:1.96699
G1 X75.986 Y319.826 E5.98015
;WIDTH:2.01306
G1 X76.923 Y318.843 E6.17165
;WIDTH:2.05914
G1 X77.86 Y317.86 E6.36783
;WIDTH:2.10521
G1 X78.798 Y316.877 E6.5688
;WIDTH:2.15128
G1 X79.735 Y315.894 E6.77435
;WIDTH:2.20064
G1 X80.45 Y315.144 E6.93501
;WIDTH:2.25
G1 X351.471 Y44.076 E67.78374
;WIDTH:2.20319
G1 X351.608 Y43.926 E67.81528
;WIDTH:2.15639
G1 X351.745 Y43.776 E67.84611
;WIDTH:2.10959
G1 X351.882 Y43.626 E67.87622
;WIDTH:2.06278
G1 X352.02 Y43.476 E67.90572
;WIDTH:2.01598
G1 X352.157 Y43.326 E67.93441
;WIDTH:1.96917
G1 X352.294 Y43.176 E67.96239
;WIDTH:1.92237
G1 X352.431 Y43.026 E67.98966
;WIDTH:1.87557
G1 X352.569 Y42.876 E68.0163
;WIDTH:1.82876
G1 X352.363 Y42.931 E68.04343
G1 X352.213 Y42.781 E68.07042
G1 X352.268 Y42.575 E68.09755
G1 X352.473 Y42.52 E68.12455
G1 X352.624 Y42.671 E68.15172
G1 E66.15172 F2400
G92 E0
G1 X12.112 Y-297.527 F7800
G1 E2 F2400
;WIDTH:2.25
G1 F12000
G1 X73.964 Y-359.379 E15.8856
G1 X74.093 Y-359.545 E15.91897
;WIDTH:2.20319
G1 X74.222 Y-359.712 E15.95173
;WIDTH:2.15639
G1 X74.352 Y-359.879 E15.98384
;WIDTH:2.10959
G1 X74.481 Y-360.045 E16.015
;WIDTH:2.06278
G1 X74.61 Y-360.212 E16.04554
;WIDTH:2.01598
G1 X74.739 Y-360.379 E16.07534
;WIDTH:1.96917
G1 X74.868 Y-360.545 E16.10429
;WIDTH:1.92237
G1 X74.997 Y-360.712 E16.13261
;WIDTH:1.87557
G1 X75.127 Y-360.879 E16.16028
;WIDTH:1.82876
G1 X77.34 Y-363.606 E16.60707
G1 X79.237 Y-365.797 E16.97577
G1 E14.97577 F2400
G92 E0
G1 X72.15 Y-354.871 F7800
G1 E2 F2400
G1 F12000
G1 X72 Y-355.021 E2.02699
G1 X71.795 Y-354.966 E2.05399
G1 X71.74 Y-354.761 E2.08099
G1 X71.89 Y-354.611 E2.10798
G1 X72.095 Y-354.666 E2.13498
;WIDTH:1.87557
G1 X71.963 Y-354.516 E2.1611
;WIDTH:1.92237
G1 X71.83 Y-354.366 E2.18801
;WIDTH:1.96917
G1 X71.697 Y-354.216 E2.21562
;WIDTH:2.01598
G1 X71.565 Y-354.066 E2.24384
;WIDTH:2.06278
G1 X71.432 Y-353.916 E2.27285
;WIDTH:2.10959
G1 X71.299 Y-353.766 E2.30257
;WIDTH:2.15639
G1 X71.167 Y-353.616 E2.33289
;WIDTH:2.20319
G1 X71.034 Y-353.466 E2.36401
;WIDTH:2.25
G1 X12.841 Y-295.256 E15.43008
G1 X13.57 Y-292.985 E15.80871
G1 X69.006 Y-348.447 E28.25686
;WIDTH:2.20319
G1 X69.129 Y-348.597 E28.28697
;WIDTH:2.15639
G1 X69.253 Y-348.747 E28.3165
;WIDTH:2.10959
G1 X69.376 Y-348.897 E28.34526
;WIDTH:2.06278
G1 X69.5 Y-349.047 E28.37343
;WIDTH:2.01598
G1 X69.623 Y-349.197 E28.40083
;WIDTH:1.96917
G1 X69.747 Y-349.347 E28.42763
;WIDTH:1.92237
G1 X69.87 Y-349.497 E28.45367
;WIDTH:1.87557
G1 X69.994 Y-349.647 E28.47911
;WIDTH:1.82876
G1 X69.789 Y-349.592 E28.50611
G1 X69.638 Y-349.742 E28.53319
G1 X69.693 Y-349.947 E28.56019
G1 X69.899 Y-350.002 E28.58732
G1 X70.049 Y-349.852 E28.61431
G1 E26.61431 F2400
G92 E0
G1 X68.5 Y-345.361 F7800
G1 E2 F2400
G1 F12000
G1 X68.35 Y-345.511 E2.02699
G1 X68.144 Y-345.456 E2.05412
G1 X68.089 Y-345.251 E2.08112
G1 X68.24 Y-345.101 E2.1082
G1 X68.445 Y-345.156 E2.1352
;WIDTH:1.87557
G1 X68.328 Y-345.006 E2.16007
;WIDTH:1.92237
G1 X68.211 Y-344.856 E2.1856
;WIDTH:1.96917
G1 X68.094 Y-344.706 E2.2118
;WIDTH:2.01598
G1 X67.977 Y-344.556 E2.23867
;WIDTH:2.06278
G1 X67.859 Y-344.406 E2.26629
;WIDTH:2.10959
G1 X67.742 Y-344.256 E2.29449
;WIDTH:2.15639
G1 X67.625 Y-344.106 E2.32336
;WIDTH:2.20319
G1 X67.508 Y-343.956 E2.35289
;WIDTH:2.25
G1 X14.288 Y-290.703 E14.30434
G1 X15.003 Y-288.418 E14.68441
G1 X66.233 Y-339.648 E26.1854
G1 X66.32 Y-339.625 E26.19969
;WIDTH:2.20319
G1 X66.407 Y-339.601 E26.2137
;WIDTH:2.15639
G1 X66.494 Y-339.577 E26.22739
;WIDTH:2.10959
G1 X66.581 Y-339.554 E26.24073
;WIDTH:2.06278
G1 X66.668 Y-339.53 E26.25379
;WIDTH:2.01598
G1 X66.755 Y-339.507 E26.2665
;WIDTH:1.96917
G1 X66.842 Y-339.483 E26.27893
;WIDTH:1.92237
G1 X66.929 Y-339.459 E26.29104
;WIDTH:1.87557
G1 X67.016 Y-339.436 E26.3028
;WIDTH:1.82876
G1 X67.237 Y-340.339 E26.42107
G1 X67.23 Y-340.645 E26.46001
G1 X67.097 Y-341.148 E26.5262
G1 E24.5262 F2400
G92 E0
G1 X65.322 Y-335.737 F7800
G1 E2 F2400
;WIDTH:2.25
G1 F12000
G1 X15.717 Y-286.132 E13.13618
G1 X16.432 Y-283.847 E13.51625
G1 X64.587 Y-332.003 E24.32703
G1 X64.007 Y-328.423 E24.90274
G1 X17.146 Y-281.562 E35.4229
G1 X17.861 Y-279.276 E35.80312
G1 X63.543 Y-324.959 E46.05871
G1 X63.176 Y-321.592 E46.59637
G1 X18.575 Y-276.991 E56.60917
G1 X19.29 Y-274.706 E56.98924
G1 X62.896 Y-318.312 E66.77867
G1 X62.692 Y-315.108 E67.28831
G1 X20.004 Y-272.42 E76.87165
G1 X20.719 Y-270.135 E77.25172
G1 X62.554 Y-311.97 E86.64356
G1 X62.506 Y-308.922 E87.12747
G1 X21.426 Y-267.842 E96.34982
G1 X22.125 Y-265.541 E96.73157
G1 X62.54 Y-305.956 E105.80462
G1 X62.646 Y-303.063 E106.26417
G1 X22.823 Y-263.24 E115.20432
G1 X23.522 Y-260.939 E115.58607
G1 X62.825 Y-300.241 E124.40937
G1 X63.04 Y-297.457 E124.85263
G1 X24.221 Y-258.638 E133.56739
G1 X24.92 Y-256.336 E133.94929
G1 X63.285 Y-294.701 E142.56213
G1 X63.575 Y-291.992 E142.99462
G1 X25.616 Y-254.033 E151.51631
G1 X26.299 Y-251.716 E151.89977
G1 X63.875 Y-289.292 E160.33548
G1 X64.212 Y-286.629 E160.76159
G1 X26.983 Y-249.4 E169.1194
G1 X27.666 Y-247.083 E169.50286
G1 X64.556 Y-283.973 E177.78456
G1 X64.926 Y-281.344 E178.20601
G1 X28.35 Y-244.767 E186.41733
G1 X29.033 Y-242.45 E186.80079
G1 X65.303 Y-278.72 E194.9433
G1 X65.703 Y-276.12 E195.36089
G1 X29.712 Y-240.13 E203.44066
G1 X30.382 Y-237.799 E203.82567
G1 X66.103 Y-273.52 E211.84493
G1 X66.527 Y-270.945 E212.2592
G1 X31.052 Y-235.469 E220.22335
G1 X31.713 Y-233.131 E220.60904
G1 X66.953 Y-268.37 E228.52021
G1 X67.393 Y-265.811 E228.9324
G1 X32.367 Y-230.785 E236.79564
G1 X33.021 Y-228.439 E237.18225
G1 X67.839 Y-263.257 E244.99879
G1 X68.292 Y-260.71 E245.40945
G1 X33.675 Y-226.094 E253.18076
G1 X34.329 Y-223.748 E253.56737
G1 X68.757 Y-258.175 E261.29625
G1 X69.223 Y-255.641 E261.70525
G1 X34.978 Y-221.397 E269.39304
G1 X35.614 Y-219.033 E269.78165
G1 X69.707 Y-253.126 E277.43543
G1 X70.197 Y-250.615 E277.84155
G1 X36.25 Y-216.669 E285.46244
G1 X36.869 Y-214.288 E285.85297
G1 X70.686 Y-248.105 E293.44479
G1 X71.175 Y-245.594 E293.85088
G1 X37.484 Y-211.903 E301.41442
G1 X38.099 Y-209.518 E301.80541
G1 X71.664 Y-243.083 E309.34066
G1 X72.166 Y-240.585 E309.74513
G1 X38.714 Y-207.133 E317.25501
G1 X39.324 Y-204.744 E317.64642
G1 X72.675 Y-238.094 E325.13351
G1 X73.185 Y-235.604 E325.53699
G1 X39.915 Y-202.335 E333.0059
G1 X40.505 Y-199.925 E333.39977
G1 X73.708 Y-233.128 E340.85375
G1 X74.235 Y-230.654 E341.25529
G1 X41.068 Y-197.487 E348.70119
G1 X41.63 Y-195.05 E349.0982
G1 X74.761 Y-228.181 E356.53602
G1 X75.288 Y-225.708 E356.93741
G1 X42.192 Y-192.612 E364.36737
G1 X42.754 Y-190.174 E364.76454
G1 X75.815 Y-223.235 E372.18664
G1 X76.343 Y-220.763 E372.58791
G1 X43.283 Y-187.703 E380.00979
G1 X43.81 Y-185.23 E380.41118
G1 X76.884 Y-218.305 E387.83631
G1 X77.426 Y-215.846 E388.23603
G1 X44.313 Y-182.733 E395.66981
G1 X44.807 Y-180.227 E396.07528
G1 X77.969 Y-213.39 E403.52017
G1 X78.523 Y-210.944 E403.91829
G1 X45.281 Y-177.702 E411.38103
G1 X45.735 Y-175.156 E411.79157
G1 X79.078 Y-208.498 E419.27687
G1 X79.632 Y-206.053 E419.67484
G1 X46.176 Y-172.597 E427.18562
G1 X46.582 Y-170.002 E427.60257
G1 X80.186 Y-203.607 E435.14669
G1 X80.74 Y-201.161 E435.54481
G1 X46.965 Y-167.386 E443.1272
G1 X47.323 Y-164.744 E443.55043
G1 X81.297 Y-198.718 E451.1775
G1 X81.865 Y-196.287 E451.5738
G1 X47.639 Y-162.06 E459.25755
G1 X47.911 Y-159.332 E459.69275
G1 X82.434 Y-193.856 E467.44318
G1 X83.003 Y-191.425 E467.83952
G1 X48.139 Y-156.56 E475.6665
G1 X48.307 Y-153.728 E476.11685
G1 X83.572 Y-188.994 E484.03386
G1 X84.141 Y-186.563 E484.4302
G1 X48.401 Y-150.822 E492.45384
G1 X48.404 Y-147.826 E492.92944
G1 X84.71 Y-184.131 E501.07992
G1 X85.29 Y-181.712 E501.4748
G1 X48.28 Y-144.702 E509.78344
G1 X47.986 Y-141.408 E510.30842
G1 X85.872 Y-179.294 E518.81372
G1 X86.453 Y-176.875 E519.20864
G1 X47.433 Y-137.855 E527.96852
G1 E525.96852 F2400
G92 E0
G1 X45.444 Y-132.317 F7800
G1 E2 F2400
;WIDTH:1.82876
G1 F12000
G1 X45.349 Y-132.771 E2.05901
G1 X45.355 Y-133.125 E2.10405
G1 X45.769 Y-134.555 E2.29345
;WIDTH:1.87557
G1 X45.838 Y-134.473 E2.30746
;WIDTH:1.92237
G1 X45.908 Y-134.391 E2.32193
;WIDTH:1.96917
G1 X45.977 Y-134.309 E2.33669
;WIDTH:2.01598
G1 X46.047 Y-134.227 E2.35192
;WIDTH:2.06278
G1 X46.117 Y-134.145 E2.36752
;WIDTH:2.10959
G1 X46.186 Y-134.063 E2.38341
;WIDTH:2.15639
G1 X46.256 Y-133.981 E2.39977
;WIDTH:2.20319
G1 X46.325 Y-133.899 E2.41641
;WIDTH:2.25
G1 X46.395 Y-133.817 E2.43352
G1 X87.034 Y-174.456 E11.55686
G1 E9.55686 F2400
G92 E0
G1 X-130.682 Y-252.997 F7800
G1 E2 F2400
;WIDTH:1.82876
G1 F12000
G1 X-133.004 Y-251.021 E2.38789
;WIDTH:1.85953
G1 X-134.022 Y-250.113 E2.56457
;WIDTH:1.90393
G1 X-134.521 Y-249.645 E2.65545
;WIDTH:1.94834
G1 X-135.02 Y-249.178 E2.74851
;WIDTH:1.99274
G1 X-135.519 Y-248.71 E2.84394
;WIDTH:2.03715
G1 X-137.865 Y-246.386 E3.31555
;WIDTH:2.02351
G1 X-138.296 Y-245.919 E3.40566
;WIDTH:1.97483
G1 X-138.727 Y-245.452 E3.49345
;WIDTH:1.92614
G1 X-139.158 Y-244.985 E3.57893
;WIDTH:1.87745
G1 X-139.589 Y-244.518 E3.66209
;WIDTH:1.82876
G1 X-140.407 Y-243.577 E3.82071
G1 E1.82071 F2400
G92 E0
G1 X-143.937 Y-236.826 F7800
G1 E2 F2400
G1 F12000
G1 X-144.087 Y-236.976 E2.02699
G1 X-144.293 Y-236.921 E2.05412
G1 X-144.348 Y-236.716 E2.08112
G1 X-144.197 Y-236.566 E2.1082
G1 X-143.992 Y-236.621 E2.1352
;WIDTH:1.87557
G1 X-143.897 Y-236.804 E2.16215
;WIDTH:1.92237
G1 X-143.803 Y-236.987 E2.18976
;WIDTH:1.96917
G1 X-143.708 Y-237.171 E2.21828
;WIDTH:2.01598
G1 X-143.613 Y-237.354 E2.2474
;WIDTH:2.06278
G1 X-143.519 Y-237.537 E2.27718
;WIDTH:2.10959
G1 X-143.424 Y-237.721 E2.30788
;WIDTH:2.15639
G1 X-143.329 Y-237.904 E2.33917
;WIDTH:2.20319
G1 X-143.235 Y-238.087 E2.37111
;WIDTH:2.25
G1 X-143.14 Y-238.271 E2.40398
G1 X-126.35 Y-255.061 E6.17329
G1 E4.17329 F2400
G92 E0
G1 X-120.963 Y-257.448 F7800
G1 E2 F2400
G1 F12000
G1 X-144.907 Y-233.526 E7.37289
;WIDTH:2.20319
G1 X-145.021 Y-233.434 E7.39563
;WIDTH:2.15639
G1 X-145.136 Y-233.341 E7.41807
;WIDTH:2.10959
G1 X-145.251 Y-233.248 E7.43999
;WIDTH:2.06278
G1 X-145.365 Y-233.155 E7.46128
;WIDTH:2.01598
G1 X-145.48 Y-233.063 E7.48208
;WIDTH:1.96917
G1 X-145.595 Y-232.97 E7.50245
;WIDTH:1.92237
G1 X-145.709 Y-232.877 E7.5222
;WIDTH:1.87557
G1 X-145.824 Y-232.785 E7.54145
;WIDTH:1.82876
G1 X-146.285 Y-230.496 E7.8385
;WIDTH:2.25
G1 X-145.567 Y-229.844 E7.99246
G1 X-117.67 Y-257.741 E14.25526
G1 X-117.752 Y-257.837 E14.2753
;WIDTH:2.20319
G1 X-117.834 Y-257.934 E14.29502
;WIDTH:2.15639
G1 X-117.915 Y-258.031 E14.3142
;WIDTH:2.10959
G1 X-117.997 Y-258.127 E14.33292
;WIDTH:2.06278
G1 X-118.079 Y-258.224 E14.3513
;WIDTH:2.01598
G1 X-118.16 Y-258.32 E14.36904
;WIDTH:1.96917
G1 X-118.242 Y-258.417 E14.38653
;WIDTH:1.92237
G1 X-118.324 Y-258.513 E14.40348
;WIDTH:1.87557
G1 X-118.405 Y-258.61 E14.42
;WIDTH:1.82876
G1 X-120.118 Y-258.461 E14.63875
G1 E12.63875 F2400
G92 E0
G1 X-115.43 Y-256.981 F7800
G1 E2 F2400
;WIDTH:2.25
G1 F12000
G1 X-145.918 Y-226.494 E8.84436
G1 X-145.998 Y-223.413 E9.33361
G1 X-113.691 Y-255.72 E16.58644
G1 X-112.22 Y-254.192 E16.92313
G1 X-145.897 Y-220.514 E24.48363
G1 X-145.651 Y-217.76 E24.92255
G1 X-110.911 Y-252.501 E32.7217
G1 X-109.732 Y-250.68 E33.06607
G1 X-145.286 Y-215.125 E41.04796
G1 X-144.857 Y-212.555 E41.46158
G1 X-108.64 Y-248.772 E49.5922
G1 X-107.637 Y-246.775 E49.94695
G1 X-144.354 Y-210.058 E58.18981
G1 X-143.791 Y-207.622 E58.5867
G1 X-106.674 Y-244.739 E66.91936
G1 X-105.786 Y-242.626 E67.2832
G1 X-143.15 Y-205.262 E75.67131
G1 X-142.496 Y-202.917 E76.05777
G1 X-104.916 Y-240.496 E84.49426
G1 X-104.103 Y-238.31 E84.8645
G1 X-141.779 Y-200.633 E93.32277
G1 X-141.028 Y-198.385 E93.69901
G1 X-103.321 Y-236.091 E102.16401
G1 X-102.561 Y-233.852 E102.53935
G1 X-140.261 Y-196.152 E111.00289
G1 X-139.449 Y-193.964 E111.37337
G1 X-101.828 Y-231.585 E119.81918
G1 X-101.12 Y-229.293 E120.19998
G1 X-138.607 Y-191.806 E128.61571
G1 X-137.763 Y-189.65 E128.98325
G1 X-100.434 Y-226.979 E137.36351
G1 X-99.749 Y-224.664 E137.74675
G1 X-136.882 Y-187.531 E146.083
G1 X-135.966 Y-185.448 E146.44422
G1 X-99.079 Y-222.335 E154.72525
G1 X-98.428 Y-219.985 E155.11235
G1 X-135.046 Y-183.367 E163.33299
G1 X-134.127 Y-181.286 E163.69411
G1 X-97.783 Y-217.63 E171.85324
G1 X-97.153 Y-215.261 E172.24237
G1 X-133.213 Y-179.201 E180.33774
G1 X-132.323 Y-177.091 E180.70127
G1 X-96.522 Y-212.892 E188.73849
G1 X-95.91 Y-210.504 E189.12982
G1 X-131.466 Y-174.948 E197.11204
G1 X-130.641 Y-172.773 E197.48131
G1 X-95.298 Y-208.116 E205.41571
G1 X-94.686 Y-205.728 E205.80704
G1 X-129.852 Y-170.562 E213.70171
G1 X-129.108 Y-168.306 E214.07881
G1 X-94.074 Y-203.34 E221.94385
G1 X-93.462 Y-200.952 E222.33518
G1 X-128.416 Y-165.999 E230.18214
G1 X-127.782 Y-163.633 E230.57098
G1 X-92.85 Y-198.564 E238.413
G1 X-92.238 Y-196.176 E238.80433
G1 X-127.223 Y-161.192 E246.65825
G1 X-126.753 Y-158.661 E247.0669
G1 X-91.626 Y-193.788 E254.95281
G1 X-91.014 Y-191.4 E255.34414
G1 X-126.394 Y-156.021 E263.28674
G1 X-126.199 Y-153.216 E263.73309
G1 X-90.402 Y-189.013 E271.76942
G1 X-89.79 Y-186.625 E272.16075
G1 X-126.218 Y-150.197 E280.33873
G1 X-126.555 Y-146.86 E280.87115
G1 X-89.164 Y-184.251 E289.26533
G1 X-88.536 Y-181.879 E289.65484
G1 X-127.572 Y-142.844 E298.4182
G1 X-127.651 Y-142.889 E298.43263
;WIDTH:2.20319
G1 X-127.731 Y-142.934 E298.44688
;WIDTH:2.15639
G1 X-127.81 Y-142.979 E298.46068
;WIDTH:2.10959
G1 X-127.89 Y-143.024 E298.47429
;WIDTH:2.06278
G1 X-127.969 Y-143.069 E298.48745
;WIDTH:2.01598
G1 X-128.049 Y-143.114 E298.50041
;WIDTH:1.96917
G1 X-128.128 Y-143.159 E298.51293
;WIDTH:1.92237
G1 X-128.208 Y-143.204 E298.52525
;WIDTH:1.87557
G1 X-128.288 Y-143.249 E298.53725
;WIDTH:1.82876
G1 X-128.615 Y-142.168 E298.68093
G1 X-128.632 Y-141.784 E298.72983
G1 X-128.549 Y-141.344 E298.78679
G1 E296.78679 F2400
G92 E0
G1 X-268.221 Y-146.189 F7800
G1 E2 F2400
;WIDTH:2.25
G1 F12000
G1 X-273.42 Y-141.013 E3.16458
;WIDTH:2.20319
G1 X-273.535 Y-140.92 E3.18754
;WIDTH:2.15639
G1 X-273.65 Y-140.827 E3.20998
;WIDTH:2.10959
G1 X-273.765 Y-140.734 E3.2319
;WIDTH:2.06278
G1 X-273.881 Y-140.642 E3.25333
;WIDTH:2.01598
G1 X-273.996 Y-140.549 E3.27422
;WIDTH:1.96917
G1 X-274.111 Y-140.456 E3.29459
;WIDTH:1.92237
G1 X-274.227 Y-140.363 E3.31455
;WIDTH:1.87557
G1 X-274.342 Y-140.271 E3.3338
;WIDTH:1.82876
G1 X-274.769 Y-138.224 E3.59982
;WIDTH:2.25
G1 X-274.129 Y-137.281 E3.78074
G1 X-265.633 Y-145.777 E5.68807
G1 X-263.162 Y-145.247 E6.08925
G1 X-274.674 Y-133.735 E8.67366
G1 X-275.086 Y-130.324 E9.21907
G1 X-260.765 Y-144.645 E12.43409
G1 X-258.4 Y-144.01 E12.82282
G1 X-275.42 Y-126.99 E16.64376
G1 X-275.71 Y-123.7 E17.16805
G1 X-256.048 Y-143.362 E21.58211
G1 X-253.697 Y-142.714 E21.96923
G1 X-275.972 Y-120.438 E26.97002
G1 X-276.187 Y-117.223 E27.48152
G1 X-251.345 Y-142.065 E33.05848
G1 X-248.989 Y-141.421 E33.4462
G1 X-276.403 Y-114.008 E39.60045
G1 X-276.597 Y-110.814 E40.10841
G1 X-246.617 Y-140.794 E46.83884
G1 X-244.227 Y-140.183 E47.23044
G1 X-276.766 Y-107.645 E54.53524
G1 X-276.895 Y-104.516 E55.03237
G1 X-241.822 Y-139.589 E62.90616
G1 X-239.416 Y-138.995 E63.29956
G1 X-276.997 Y-101.415 E71.73628
G1 X-277.055 Y-98.357 E72.2218
G1 X-236.996 Y-138.415 E81.21482
G1 X-234.573 Y-137.839 E81.61017
G1 X-277.046 Y-95.366 E91.14524
G1 X-276.971 Y-92.441 E91.60972
G1 X-232.149 Y-137.262 E101.67202
G1 X-229.726 Y-136.685 E102.06741
G1 X-276.822 Y-89.59 E112.64022
G1 X-276.528 Y-86.884 E113.07231
G1 X-227.3 Y-136.111 E124.12375
G1 X-224.86 Y-135.552 E124.52112
G1 X-276.069 Y-84.342 E136.01751
G1 X-275.351 Y-82.061 E136.39712
G1 X-222.419 Y-134.993 E148.28021
G1 X-219.979 Y-134.433 E148.67761
G1 X-273.543 Y-80.869 E160.70258
G1 X-270.539 Y-80.873 E161.17945
G1 X-217.51 Y-133.902 E173.08431
G1 X-215.042 Y-133.37 E173.48509
G1 X-267.188 Y-81.224 E185.19172
G1 X-263.723 Y-81.689 E185.7467
G1 X-212.559 Y-132.853 E197.23288
G1 X-210.049 Y-132.364 E197.63882
G1 X-260.256 Y-82.156 E208.91026
G1 X-256.793 Y-82.62 E209.4649
G1 X-207.534 Y-131.879 E220.52341
G1 X-204.964 Y-131.449 E220.93705
G1 X-253.419 Y-82.993 E231.81517
G1 X-250.072 Y-83.341 E232.34935
G1 X-202.394 Y-131.019 E243.05293
G1 X-199.78 Y-130.633 E243.47239
G1 X-246.744 Y-83.669 E254.01568
G1 X-243.449 Y-83.964 E254.54083
G1 X-197.142 Y-130.271 E264.93662
G1 X-194.492 Y-129.921 E265.36094
G1 X-240.162 Y-84.251 E275.61373
G1 X-236.902 Y-84.511 E276.13288
G1 X-191.8 Y-129.613 E286.25815
G1 X-189.109 Y-129.305 E286.68812
G1 X-233.657 Y-84.757 E296.68902
G1 X-230.422 Y-84.992 E297.20391
G1 X-186.413 Y-129.001 E307.08381
G1 X-183.697 Y-128.716 E307.51732
G1 X-227.219 Y-85.195 E317.28778
G1 X-224.015 Y-85.398 E317.79741
G1 X-180.982 Y-128.431 E327.4582
G1 X-178.267 Y-128.147 E327.89154
G1 X-220.836 Y-85.578 E337.44816
G1 X-217.671 Y-85.743 E337.95127
G1 X-175.552 Y-127.862 E347.40687
G1 X-172.837 Y-127.577 E347.84023
G1 X-214.529 Y-85.885 E357.19997
G1 X-211.396 Y-86.018 E357.69776
G1 X-170.098 Y-127.316 E366.96905
G1 X-167.325 Y-127.089 E367.41072
G1 X-208.29 Y-86.124 E376.60725
G1 X-205.191 Y-86.224 E377.09945
G1 X-164.512 Y-126.902 E386.23166
G1 X-161.628 Y-126.787 E386.68984
G1 X-202.129 Y-86.285 E395.78231
G1 X-199.076 Y-86.338 E396.26703
G1 X-158.669 Y-126.746 E405.3384
G1 X-155.615 Y-126.799 E405.82328
G1 X-196.023 Y-86.391 E414.89476
G1 X-193.007 Y-86.407 E415.37354
G1 X-152.425 Y-126.99 E424.4842
G1 X-149.032 Y-127.383 E425.02642
G1 X-190.005 Y-86.41 E434.22474
G1 X-187.03 Y-86.385 E434.69702
G1 X-145.326 Y-128.089 E444.05945
G1 X-145.16 Y-128.184 E444.08981
;WIDTH:2.20319
G1 X-144.993 Y-128.28 E444.11971
;WIDTH:2.15639
G1 X-144.826 Y-128.375 E444.14886
;WIDTH:2.10959
G1 X-144.66 Y-128.471 E444.17729
;WIDTH:2.06278
G1 X-144.493 Y-128.566 E444.2051
;WIDTH:2.01598
G1 X-144.326 Y-128.662 E444.2323
;WIDTH:1.96917
G1 X-144.16 Y-128.757 E444.25864
;WIDTH:1.92237
G1 X-143.993 Y-128.853 E444.2845
;WIDTH:1.87557
G1 X-143.826 Y-128.948 E444.30962
;WIDTH:1.82876
G1 X-144.333 Y-129.082 E444.37634
G1 X-144.624 Y-129.092 E444.41338
G1 X-144.805 Y-129.05 E444.43702
G1 E442.43702 F2400
G92 E0
G1 X-139.283 Y-130.492 F7800
G1 E2 F2400
G1 F12000
G1 X-139.434 Y-130.642 E2.02708
G1 X-139.639 Y-130.587 E2.05408
G1 X-139.694 Y-130.382 E2.08108
G1 X-139.544 Y-130.232 E2.10807
G1 X-139.338 Y-130.287 E2.1352
;WIDTH:1.87557
G1 X-139.522 Y-130.191 E2.16233
;WIDTH:1.92237
G1 X-139.705 Y-130.096 E2.19001
;WIDTH:1.96917
G1 X-139.888 Y-130 E2.21847
;WIDTH:2.01598
G1 X-140.072 Y-129.904 E2.24778
;WIDTH:2.06278
G1 X-140.255 Y-129.809 E2.27762
;WIDTH:2.10959
G1 X-140.439 Y-129.713 E2.30838
;WIDTH:2.15639
G1 X-140.622 Y-129.618 E2.33967
;WIDTH:2.20319
G1 X-140.805 Y-129.522 E2.37175
;WIDTH:2.25
G1 X-140.989 Y-129.427 E2.40462
G1 X-184.073 Y-86.342 E12.07697
G1 X-181.138 Y-86.277 E12.543
G1 X-133.803 Y-133.613 E23.16969
G1 X-132.303 Y-134.501 E23.4464
;WIDTH:1.82876
G1 X-132.865 Y-135.063 E23.54751
;WIDTH:1.87557
G1 X-132.703 Y-135.168 E23.57275
;WIDTH:1.92237
G1 X-132.542 Y-135.272 E23.59848
;WIDTH:1.96917
G1 X-132.381 Y-135.376 E23.62488
;WIDTH:2.01598
G1 X-132.22 Y-135.48 E23.65195
;WIDTH:2.06278
G1 X-132.059 Y-135.584 E23.67969
;WIDTH:2.10959
G1 X-131.898 Y-135.689 E23.70818
;WIDTH:2.15639
G1 X-131.736 Y-135.793 E23.73739
;WIDTH:2.20319
G1 X-131.575 Y-135.897 E23.76714
;WIDTH:2.25
G1 X-131.414 Y-136.001 E23.79757
G1 X-87.908 Y-179.507 E33.56455
G1 X-87.777 Y-179.393 E33.59212
;WIDTH:2.20319
G1 X-87.646 Y-179.28 E33.61898
;WIDTH:2.15639
G1 X-87.514 Y-179.166 E33.64545
;WIDTH:2.10959
G1 X-87.383 Y-179.052 E33.67119
;WIDTH:2.06278
G1 X-87.252 Y-178.939 E33.69623
;WIDTH:2.01598
G1 X-87.12 Y-178.825 E33.72086
;WIDTH:1.96917
G1 X-86.989 Y-178.712 E33.74469
;WIDTH:1.92237
G1 X-86.857 Y-178.598 E33.7681
;WIDTH:1.87557
G1 X-86.726 Y-178.484 E33.7908
;WIDTH:1.82876
G1 X-86.931 Y-178.429 E33.8178
G1 X-87.082 Y-178.58 E33.84497
G1 X-87.027 Y-178.785 E33.87197
G1 X-86.821 Y-178.84 E33.8991
G1 X-86.671 Y-178.69 E33.92609
;WIDTH:2.25
G1 X-87.281 Y-177.135 E34.19125
G1 X-178.23 Y-86.185 E54.60916
G1 X-175.335 Y-86.081 E55.06902
G1 X-86.653 Y-174.762 E74.97777
G1 X-86.507 Y-174.688 E75.00375
;WIDTH:2.20319
G1 X-86.361 Y-174.613 E75.02923
;WIDTH:2.15639
G1 X-86.214 Y-174.539 E75.0542
;WIDTH:2.10959
G1 X-86.068 Y-174.464 E75.07853
;WIDTH:2.06278
G1 X-85.922 Y-174.389 E75.10229
;WIDTH:2.01598
G1 X-85.775 Y-174.315 E75.12553
;WIDTH:1.96917
G1 X-85.629 Y-174.24 E75.14814
;WIDTH:1.92237
G1 X-85.483 Y-174.165 E75.17017
;WIDTH:1.87557
G1 X-85.337 Y-174.091 E75.19157
;WIDTH:1.82876
G1 X-85.542 Y-174.036 E75.21857
G1 X-85.692 Y-174.186 E75.24556
G1 X-85.637 Y-174.391 E75.27256
G1 X-85.432 Y-174.446 E75.29956
G1 X-85.282 Y-174.296 E75.32655
;WIDTH:2.25
G1 X-86.015 Y-172.401 E75.64909
G1 X-172.475 Y-85.941 E95.05912
G1 X-169.651 Y-85.765 E95.50828
G1 X-85.371 Y-170.045 E114.4289
G1 X-84.727 Y-167.689 E114.81662
G1 X-166.83 Y-85.586 E133.24851
G1 X-164.052 Y-85.364 E133.69091
G1 X-84.079 Y-165.337 E151.64463
G1 X-83.418 Y-162.998 E152.03047
G1 X-161.324 Y-85.093 E169.52004
G1 X-158.599 Y-84.818 E169.95481
G1 X-82.754 Y-160.662 E186.98169
G1 X-82.067 Y-158.349 E187.36472
G1 X-155.919 Y-84.498 E203.94418
G1 X-153.292 Y-84.125 E204.36538
G1 X-81.381 Y-156.036 E220.5092
G1 X-80.682 Y-153.735 E220.89095
G1 X-150.685 Y-83.732 E236.60643
G1 X-148.118 Y-83.299 E237.01968
G1 X-79.96 Y-151.457 E252.32096
G1 X-79.207 Y-149.21 E252.69715
G1 X-145.605 Y-82.812 E267.60332
G1 X-143.141 Y-82.276 E268.00361
G1 X-78.435 Y-146.982 E282.52993
G1 X-77.638 Y-144.779 E282.90182
G1 X-140.73 Y-81.687 E297.0658
G1 X-138.376 Y-81.041 E297.4533
G1 X-76.802 Y-142.616 E311.2766
G1 X-75.898 Y-140.52 E311.63895
G1 X-136.087 Y-80.33 E325.15132
G1 X-133.863 Y-79.555 E325.52519
G1 X-74.934 Y-138.484 E338.75459
G1 X-73.902 Y-136.515 E339.10749
G1 X-131.714 Y-78.704 E352.08601
G1 X-129.652 Y-77.766 E352.44562
G1 X-72.777 Y-134.641 E365.2139
G1 X-71.56 Y-132.858 E365.55659
G1 X-127.673 Y-76.745 E378.1538
G1 X-125.8 Y-75.618 E378.5008
G1 X-70.213 Y-131.205 E390.97993
G1 X-68.713 Y-129.705 E391.31668
G1 X-124.027 Y-74.391 E403.73452
G1 X-122.356 Y-73.062 E404.07345
G1 X-67.093 Y-128.325 E416.47984
G1 X-65.319 Y-127.099 E416.82216
G1 X-120.771 Y-71.647 E429.27098
G1 X-119.264 Y-70.155 E429.60762
G1 X-63.395 Y-126.023 E442.14994
G1 X-61.315 Y-125.104 E442.51092
G1 X-117.817 Y-68.601 E455.19557
G1 X-116.433 Y-66.986 E455.5332
G1 X-59.127 Y-124.291 E468.39812
G1 X-56.83 Y-123.589 E468.7794
G1 X-115.099 Y-65.32 E481.86063
G1 X-113.814 Y-63.605 E482.20082
G1 X-54.475 Y-122.944 E495.52226
G1 X-52.11 Y-122.309 E495.91099
G1 X-112.578 Y-61.841 E509.48589
G1 X-111.379 Y-60.04 E509.82935
G1 X-49.752 Y-121.668 E523.66455
G1 X-47.41 Y-121.009 E524.05076
G1 X-110.216 Y-58.203 E538.15053
G1 X-109.086 Y-56.334 E538.49723
G1 X-45.047 Y-120.372 E552.87369
G1 X-42.651 Y-119.768 E553.26594
G1 X-107.984 Y-54.435 E567.93302
G1 X-106.91 Y-52.51 E568.28294
G1 X-40.215 Y-119.204 E583.25567
G1 X-37.755 Y-118.665 E583.65544
G1 X-105.867 Y-50.552 E598.94651
G1 X-104.849 Y-48.571 E599.30007
G1 X-35.255 Y-118.165 E614.92373
G1 X-32.714 Y-117.705 E615.33365
G1 X-103.858 Y-46.562 E631.30517
G1 X-102.889 Y-44.531 E631.66239
G1 X-30.155 Y-117.265 E647.99097
G1 X-27.551 Y-116.869 E648.40909
G1 X-101.92 Y-42.5 E665.10472
G1 X-100.997 Y-40.423 E665.46552
G1 X-24.907 Y-116.513 E682.54751
G1 X-22.244 Y-116.176 E682.97362
G1 X-100.079 Y-38.342 E700.44725
G1 X-99.167 Y-36.254 E700.80894
G1 X-19.534 Y-115.886 E718.68621
G1 X-16.787 Y-115.634 E719.12411
G1 X-98.284 Y-34.137 E737.41996
G1 X-97.426 Y-31.995 E737.78625
G1 X-14 Y-115.421 E756.51515
G1 X-11.172 Y-115.249 E756.96491
G1 X-96.574 Y-29.847 E776.13742
G1 X-95.722 Y-27.698 E776.50439
G1 X-8.303 Y-115.118 E796.12982
G1 X-5.39 Y-115.031 E796.59245
G1 X-53.226 Y-67.195 E807.3315
G1 X-53.392 Y-67.115 E807.36075
;WIDTH:2.20319
G1 X-53.559 Y-67.035 E807.3895
;WIDTH:2.15639
G1 X-53.726 Y-66.954 E807.41766
;WIDTH:2.10959
G1 X-53.892 Y-66.874 E807.44498
;WIDTH:2.06278
G1 X-54.059 Y-66.794 E807.47178
;WIDTH:2.01598
G1 X-54.226 Y-66.713 E807.49799
;WIDTH:1.96917
G1 X-54.392 Y-66.633 E807.52337
;WIDTH:1.92237
G1 X-54.559 Y-66.553 E807.54822
;WIDTH:1.87557
G1 X-54.726 Y-66.472 E807.57248
;WIDTH:1.82876
G1 X-54.02 Y-65.767 E807.69941
;WIDTH:2.25
G1 X-55.449 Y-64.972 E807.959
G1 X-94.9 Y-25.521 E816.81564
G1 X-94.093 Y-23.328 E817.18659
G1 X-58.233 Y-59.188 E825.23706
G1 X-58.14 Y-59.183 E825.25184
;WIDTH:2.20319
G1 X-58.047 Y-59.179 E825.26629
;WIDTH:2.15639
G1 X-57.954 Y-59.174 E825.28042
;WIDTH:2.10959
G1 X-57.861 Y-59.169 E825.29423
;WIDTH:2.06278
G1 X-57.768 Y-59.165 E825.3077
;WIDTH:2.01598
G1 X-57.675 Y-59.16 E825.32085
;WIDTH:1.96917
G1 X-57.582 Y-59.155 E825.33368
;WIDTH:1.92237
G1 X-57.489 Y-59.151 E825.34617
;WIDTH:1.87557
G1 X-57.396 Y-59.146 E825.35834
;WIDTH:1.82876
G1 X-57.198 Y-59.877 E825.45469
G1 X-57.199 Y-60.222 E825.49858
G1 X-57.309 Y-60.688 E825.55949
G1 E823.55949 F2400
G92 E0
G1 X-59.048 Y-55.373 F7800
G1 E2 F2400
;WIDTH:2.25
G1 F12000
G1 X-93.298 Y-21.123 E9.68903
G1 X-92.504 Y-18.918 E10.06106
G1 X-59.395 Y-52.026 E17.49383
G1 X-59.476 Y-48.946 E17.98293
G1 X-91.73 Y-16.692 E25.22386
G1 X-90.969 Y-14.453 E25.59926
G1 X-59.382 Y-46.039 E32.69034
G1 X-59.17 Y-43.251 E33.13419
G1 X-90.208 Y-12.214 E40.10202
G1 X-89.467 Y-9.955 E40.47942
G1 X-58.884 Y-40.538 E47.34522
G1 X-58.501 Y-37.921 E47.76508
G1 X-88.736 Y-7.686 E54.55275
G1 X-88.006 Y-5.416 E54.93127
G1 X-58.082 Y-35.34 E61.64912
G1 X-57.597 Y-32.825 E62.05572
G1 X-87.289 Y-3.133 E68.72149
G1 X-86.583 Y-.84 E69.10235
G1 X-57.089 Y-30.333 E75.72356
G1 X-56.521 Y-27.902 E76.11986
G1 X-85.894 Y1.472 E82.71413
G1 X-85.205 Y3.783 E83.09694
G1 X-55.952 Y-25.47 E89.66416
G1 X-55.342 Y-23.081 E90.05557
G1 X-84.517 Y6.095 E96.60539
G1 X-83.854 Y8.431 E96.99086
G1 X-54.711 Y-20.711 E103.53327
G1 X-54.074 Y-18.349 E103.92162
G1 X-83.19 Y10.767 E110.45808
G1 X-82.527 Y13.104 E110.8437
G1 X-53.397 Y-16.026 E117.3833
G1 X-52.72 Y-13.703 E117.7674
G1 X-81.886 Y15.463 E124.31509
G1 X-81.246 Y17.823 E124.70326
G1 X-52.018 Y-11.405 E131.26486
G1 X-51.302 Y-9.122 E131.64468
G1 X-80.606 Y20.183 E138.22346
G1 X-79.984 Y22.56 E138.6135
G1 X-50.586 Y-6.838 E145.21327
G1 X-49.864 Y-4.56 E145.59262
G1 X-79.366 Y24.943 E152.21585
G1 X-78.749 Y27.325 E152.60646
G1 X-49.117 Y-2.307 E159.25876
G1 X-48.37 Y-.054 E159.63555
G1 X-78.145 Y29.721 E166.31995
G1 X-77.548 Y32.124 E166.71301
G1 X-47.623 Y2.199 E173.43109
G1 X-46.863 Y4.439 E173.80658
G1 X-76.952 Y34.528 E180.56148
G1 X-76.365 Y36.941 E180.9557
G1 X-46.101 Y6.677 E187.74988
G1 X-45.339 Y8.914 E188.12503
G1 X-75.789 Y39.364 E194.96097
G1 X-75.212 Y41.787 E195.35636
G1 X-44.576 Y11.152 E202.23394
G1 X-43.814 Y13.39 E202.60924
G1 X-74.642 Y44.217 E209.52993
G1 X-74.084 Y46.66 E209.92773
G1 X-43.052 Y15.627 E216.89444
G1 X-42.296 Y17.871 E217.27033
G1 X-73.527 Y49.102 E224.2816
G1 X-72.974 Y51.549 E224.67984
G1 X-41.562 Y20.137 E231.73175
G1 X-40.828 Y22.403 E232.10986
G1 X-72.439 Y54.014 E239.20644
G1 X-71.904 Y56.479 E239.60685
G1 X-40.144 Y24.719 E246.73688
G1 X-39.49 Y27.065 E247.12349
G1 X-71.37 Y58.944 E254.28035
G1 X-70.835 Y61.409 E254.68076
G1 X-38.861 Y29.436 E261.85872
G1 X-38.263 Y31.838 E262.25166
G1 X-70.311 Y63.886 E269.44635
G1 X-69.798 Y66.373 E269.84946
G1 X-37.674 Y34.248 E277.06132
G1 X-37.104 Y36.679 E277.45769
G1 X-69.285 Y68.86 E284.68223
G1 X-68.778 Y71.353 E285.08608
G1 X-36.535 Y39.109 E292.32466
G1 X-35.988 Y41.562 E292.72362
G1 X-68.279 Y73.853 E299.97286
G1 X-67.78 Y76.354 E300.3777
G1 X-35.449 Y44.023 E307.63592
G1 X-34.91 Y46.484 E308.03585
G1 X-67.281 Y78.855 E315.30305
G1 X-66.782 Y81.355 E315.70774
G1 X-34.371 Y48.945 E322.98381
G1 X-33.847 Y51.421 E323.38556
G1 X-66.239 Y83.813 E330.65747
G1 X-65.67 Y86.244 E331.05381
G1 X-33.338 Y53.911 E338.31237
G1 X-32.828 Y56.401 E338.71585
G1 X-65.073 Y88.646 E345.95476
G1 X-64.443 Y91.017 E346.3442
G1 X-32.318 Y58.892 E353.55617
G1 X-31.814 Y61.387 E353.96024
G1 X-63.77 Y93.343 E361.13427
G1 X-63.058 Y95.631 E361.51465
G1 X-31.334 Y63.907 E368.6366
G1 X-30.854 Y66.427 E369.04383
G1 X-62.305 Y97.877 E376.10438
G1 X-61.504 Y100.077 E376.47604
G1 X-30.374 Y68.947 E383.46464
G1 X-29.894 Y71.467 E383.87187
G1 X-60.652 Y102.225 E390.77696
G1 X-59.743 Y104.315 E391.13876
G1 X-29.422 Y73.995 E397.94563
G1 X-28.977 Y76.549 E398.35717
G1 X-58.77 Y106.342 E405.04562
G1 X-57.723 Y108.295 E405.39739
G1 X-28.532 Y79.104 E411.95069
G1 X-28.087 Y81.659 E412.36239
G1 X-56.582 Y110.154 E418.75944
G1 X-55.346 Y111.918 E419.10136
G1 X-27.656 Y84.228 E425.31769
G1 X-27.244 Y86.816 E425.73369
G1 X-53.974 Y113.546 E431.7345
G1 X-52.439 Y115.011 E432.07134
G1 X-26.855 Y89.427 E437.81488
G1 X-26.489 Y92.061 E438.23703
G1 X-50.659 Y116.231 E443.66313
G1 X-48.472 Y117.044 E444.03351
G1 X-26.167 Y94.739 E449.04092
G1 X-25.94 Y97.512 E449.48259
G1 X-45.553 Y117.125 E453.88565
G1 X-42.494 Y116.883 E454.37276
;WIDTH:1.82876
G1 X-42.7 Y116.938 E454.39989
G1 X-42.85 Y116.788 E454.42688
G1 X-42.795 Y116.583 E454.45388
G1 X-42.59 Y116.528 E454.48088
G1 X-42.439 Y116.678 E454.50796
;WIDTH:1.87557
G1 X-42.295 Y116.571 E454.53141
;WIDTH:1.92237
G1 X-42.152 Y116.464 E454.55538
;WIDTH:1.96917
G1 X-42.008 Y116.357 E454.58009
;WIDTH:2.01598
G1 X-41.864 Y116.25 E454.60543
;WIDTH:2.06278
G1 X-41.72 Y116.144 E454.63131
;WIDTH:2.10959
G1 X-41.576 Y116.037 E454.6579
;WIDTH:2.15639
G1 X-41.432 Y115.93 E454.68512
;WIDTH:2.20319
G1 X-41.289 Y115.823 E454.71285
;WIDTH:2.25
G1 X-41.145 Y115.716 E454.74133
G1 X-25.926 Y100.497 E458.15795
G1 X-26.315 Y103.886 E458.69946
G1 X-32.964 Y110.504 E460.18867
;WIDTH:2.20645
G1 X-33.178 Y110.688 E460.23255
;WIDTH:2.1629
G1 X-33.392 Y110.871 E460.27541
;WIDTH:2.11935
G1 X-33.606 Y111.055 E460.31745
;WIDTH:2.0758
G1 X-33.821 Y111.238 E460.35859
;WIDTH:2.03224
G1 X-34.035 Y111.421 E460.3987
;WIDTH:1.98869
G1 X-34.249 Y111.605 E460.43798
;WIDTH:1.94514
G1 X-34.458 Y111.784 E460.47538
;WIDTH:1.90271
G1 X-34.667 Y111.963 E460.51191
;WIDTH:1.86028
G1 X-36.461 Y113.469 E460.81542
G1 E458.81542 F2400
G92 E0
G1 X-29.247 Y108.672 F7800
G1 E2 F2400
;WIDTH:1.82876
G1 F12000
G1 X-27.758 Y107.284 E2.25897
G1 X-26.618 Y106.103 E2.4678
G1 E.4678 F2400
G92 E0
G1 X-45.703 Y-70.113 F7800
G1 E2 F2400
G1 F12000
G1 X-47.455 Y-69.583 E2.23286
G1 X-47.849 Y-69.572 E2.283
G1 X-48.285 Y-69.666 E2.33974
;WIDTH:1.87557
G1 X-48.118 Y-69.774 E2.36574
;WIDTH:1.92237
G1 X-47.952 Y-69.882 E2.39232
;WIDTH:1.96917
G1 X-47.785 Y-69.989 E2.41964
;WIDTH:2.01598
G1 X-47.618 Y-70.097 E2.44773
;WIDTH:2.06278
G1 X-47.452 Y-70.205 E2.47639
;WIDTH:2.10959
G1 X-47.285 Y-70.313 E2.50587
;WIDTH:2.15639
G1 X-47.118 Y-70.42 E2.53597
;WIDTH:2.20319
G1 X-46.952 Y-70.528 E2.56671
;WIDTH:2.25
G1 X-46.785 Y-70.636 E2.59828
G1 X-2.422 Y-114.999 E12.55765
G1 X.586 Y-115.007 E13.03515
G1 X-42.703 Y-71.718 E22.75341
G1 X-39.101 Y-72.32 E23.33313
G1 X3.656 Y-115.077 E32.93196
G1 X6.803 Y-115.225 E33.43208
G1 X-35.741 Y-72.68 E42.9832
G1 X-32.546 Y-72.876 E43.49134
G1 X9.987 Y-115.408 E53.03977
G1 X13.265 Y-115.687 E53.56201
G1 X-29.465 Y-72.957 E63.15478
G1 X-26.468 Y-72.954 E63.63053
G1 X16.63 Y-116.052 E73.30591
G1 X20.095 Y-116.517 E73.86089
G1 X-23.537 Y-72.885 E83.65615
G1 X-20.661 Y-72.761 E84.11312
G1 X23.679 Y-117.101 E94.06733
G1 X27.42 Y-117.842 E94.67273
G1 X-17.838 Y-72.584 E104.83302
G1 X-15.051 Y-72.371 E105.27673
G1 X31.297 Y-118.719 E115.68173
G1 X31.464 Y-118.819 E115.71263
;WIDTH:2.20319
G1 X31.63 Y-118.918 E115.74263
;WIDTH:2.15639
G1 X31.797 Y-119.018 E115.77217
;WIDTH:2.10959
G1 X31.964 Y-119.117 E115.80095
;WIDTH:2.06278
G1 X32.13 Y-119.217 E115.829
;WIDTH:2.01598
G1 X32.297 Y-119.316 E115.85642
;WIDTH:1.96917
G1 X32.464 Y-119.416 E115.88323
;WIDTH:1.92237
G1 X32.63 Y-119.515 E115.90917
;WIDTH:1.87557
G1 X32.797 Y-119.615 E115.93462
;WIDTH:1.82876
G1 X32.314 Y-119.737 E115.998
G1 X31.985 Y-119.741 E116.03986
G1 X31.174 Y-119.528 E116.14653
G1 E114.14653 F2400
G92 E0
G1 X36.318 Y-120.741 F7800
G1 E2 F2400
;WIDTH:2.25
G1 F12000
G1 X-12.288 Y-72.134 E12.91202
G1 E10.91202 F2400
G92 E0
G1 X37.818 Y-121.93 F7800
G1 E2 F2400
;WIDTH:1.82876
G1 F12000
G1 X38.409 Y-122.421 E2.09775
G1 X39.915 Y-123.802 E2.3577
G1 X41.802 Y-125.75 E2.70273
;WIDTH:1.83743
G1 X42.865 Y-126.996 E2.91216
;WIDTH:1.88327
G1 X43 Y-127.163 E2.94036
;WIDTH:1.92911
G1 X43.134 Y-127.329 E2.9691
;WIDTH:1.97495
G1 X43.268 Y-127.496 E2.99868
;WIDTH:2.02079
G1 X43.402 Y-127.663 E3.029
;WIDTH:2.06664
G1 X43.537 Y-127.829 E3.06003
;WIDTH:2.11248
G1 X43.671 Y-127.996 E3.09182
;WIDTH:2.15832
G1 X43.805 Y-128.163 E3.12434
;WIDTH:2.20416
G1 X43.939 Y-128.329 E3.15747
;WIDTH:2.25
G1 X87.615 Y-172.038 E12.96631
G1 X88.197 Y-169.619 E13.36127
G1 X-9.57 Y-71.853 E35.30958
G1 X-6.855 Y-71.568 E35.74294
G1 X88.788 Y-167.211 E57.21453
G1 X89.385 Y-164.807 E57.60774
G1 X-4.182 Y-71.241 E78.61316
G1 X-1.542 Y-70.881 E79.03612
G1 X89.981 Y-162.404 E99.58278
G1 X90.578 Y-160.001 E99.97584
G1 X1.092 Y-70.515 E120.0652
G1 X3.703 Y-70.126 E120.48425
G1 X91.174 Y-157.597 E140.12125
G1 X91.771 Y-155.194 E140.51431
G1 X6.291 Y-69.714 E159.70433
G1 X8.877 Y-69.3 E160.12007
G1 X92.367 Y-152.79 E178.86334
G1 X92.964 Y-150.387 E179.2564
G1 X11.433 Y-68.857 E197.55977
G1 X13.966 Y-68.39 E197.96864
G1 X93.56 Y-147.984 E215.83727
G1 X94.157 Y-145.58 E216.23048
G1 X16.494 Y-67.917 E233.66561
G1 X19.012 Y-67.435 E234.07258
G1 X94.753 Y-143.177 E251.07634
G1 X95.35 Y-140.774 E251.4694
G1 X21.508 Y-66.932 E268.04672
G1 X23.981 Y-66.405 E268.44811
G1 X95.947 Y-138.371 E284.60428
G1 X96.561 Y-135.985 E284.99538
G1 X26.453 Y-65.877 E300.73443
G1 X28.908 Y-65.332 E301.13363
G1 X97.175 Y-133.6 E316.45949
G1 X97.789 Y-131.214 E316.85059
G1 X31.343 Y-64.767 E331.76764
G1 X33.762 Y-64.186 E332.16256
G1 X98.403 Y-128.828 E346.6744
G1 X99.017 Y-126.442 E347.0655
G1 X36.178 Y-63.603 E361.17268
G1 X38.57 Y-62.995 E361.56447
G1 X99.631 Y-124.056 E375.27249
G1 X100.245 Y-121.67 E375.66359
G1 X40.935 Y-62.36 E388.97852
G1 X43.298 Y-61.723 E389.36702
G1 X100.859 Y-119.284 E402.2893
G1 X101.473 Y-116.898 E402.6804
G1 X45.631 Y-61.056 E415.21677
G1 X47.952 Y-60.377 E415.60066
G1 X102.087 Y-114.512 E427.75382
G1 X102.701 Y-112.126 E428.14492
G1 X50.25 Y-59.676 E439.91991
G1 X52.512 Y-58.937 E440.29766
G1 X103.315 Y-109.741 E451.7029
G1 X103.929 Y-107.355 E452.094
G1 X54.756 Y-58.181 E463.13331
G1 X56.963 Y-57.388 E463.50559
G1 X104.543 Y-104.969 E474.18728
G1 X105.157 Y-102.583 E474.57838
G1 X59.104 Y-56.53 E484.91715
G1 X61.218 Y-55.644 E485.28102
G1 X105.787 Y-100.213 E495.28664
G1 X106.42 Y-97.846 E495.67559
G1 X63.236 Y-54.662 E505.37028
G1 X65.135 Y-53.561 E505.71874
G1 X107.053 Y-95.479 E515.12921
G1 X107.686 Y-93.112 E515.51816
G1 X66.864 Y-52.291 E524.68247
G1 X68.469 Y-50.896 E525.02004
G1 X108.318 Y-90.745 E533.96603
G1 X108.951 Y-88.377 E534.35513
G1 X69.978 Y-49.404 E543.10446
G1 X71.386 Y-47.813 E543.44172
G1 X109.584 Y-86.01 E552.01695
G1 X110.216 Y-83.643 E552.40586
G1 X72.737 Y-46.164 E560.81979
G1 X74.019 Y-44.446 E561.16007
G1 X110.849 Y-81.276 E569.4283
G1 X111.482 Y-78.909 E569.81725
G1 X75.237 Y-42.664 E577.95415
G1 X76.383 Y-40.81 E578.30015
G1 X112.114 Y-76.541 E586.32166
G1 X112.747 Y-74.174 E586.71061
G1 X77.479 Y-38.906 E594.62818
G1 X78.524 Y-36.951 E594.98008
G1 X113.38 Y-71.807 E602.80515
G1 X114.012 Y-69.44 E603.19406
G1 X79.516 Y-34.944 E610.93832
G1 X80.442 Y-32.87 E611.29888
G1 X114.645 Y-67.073 E618.97736
G1 X115.278 Y-64.705 E619.36646
G1 X81.322 Y-30.75 E626.98937
G1 X82.15 Y-28.578 E627.35836
G1 X115.911 Y-62.338 E634.9375
G1 X116.543 Y-59.971 E635.32641
G1 X82.925 Y-26.353 E642.87356
G1 X83.632 Y-24.06 E643.25447
G1 X117.176 Y-57.604 E650.785
G1 X117.809 Y-55.237 E651.17395
G1 X84.29 Y-21.718 E658.69887
G1 X84.9 Y-19.328 E659.09043
G1 X118.441 Y-52.87 E666.6204
G1 X119.074 Y-50.502 E667.0095
G1 X85.427 Y-16.855 E674.56316
G1 X85.896 Y-14.325 E674.97162
G1 X119.707 Y-48.135 E682.56198
G1 X120.339 Y-45.768 E682.95089
G1 X86.31 Y-11.738 E690.59042
G1 X86.645 Y-9.074 E691.01664
G1 X120.972 Y-43.401 E698.72296
G1 X121.605 Y-41.034 E699.11191
G1 X86.912 Y-6.341 E706.90039
G1 X87.078 Y-3.507 E707.35104
G1 X122.237 Y-38.666 E715.24414
G1 X122.87 Y-36.299 E715.63309
G1 X87.181 Y-.61 E723.64517
G1 X87.162 Y2.409 E724.12443
G1 X123.503 Y-33.932 E732.28288
G1 X124.136 Y-31.565 E732.67183
G1 X87.069 Y5.501 E740.99316
G1 X86.831 Y8.74 E741.50872
G1 X124.768 Y-29.198 E750.02558
G1 X125.401 Y-26.83 E750.41468
G1 X86.493 Y12.077 E759.14931
G1 X85.991 Y15.579 E759.71091
G1 X126.034 Y-24.463 E768.70034
G1 X126.666 Y-22.096 E769.08925
G1 X85.316 Y19.254 E778.37221
G1 X84.453 Y23.117 E779.00055
G1 X127.299 Y-19.729 E788.61936
G1 X127.932 Y-17.362 E789.00831
G1 X83.387 Y27.183 E799.00854
G1 X83.275 Y27.259 E799.03003
;WIDTH:2.20319
G1 X83.162 Y27.334 E799.05108
;WIDTH:2.15639
G1 X83.05 Y27.41 E799.07162
;WIDTH:2.10959
G1 X82.937 Y27.486 E799.09181
;WIDTH:2.06278
G1 X82.825 Y27.562 E799.1114
;WIDTH:2.01598
G1 X82.713 Y27.637 E799.13044
;WIDTH:1.96917
G1 X82.6 Y27.713 E799.1492
;WIDTH:1.92237
G1 X82.488 Y27.789 E799.16737
;WIDTH:1.87557
G1 X82.376 Y27.864 E799.18499
;WIDTH:1.82876
G1 X82.381 Y28.189 E799.22634
G1 X82.51 Y28.683 E799.29129
;WIDTH:2.25
G1 X81.549 Y32.794 E799.96148
;WIDTH:1.82876
G1 X81.399 Y32.644 E799.98847
G1 X81.193 Y32.699 E800.0156
G1 X81.138 Y32.904 E800.0426
G1 X81.289 Y33.054 E800.06968
G1 X81.494 Y32.999 E800.09668
;WIDTH:1.87557
G1 X81.575 Y32.816 E800.12284
;WIDTH:1.92237
G1 X81.656 Y32.632 E800.14982
;WIDTH:1.96917
G1 X81.736 Y32.449 E800.17733
;WIDTH:2.01598
G1 X81.817 Y32.266 E800.20559
;WIDTH:2.06278
G1 X81.898 Y32.082 E800.23469
;WIDTH:2.10959
G1 X81.979 Y31.899 E800.26436
;WIDTH:2.15639
G1 X82.059 Y31.716 E800.29467
;WIDTH:2.20319
G1 X82.14 Y31.532 E800.32588
;WIDTH:2.25
G1 X82.221 Y31.349 E800.35765
G1 X128.564 Y-14.995 E810.76164
G1 X129.197 Y-12.627 E811.15074
G1 X80.938 Y35.607 E821.98194
;WIDTH:2.20319
G1 X80.821 Y35.7 E822.00514
;WIDTH:2.15639
G1 X80.704 Y35.792 E822.02772
;WIDTH:2.10959
G1 X80.587 Y35.884 E822.04978
;WIDTH:2.06278
G1 X80.47 Y35.977 E822.07141
;WIDTH:2.01598
G1 X80.353 Y36.069 E822.09243
;WIDTH:1.96917
G1 X80.236 Y36.161 E822.11293
;WIDTH:1.92237
G1 X80.119 Y36.254 E822.13299
;WIDTH:1.87557
G1 X80.002 Y36.346 E822.15245
;WIDTH:1.82876
G1 X78.312 Y42.811 E823.00256
G1 X77.291 Y47.176 E823.57286
G1 E821.57286 F2400
G92 E0
G1 X79.96 Y39.609 F7800
G1 E2 F2400
;WIDTH:2.25
G1 F12000
G1 X129.83 Y-10.26 E13.19556
G1 X130.462 Y-7.893 E13.58447
G1 X78.936 Y43.633 E25.15191
G1 X78.046 Y47.523 E25.78538
G1 X131.095 Y-5.526 E37.69473
G1 X131.728 Y-3.159 E38.08368
G1 X77.294 Y51.275 E50.30396
G1 X76.699 Y54.871 E50.88256
G1 X132.361 Y-.791 E63.37852
G1 X132.993 Y1.576 E63.76743
G1 X76.257 Y58.312 E76.5045
G1 X76.019 Y61.55 E77.0199
G1 X133.626 Y3.943 E89.95251
G1 X134.259 Y6.31 E90.34146
G1 X75.977 Y64.592 E103.42561
G1 X76.137 Y67.432 E103.87716
G1 X134.891 Y8.677 E117.06738
G1 X135.524 Y11.045 E117.45648
G1 X76.503 Y70.065 E130.70642
G1 X77.076 Y72.492 E131.10228
G1 X136.157 Y13.412 E144.36569
G1 X136.789 Y15.779 E144.7546
G1 X77.852 Y74.716 E157.98579
G1 X78.826 Y76.743 E158.34278
G1 X137.417 Y18.151 E171.49641
G1 X138.03 Y20.538 E171.88763
G1 X79.987 Y78.581 E184.91812
G1 X81.324 Y80.244 E185.25685
G1 X138.643 Y22.925 E198.12481
G1 X139.255 Y25.313 E198.51614
G1 X82.818 Y81.75 E211.18609
G1 X84.45 Y83.118 E211.52414
G1 X139.85 Y27.717 E223.9614
G1 X140.438 Y30.13 E224.35566
G1 X86.22 Y84.347 E236.52734
G1 X88.097 Y85.471 E236.87464
G1 X141.025 Y32.543 E248.75683
G1 X141.612 Y34.955 E249.15089
G1 X90.086 Y86.482 E260.71845
G1 X92.163 Y87.405 E261.07925
G1 X142.19 Y37.377 E272.31028
G1 X142.745 Y39.822 E272.70828
G1 X94.325 Y88.242 E283.57843
G1 X96.574 Y88.993 E283.95482
G1 X143.301 Y42.267 E294.44479
G1 X143.836 Y44.731 E294.84505
G1 X98.894 Y89.673 E304.9344
G1 X101.282 Y90.285 E305.32573
G1 X144.362 Y47.205 E314.99707
G1 X144.859 Y49.707 E315.40201
G1 X103.726 Y90.84 E324.63625
G1 X106.194 Y91.372 E325.03703
G1 X145.357 Y52.21 E333.8289
G1 X145.825 Y54.741 E334.23749
G1 X108.689 Y91.877 E342.57442
G1 X111.2 Y92.367 E342.98054
G1 X146.274 Y57.293 E350.85456
G1 X146.694 Y59.872 E351.26935
G1 X113.756 Y92.811 E358.66395
G1 X116.335 Y93.231 E359.07874
G1 X147.076 Y62.49 E365.98001
G1 X147.413 Y65.153 E366.40612
G1 X118.957 Y93.609 E372.79441
G1 X121.635 Y93.931 E373.22259
G1 X147.717 Y67.849 E379.07793
G1 X147.955 Y70.611 E379.518
G1 X124.372 Y94.194 E384.81232
G1 X127.196 Y94.37 E385.26148
G1 X148.102 Y73.464 E389.95482
G1 X148.116 Y76.449 E390.42867
G1 X130.141 Y94.425 E394.46412
G1 X133.264 Y94.301 E394.96027
G1 X147.909 Y79.657 E398.24792
G1 X147.438 Y83.127 E398.80381
G1 X136.677 Y93.889 E401.21974
G1 X139.546 Y93.776 E401.67553
;WIDTH:1.82876
G1 X139.34 Y93.831 E401.70266
G1 X139.19 Y93.68 E401.72974
G1 X139.245 Y93.475 E401.75674
G1 X139.45 Y93.42 E401.78374
G1 X139.601 Y93.57 E401.81082
;WIDTH:1.87557
G1 X139.744 Y93.47 E401.83363
;WIDTH:1.92237
G1 X139.888 Y93.37 E401.85716
;WIDTH:1.96917
G1 X140.032 Y93.27 E401.88131
;WIDTH:2.01598
G1 X140.176 Y93.17 E401.90607
;WIDTH:2.06278
G1 X140.32 Y93.07 E401.93144
;WIDTH:2.10959
G1 X140.464 Y92.97 E401.95743
;WIDTH:2.15639
G1 X140.607 Y92.87 E401.98391
;WIDTH:2.20319
G1 X140.751 Y92.77 E402.01113
;WIDTH:2.25
G1 X140.895 Y92.67 E402.03896
G1 X146.236 Y87.304 E403.24081
;WIDTH:2.20319
G1 X146.361 Y87.154 E403.27112
;WIDTH:2.15639
G1 X146.487 Y87.004 E403.30085
;WIDTH:2.10959
G1 X146.612 Y86.854 E403.32979
;WIDTH:2.06278
G1 X146.737 Y86.704 E403.35805
;WIDTH:2.01598
G1 X146.862 Y86.554 E403.38563
;WIDTH:1.96917
G1 X146.988 Y86.404 E403.41261
;WIDTH:1.92237
G1 X147.113 Y86.254 E403.43882
;WIDTH:1.87557
G1 X147.238 Y86.104 E403.46434
;WIDTH:1.82876
G1 X147.033 Y86.159 E403.49134
G1 X146.883 Y86.009 E403.51833
G1 X146.938 Y85.804 E403.54533
G1 X147.143 Y85.749 E403.57233
G1 X147.293 Y85.899 E403.59932
G1 E401.59932 F2400
G92 E0
G1 X145.548 Y89.965 F7800
G1 E2 F2400
G1 F12000
G1 X144.778 Y90.812 E2.14563
G1 X143.54 Y91.99 E2.36304
G1 E.36304 F2400
G92 E0
G1 X-294.647 Y-364.816 F7800
G1 E2 F2400
G1 F12000
G1 X-298 Y-361.583 E2.59256
G1 X-302.095 Y-357.555 E3.32331
G1 X-306.169 Y-353.467 E4.05755
G1 X-310.219 Y-349.319 E4.79508
G1 X-306.169 Y-353.467 E5.53261
G1 X-302.095 Y-357.555 E6.26685
G1 X-298 Y-361.583 E6.9976
G1 X-293.884 Y-365.552 E7.72503
G1 E5.72503 F2400
G92 E0
G1 X-273.847 Y-382.408 F7800
G1 E2 F2400
G1 F12000
G1 X-280.751 Y-376.289 E3.17365
;WIDTH:1.87483
G1 X-281.253 Y-375.832 E3.26235
;WIDTH:1.92089
G1 X-281.755 Y-375.375 E3.3534
;WIDTH:1.96696
G1 X-282.257 Y-374.918 E3.44679
;WIDTH:2.01302
G1 X-282.759 Y-374.461 E3.54252
;WIDTH:2.05909
G1 X-283.261 Y-374.004 E3.64059
;WIDTH:2.10681
G1 X-283.636 Y-373.663 E3.71562
;WIDTH:2.15454
G1 X-284.011 Y-373.322 E3.79246
;WIDTH:2.20227
G1 X-284.386 Y-372.98 E3.87121
;WIDTH:2.25
G1 X-319.847 Y-337.523 E11.83166
;WIDTH:2.20596
G1 X-320.19 Y-337.148 E11.91066
;WIDTH:2.16193
G1 X-320.534 Y-336.773 E11.98809
;WIDTH:2.11789
G1 X-320.878 Y-336.398 E12.06384
;WIDTH:2.07386
G1 X-321.144 Y-336.108 E12.12112
;WIDTH:2.03984
G1 X-321.409 Y-335.818 E12.1773
;WIDTH:2.00583
G1 X-322.394 Y-334.721 E12.3844
;WIDTH:1.96156
G1 X-323.379 Y-333.623 E12.58672
;WIDTH:1.9173
G1 X-324.364 Y-332.525 E12.78415
;WIDTH:1.87303
G1 X-325.349 Y-331.428 E12.9766
;WIDTH:1.82876
G1 X-329.099 Y-327.155 E13.69987
G1 E11.69987 F2400
G92 E0
G1 X-332.286 Y-321.813 F7800
G1 E2 F2400
;WIDTH:1.86898
G1 F12000
G1 X-332.108 Y-322.021 E2.03565
;WIDTH:1.9092
G1 X-331.93 Y-322.229 E2.07213
;WIDTH:1.94942
G1 X-331.751 Y-322.436 E2.10942
;WIDTH:1.99236
G1 X-331.567 Y-322.651 E2.14889
;WIDTH:2.0353
G1 X-331.384 Y-322.865 E2.18906
;WIDTH:2.07824
G1 X-331.2 Y-323.079 E2.23023
;WIDTH:2.12118
G1 X-331.016 Y-323.294 E2.27242
;WIDTH:2.16412
G1 X-330.832 Y-323.508 E2.31541
;WIDTH:2.20706
G1 X-330.648 Y-323.722 E2.3593
;WIDTH:2.25
G1 X-270.203 Y-384.162 E15.92847
;WIDTH:2.20051
G1 X-269.953 Y-384.377 E15.97959
;WIDTH:2.15103
G1 X-269.703 Y-384.592 E16.02949
;WIDTH:2.10154
G1 X-269.453 Y-384.807 E16.07817
;WIDTH:2.05205
G1 X-269.203 Y-385.022 E16.12563
;WIDTH:2.00257
G1 X-268.953 Y-385.237 E16.17187
;WIDTH:1.95308
G1 X-268.488 Y-385.637 E16.25561
;WIDTH:1.91164
G1 X-268.024 Y-386.037 E16.33735
;WIDTH:1.8702
G1 X-267.559 Y-386.436 E16.4172
;WIDTH:1.82876
G1 X-263.359 Y-389.982 E17.11649
G1 E15.11649 F2400
G92 E0
G1 X-258.396 Y-392.593 F7800
G1 E2 F2400
;WIDTH:1.88661
G1 F12000
G1 X-258.551 Y-392.748 E2.02884
G1 X-258.763 Y-392.691 E2.05772
G1 X-258.82 Y-392.479 E2.0866
G1 X-258.665 Y-392.323 E2.11553
G1 X-258.452 Y-392.38 E2.14454
;WIDTH:1.93203
G1 X-258.659 Y-392.244 E2.17796
;WIDTH:1.97746
G1 X-258.866 Y-392.108 E2.21223
;WIDTH:2.02288
G1 X-259.073 Y-391.972 E2.24734
;WIDTH:2.0683
G1 X-259.28 Y-391.836 E2.28329
;WIDTH:2.11373
G1 X-259.487 Y-391.701 E2.32
;WIDTH:2.15915
G1 X-259.694 Y-391.565 E2.35763
;WIDTH:2.20458
G1 X-259.901 Y-391.429 E2.39611
;WIDTH:2.25
G1 X-260.108 Y-391.293 E2.43543
G1 X-337.401 Y-314 E19.78749
G1 X-337.535 Y-313.793 E19.82663
;WIDTH:2.20216
G1 X-337.67 Y-313.586 E19.86498
;WIDTH:2.15433
G1 X-337.804 Y-313.38 E19.90223
;WIDTH:2.10649
G1 X-337.939 Y-313.173 E19.93881
;WIDTH:2.05865
G1 X-338.073 Y-312.966 E19.97442
;WIDTH:2.01082
G1 X-338.208 Y-312.759 E20.00923
;WIDTH:1.96298
G1 X-338.342 Y-312.553 E20.04296
;WIDTH:1.91515
G1 X-338.477 Y-312.346 E20.076
;WIDTH:1.86731
G1 X-338.686 Y-312.29 E20.10415
G1 X-338.84 Y-312.443 E20.13239
G1 X-338.784 Y-312.653 E20.16067
G1 X-338.574 Y-312.71 E20.18898
G1 X-338.42 Y-312.556 E20.21732
G1 E18.21732 F2400
G92 E0
G1 X-343.705 Y-304.067 F7800
G1 E2 F2400
;WIDTH:1.82876
G1 F12000
G1 X-343.91 Y-304.012 E2.027
G1 X-344.061 Y-304.162 E2.05408
G1 X-344.006 Y-304.367 E2.08108
G1 X-343.8 Y-304.422 E2.10821
G1 X-343.65 Y-304.272 E2.1352
;WIDTH:1.87557
G1 X-343.543 Y-304.432 E2.16036
;WIDTH:1.92237
G1 X-343.435 Y-304.593 E2.18638
;WIDTH:1.96917
G1 X-343.328 Y-304.754 E2.213
;WIDTH:2.01598
G1 X-343.221 Y-304.914 E2.24018
;WIDTH:2.06278
G1 X-343.113 Y-305.075 E2.26824
;WIDTH:2.10959
G1 X-343.006 Y-305.235 E2.29677
;WIDTH:2.15639
G1 X-342.898 Y-305.396 E2.32619
;WIDTH:2.20319
G1 X-342.791 Y-305.556 E2.35607
;WIDTH:2.25
G1 X-342.684 Y-305.717 E2.38676
G1 X-251.45 Y-396.951 E22.86854
G1 E20.86854 F2400
G92 E0
G1 X-242.082 Y-402.823 F7800
G1 E2 F2400
;WIDTH:1.82876
G1 F12000
G1 X-242.232 Y-402.973 E2.02699
G1 X-242.438 Y-402.918 E2.05412
G1 X-242.493 Y-402.713 E2.08112
G1 X-242.342 Y-402.562 E2.10829
G1 X-242.137 Y-402.617 E2.13529
;WIDTH:1.87557
G1 X-242.32 Y-402.506 E2.16327
;WIDTH:1.92237
G1 X-242.504 Y-402.394 E2.19218
;WIDTH:1.96917
G1 X-242.687 Y-402.283 E2.22166
;WIDTH:2.01598
G1 X-242.871 Y-402.171 E2.25208
;WIDTH:2.06278
G1 X-243.054 Y-402.06 E2.28306
;WIDTH:2.10959
G1 X-243.237 Y-401.948 E2.31486
;WIDTH:2.15639
G1 X-243.421 Y-401.836 E2.34755
;WIDTH:2.20319
G1 X-243.604 Y-401.725 E2.38078
;WIDTH:2.25
G1 X-243.787 Y-401.613 E2.41484
G1 X-346.945 Y-298.456 E25.57341
G1 X-347.049 Y-298.295 E25.60384
;WIDTH:2.20319
G1 X-347.153 Y-298.135 E25.63346
;WIDTH:2.15639
G1 X-347.257 Y-297.974 E25.66254
;WIDTH:2.10959
G1 X-347.362 Y-297.814 E25.69091
;WIDTH:2.06278
G1 X-347.466 Y-297.653 E25.71865
;WIDTH:2.01598
G1 X-347.57 Y-297.493 E25.7456
;WIDTH:1.96917
G1 X-347.674 Y-297.332 E25.772
;WIDTH:1.92237
G1 X-347.779 Y-297.171 E25.7978
;WIDTH:1.87557
G1 X-347.883 Y-297.011 E25.82275
;WIDTH:1.82876
G1 X-348.033 Y-297.161 E25.84974
G1 X-348.238 Y-297.106 E25.87674
G1 X-348.293 Y-296.901 E25.90374
G1 X-348.143 Y-296.751 E25.93073
G1 X-347.938 Y-296.806 E25.95773
G1 E23.95773 F2400
G92 E0
G1 X-351.554 Y-290.151 F7800
G1 E2 F2400
G1 F12000
G1 X-351.759 Y-290.096 E2.027
G1 X-351.91 Y-290.246 E2.05408
G1 X-351.855 Y-290.451 E2.08108
G1 X-351.649 Y-290.506 E2.10821
G1 X-351.499 Y-290.356 E2.1352
;WIDTH:1.87557
G1 X-351.399 Y-290.517 E2.15998
;WIDTH:1.92237
G1 X-351.299 Y-290.677 E2.18531
;WIDTH:1.96917
G1 X-351.199 Y-290.838 E2.21141
;WIDTH:2.01598
G1 X-351.099 Y-290.998 E2.23806
;WIDTH:2.06278
G1 X-350.999 Y-291.159 E2.26549
;WIDTH:2.10959
G1 X-350.9 Y-291.319 E2.29338
;WIDTH:2.15639
G1 X-350.8 Y-291.48 E2.32214
;WIDTH:2.20319
G1 X-350.7 Y-291.641 E2.35156
;WIDTH:2.25
G1 X-350.6 Y-291.801 E2.38151
G1 X-236.825 Y-405.576 E27.92368
G1 E25.92368 F2400
G92 E0
G1 X-230.382 Y-409.019 F7800
G1 E2 F2400
G1 F12000
G1 X-353.83 Y-285.571 E29.71373
G1 X-353.927 Y-285.41 E29.74357
;WIDTH:2.20319
G1 X-354.023 Y-285.249 E29.77267
;WIDTH:2.15639
G1 X-354.12 Y-285.089 E29.80106
;WIDTH:2.10959
G1 X-354.216 Y-284.928 E29.82885
;WIDTH:2.06278
G1 X-354.313 Y-284.768 E29.85593
;WIDTH:2.01598
G1 X-354.41 Y-284.607 E29.88248
;WIDTH:1.96917
G1 X-354.506 Y-284.447 E29.90818
;WIDTH:1.92237
G1 X-354.603 Y-284.286 E29.93341
;WIDTH:1.87557
G1 X-354.699 Y-284.126 E29.9578
;WIDTH:1.82876
G1 X-354.849 Y-284.276 E29.98479
G1 X-355.055 Y-284.221 E30.01192
G1 X-355.11 Y-284.016 E30.03892
G1 X-354.959 Y-283.865 E30.06609
G1 X-354.754 Y-283.92 E30.09309
G1 E28.09309 F2400
G92 E0
G1 X-357.56 Y-278.242 F7800
G1 E2 F2400
G1 F12000
G1 X-357.71 Y-278.392 E2.02699
G1 X-357.916 Y-278.337 E2.05412
G1 X-357.971 Y-278.132 E2.08112
G1 X-357.82 Y-277.982 E2.1082
G1 X-357.615 Y-278.037 E2.1352
;WIDTH:1.87557
G1 X-357.515 Y-278.22 E2.16246
;WIDTH:1.92237
G1 X-357.415 Y-278.403 E2.19045
;WIDTH:1.96917
G1 X-357.315 Y-278.587 E2.21929
;WIDTH:2.01598
G1 X-357.215 Y-278.77 E2.24874
;WIDTH:2.06278
G1 X-357.115 Y-278.953 E2.27892
;WIDTH:2.10959
G1 X-357.015 Y-279.137 E2.30996
;WIDTH:2.15639
G1 X-356.914 Y-279.32 E2.34168
;WIDTH:2.20319
G1 X-356.814 Y-279.503 E2.37405
;WIDTH:2.25
G1 X-356.714 Y-279.687 E2.40729
G1 X-224.357 Y-412.044 E32.12107
G1 X-224.173 Y-412.147 E32.15454
;WIDTH:2.20319
G1 X-223.99 Y-412.249 E32.18706
;WIDTH:2.15639
G1 X-223.807 Y-412.351 E32.21885
;WIDTH:2.10959
G1 X-223.623 Y-412.453 E32.25004
;WIDTH:2.06278
G1 X-223.44 Y-412.556 E32.28043
;WIDTH:2.01598
G1 X-223.257 Y-412.658 E32.31002
;WIDTH:1.96917
G1 X-223.073 Y-412.76 E32.339
;WIDTH:1.92237
G1 X-222.89 Y-412.862 E32.36712
;WIDTH:1.87557
G1 X-222.707 Y-412.965 E32.39457
;WIDTH:1.82876
G1 X-222.912 Y-412.91 E32.42157
G1 X-223.062 Y-413.06 E32.44856
G1 X-223.007 Y-413.265 E32.47556
G1 X-222.802 Y-413.32 E32.50256
G1 X-222.652 Y-413.17 E32.52955
G1 E30.52955 F2400
G92 E0
G1 X-218.649 Y-414.752 F7800
G1 E2 F2400
;WIDTH:2.25
G1 F12000
G1 X-359.333 Y-274.069 E33.58305
G1 X-359.43 Y-273.885 E33.61607
;WIDTH:2.20319
G1 X-359.528 Y-273.702 E33.6483
;WIDTH:2.15639
G1 X-359.626 Y-273.518 E33.67993
;WIDTH:2.10959
G1 X-359.724 Y-273.335 E33.7107
;WIDTH:2.06278
G1 X-359.821 Y-273.152 E33.74068
;WIDTH:2.01598
G1 X-359.919 Y-272.968 E33.77012
;WIDTH:1.96917
G1 X-360.017 Y-272.785 E33.79871
;WIDTH:1.92237
G1 X-360.114 Y-272.602 E33.82651
;WIDTH:1.87557
G1 X-360.212 Y-272.418 E33.85376
;WIDTH:1.82876
G1 X-360.417 Y-272.363 E33.88076
G1 X-360.568 Y-272.514 E33.90793
G1 X-360.513 Y-272.719 E33.93493
G1 X-360.307 Y-272.774 E33.96206
G1 X-360.157 Y-272.624 E33.98905
G1 E31.98905 F2400
G92 E0
G1 X-362.588 Y-267.022 F7800
G1 E2 F2400
G1 F12000
G1 X-362.793 Y-266.967 E2.027
G1 X-362.943 Y-267.117 E2.05399
G1 X-362.888 Y-267.322 E2.08099
G1 X-362.683 Y-267.377 E2.10799
G1 X-362.533 Y-267.227 E2.13498
;WIDTH:1.87557
G1 X-362.444 Y-267.388 E2.15903
;WIDTH:1.92237
G1 X-362.354 Y-267.548 E2.18367
;WIDTH:1.96917
G1 X-362.265 Y-267.709 E2.20901
;WIDTH:2.01598
G1 X-362.176 Y-267.869 E2.23487
;WIDTH:2.06278
G1 X-362.086 Y-268.03 E2.26157
;WIDTH:2.10959
G1 X-361.997 Y-268.19 E2.28871
;WIDTH:2.15639
G1 X-361.908 Y-268.351 E2.31662
;WIDTH:2.20319
G1 X-361.818 Y-268.512 E2.34525
;WIDTH:2.25
G1 X-361.729 Y-268.672 E2.37431
G1 X-213.221 Y-417.18 E35.71394
G1 E33.71394 F2400
G92 E0
G1 X-206.355 Y-420.385 F7800
G1 E2 F2400
;WIDTH:1.82876
G1 F12000
G1 X-206.505 Y-420.536 E2.02708
G1 X-206.711 Y-420.481 E2.05421
G1 X-206.766 Y-420.275 E2.08134
G1 X-206.615 Y-420.125 E2.10842
G1 X-206.41 Y-420.18 E2.13542
;WIDTH:1.87557
G1 X-206.593 Y-420.087 E2.16225
;WIDTH:1.92237
G1 X-206.777 Y-419.994 E2.18992
;WIDTH:1.96917
G1 X-206.96 Y-419.9 E2.21825
;WIDTH:2.01598
G1 X-207.143 Y-419.807 E2.24724
;WIDTH:2.06278
G1 X-207.327 Y-419.714 E2.27708
;WIDTH:2.10959
G1 X-207.51 Y-419.621 E2.30751
;WIDTH:2.15639
G1 X-207.694 Y-419.528 E2.33879
;WIDTH:2.20319
G1 X-207.877 Y-419.434 E2.37073
;WIDTH:2.25
G1 X-208.06 Y-419.341 E2.40332
G1 X-363.915 Y-263.486 E37.39233
G1 X-364.003 Y-263.326 E37.42132
;WIDTH:2.20319
G1 X-364.091 Y-263.165 E37.4498
;WIDTH:2.15639
G1 X-364.179 Y-263.005 E37.47751
;WIDTH:2.10959
G1 X-364.266 Y-262.844 E37.50464
;WIDTH:2.06278
G1 X-364.354 Y-262.683 E37.5312
;WIDTH:2.01598
G1 X-364.442 Y-262.523 E37.55699
;WIDTH:1.96917
G1 X-364.53 Y-262.362 E37.58226
;WIDTH:1.92237
G1 X-364.618 Y-262.202 E37.60677
;WIDTH:1.87557
G1 X-364.705 Y-262.041 E37.63069
;WIDTH:1.82876
G1 X-364.856 Y-262.191 E37.65777
G1 X-365.061 Y-262.136 E37.68477
G1 X-365.116 Y-261.931 E37.71177
G1 X-364.966 Y-261.781 E37.73876
G1 X-364.76 Y-261.836 E37.76589
G1 E35.76589 F2400
G92 E0
G1 X-366.765 Y-256.821 F7800
G1 E2 F2400
G1 F12000
G1 X-366.971 Y-256.766 E2.02713
G1 X-367.121 Y-256.916 E2.05412
G1 X-367.066 Y-257.121 E2.08112
G1 X-366.861 Y-257.176 E2.10812
G1 X-366.71 Y-257.026 E2.1352
;WIDTH:1.87557
G1 X-366.624 Y-257.186 E2.15895
;WIDTH:1.92237
G1 X-366.537 Y-257.347 E2.18351
;WIDTH:1.96917
G1 X-366.451 Y-257.507 E2.20853
;WIDTH:2.01598
G1 X-366.364 Y-257.668 E2.23438
;WIDTH:2.06278
G1 X-366.277 Y-257.829 E2.26087
;WIDTH:2.10959
G1 X-366.191 Y-257.989 E2.2878
;WIDTH:2.15639
G1 X-366.104 Y-258.15 E2.31557
;WIDTH:2.20319
G1 X-366.017 Y-258.31 E2.34384
;WIDTH:2.25
G1 X-365.931 Y-258.471 E2.37282
G1 X-203.108 Y-421.294 E38.92613
G1 E36.92613 F2400
G92 E0
G1 X-196.638 Y-424.062 F7800
G1 E2 F2400
;WIDTH:1.82876
G1 F12000
G1 X-196.788 Y-424.212 E2.02699
G1 X-196.993 Y-424.157 E2.05399
G1 X-197.048 Y-423.952 E2.08099
G1 X-196.898 Y-423.802 E2.10798
G1 X-196.693 Y-423.857 E2.13498
;WIDTH:1.87557
G1 X-196.876 Y-423.768 E2.16158
;WIDTH:1.92237
G1 X-197.06 Y-423.679 E2.18901
;WIDTH:1.96917
G1 X-197.243 Y-423.591 E2.21698
;WIDTH:2.01598
G1 X-197.426 Y-423.502 E2.24572
;WIDTH:2.06278
G1 X-197.61 Y-423.413 E2.2753
;WIDTH:2.10959
G1 X-197.793 Y-423.325 E2.3054
;WIDTH:2.15639
G1 X-197.976 Y-423.236 E2.33628
;WIDTH:2.20319
G1 X-198.16 Y-423.147 E2.36801
;WIDTH:2.25
G1 X-198.343 Y-423.059 E2.40024
G1 X-367.799 Y-253.603 E40.44264
G1 X-367.89 Y-253.42 E40.47508
;WIDTH:2.20319
G1 X-367.98 Y-253.236 E40.50688
;WIDTH:2.15639
G1 X-368.071 Y-253.053 E40.53789
;WIDTH:2.10959
G1 X-368.162 Y-252.87 E40.56819
;WIDTH:2.06278
G1 X-368.253 Y-252.686 E40.5979
;WIDTH:2.01598
G1 X-368.344 Y-252.503 E40.62676
;WIDTH:1.96917
G1 X-368.435 Y-252.32 E40.65491
;WIDTH:1.92237
G1 X-368.526 Y-252.136 E40.68246
;WIDTH:1.87557
G1 X-368.617 Y-251.953 E40.70918
;WIDTH:1.82876
G1 X-368.822 Y-251.898 E40.73618
G1 X-368.972 Y-252.048 E40.76317
G1 X-368.917 Y-252.253 E40.79017
G1 X-368.712 Y-252.308 E40.81717
G1 X-368.562 Y-252.158 E40.84416
G1 E38.84416 F2400
G92 E0
G1 X-370.281 Y-247.419 F7800
G1 E2 F2400
G1 F12000
G1 X-370.431 Y-247.57 E2.02708
G1 X-370.636 Y-247.515 E2.05408
G1 X-370.691 Y-247.309 E2.08121
G1 X-370.541 Y-247.159 E2.1082
G1 X-370.336 Y-247.214 E2.1352
;WIDTH:1.87557
G1 X-370.247 Y-247.397 E2.1618
;WIDTH:1.92237
G1 X-370.158 Y-247.581 E2.18923
;WIDTH:1.96917
G1 X-370.07 Y-247.764 E2.2172
;WIDTH:2.01598
G1 X-369.981 Y-247.947 E2.24594
;WIDTH:2.06278
G1 X-369.892 Y-248.131 E2.27552
;WIDTH:2.10959
G1 X-369.804 Y-248.314 E2.30562
;WIDTH:2.15639
G1 X-369.715 Y-248.497 E2.3365
;WIDTH:2.20319
G1 X-369.626 Y-248.681 E2.36823
;WIDTH:2.25
G1 X-369.538 Y-248.864 E2.40046
G1 X-193.75 Y-424.652 E41.86438
G1 X-193.566 Y-424.738 E41.89662
;WIDTH:2.20319
G1 X-193.383 Y-424.825 E41.92808
;WIDTH:2.15639
G1 X-193.2 Y-424.911 E41.95876
;WIDTH:2.10959
G1 X-193.016 Y-424.998 E41.98893
;WIDTH:2.06278
G1 X-192.833 Y-425.084 E42.0182
;WIDTH:2.01598
G1 X-192.65 Y-425.17 E42.04676
;WIDTH:1.96917
G1 X-192.466 Y-425.257 E42.07479
;WIDTH:1.92237
G1 X-192.283 Y-425.343 E42.10193
;WIDTH:1.87557
G1 X-192.1 Y-425.43 E42.12842
;WIDTH:1.82876
G1 X-192.305 Y-425.375 E42.15542
G1 X-192.455 Y-425.525 E42.18241
G1 X-192.4 Y-425.73 E42.20941
G1 X-192.195 Y-425.785 E42.23641
G1 X-192.045 Y-425.635 E42.2634
G1 E40.2634 F2400
G92 E0
G1 X-187.608 Y-427.05 F7800
G1 E2 F2400
G1 F12000
G1 X-187.759 Y-427.2 E2.02708
G1 X-187.964 Y-427.145 E2.05408
G1 X-188.019 Y-426.94 E2.08108
G1 X-187.869 Y-426.79 E2.10807
G1 X-187.663 Y-426.845 E2.1352
;WIDTH:1.87557
G1 X-187.847 Y-426.761 E2.16164
;WIDTH:1.92237
G1 X-188.03 Y-426.677 E2.18867
;WIDTH:1.96917
G1 X-188.214 Y-426.593 E2.21653
;WIDTH:2.01598
G1 X-188.397 Y-426.509 E2.24497
;WIDTH:2.06278
G1 X-188.58 Y-426.425 E2.27411
;WIDTH:2.10959
G1 X-188.764 Y-426.34 E2.30416
;WIDTH:2.15639
G1 X-188.947 Y-426.256 E2.33471
;WIDTH:2.20319
G1 X-189.13 Y-426.172 E2.36597
;WIDTH:2.25
G1 X-189.314 Y-426.088 E2.39808
G1 X-371.163 Y-244.239 E43.22267
G1 X-371.244 Y-244.078 E43.25128
;WIDTH:2.20319
G1 X-371.324 Y-243.918 E43.27905
;WIDTH:2.15639
G1 X-371.404 Y-243.757 E43.30633
;WIDTH:2.10959
G1 X-371.485 Y-243.597 E43.33291
;WIDTH:2.06278
G1 X-371.565 Y-243.436 E43.35893
;WIDTH:2.01598
G1 X-371.646 Y-243.275 E43.38438
;WIDTH:1.96917
G1 X-371.726 Y-243.115 E43.40902
;WIDTH:1.92237
G1 X-371.806 Y-242.954 E43.43315
;WIDTH:1.87557
G1 X-371.887 Y-242.794 E43.45659
;WIDTH:1.82876
G1 X-372.037 Y-242.944 E43.48358
G1 X-372.242 Y-242.889 E43.51058
G1 X-372.297 Y-242.684 E43.53758
G1 X-372.147 Y-242.534 E43.56457
G1 X-371.942 Y-242.589 E43.59157
G1 E41.59157 F2400
G92 E0
G1 X-373.441 Y-238.074 F7800
G1 E2 F2400
G1 F12000
G1 X-373.647 Y-238.019 E2.02713
G1 X-373.797 Y-238.17 E2.05421
G1 X-373.742 Y-238.375 E2.08121
G1 X-373.537 Y-238.43 E2.10821
G1 X-373.386 Y-238.28 E2.13529
;WIDTH:1.87557
G1 X-373.308 Y-238.44 E2.15856
;WIDTH:1.92237
G1 X-373.229 Y-238.601 E2.18263
;WIDTH:1.96917
G1 X-373.15 Y-238.761 E2.20721
;WIDTH:2.01598
G1 X-373.071 Y-238.922 E2.23254
;WIDTH:2.06278
G1 X-372.992 Y-239.082 E2.25837
;WIDTH:2.10959
G1 X-372.914 Y-239.243 E2.28489
;WIDTH:2.15639
G1 X-372.835 Y-239.403 E2.31197
;WIDTH:2.20319
G1 X-372.756 Y-239.564 E2.33981
;WIDTH:2.25
G1 X-372.677 Y-239.725 E2.36828
G1 X-185.023 Y-427.379 E44.49608
G1 E42.49608 F2400
G92 E0
G1 X-180.867 Y-428.535 F7800
G1 E2 F2400
G1 F12000
G1 X-374.067 Y-235.335 E45.37286
G1 X-374.145 Y-235.175 E45.40112
;WIDTH:2.20319
G1 X-374.223 Y-235.014 E45.42889
;WIDTH:2.15639
G1 X-374.302 Y-234.854 E45.45597
;WIDTH:2.10959
G1 X-374.38 Y-234.693 E45.48249
;WIDTH:2.06278
G1 X-374.458 Y-234.533 E45.50825
;WIDTH:2.01598
G1 X-374.536 Y-234.372 E45.53352
;WIDTH:1.96917
G1 X-374.615 Y-234.212 E45.5581
;WIDTH:1.92237
G1 X-374.693 Y-234.051 E45.58211
;WIDTH:1.87557
G1 X-374.771 Y-233.89 E45.6055
;WIDTH:1.82876
G1 X-374.921 Y-234.041 E45.63258
G1 X-375.127 Y-233.986 E45.65971
G1 X-375.182 Y-233.78 E45.68684
G1 X-375.031 Y-233.63 E45.71392
G1 X-374.826 Y-233.685 E45.74092
G1 E43.74092 F2400
G92 E0
G1 X-376.062 Y-229.581 F7800
G1 E2 F2400
G1 F12000
G1 X-376.212 Y-229.731 E2.02699
G1 X-376.418 Y-229.676 E2.05412
G1 X-376.473 Y-229.471 E2.08112
G1 X-376.322 Y-229.32 E2.10829
G1 X-376.117 Y-229.375 E2.13529
;WIDTH:1.87557
G1 X-376.035 Y-229.559 E2.16162
;WIDTH:1.92237
G1 X-375.952 Y-229.742 E2.18859
;WIDTH:1.96917
G1 X-375.87 Y-229.926 E2.21633
;WIDTH:2.01598
G1 X-375.788 Y-230.109 E2.24465
;WIDTH:2.06278
G1 X-375.706 Y-230.292 E2.27367
;WIDTH:2.10959
G1 X-375.623 Y-230.476 E2.30359
;WIDTH:2.15639
G1 X-375.541 Y-230.659 E2.33402
;WIDTH:2.20319
G1 X-375.459 Y-230.842 E2.36515
;WIDTH:2.25
G1 X-375.377 Y-231.026 E2.39713
G1 X-176.839 Y-429.563 E46.96824
G1 X-180.037 Y-429.579 E47.47591
;WIDTH:1.82876
G1 X-176.147 Y-430.561 E47.98632
G1 X-173.112 Y-431.263 E48.38263
;WIDTH:1.87557
G1 X-173.092 Y-431.175 E48.39443
;WIDTH:1.92237
G1 X-173.071 Y-431.087 E48.40657
;WIDTH:1.96917
G1 X-173.051 Y-430.999 E48.419
;WIDTH:2.01598
G1 X-173.031 Y-430.911 E48.43175
;WIDTH:2.06278
G1 X-173.011 Y-430.824 E48.44467
;WIDTH:2.10959
G1 X-172.99 Y-430.736 E48.45808
;WIDTH:2.15639
G1 X-172.97 Y-430.648 E48.47177
;WIDTH:2.20319
G1 X-172.95 Y-430.56 E48.48578
;WIDTH:2.25
G1 X-172.93 Y-430.473 E48.49995
G1 X-376.615 Y-226.787 E94.22678
G1 X-376.695 Y-226.604 E94.25848
;WIDTH:2.20319
G1 X-376.776 Y-226.42 E94.28969
;WIDTH:2.15639
G1 X-376.856 Y-226.237 E94.32
;WIDTH:2.10959
G1 X-376.936 Y-226.054 E94.34961
;WIDTH:2.06278
G1 X-377.016 Y-225.87 E94.37865
;WIDTH:2.01598
G1 X-377.096 Y-225.687 E94.40686
;WIDTH:1.96917
G1 X-377.177 Y-225.504 E94.43442
;WIDTH:1.92237
G1 X-377.257 Y-225.32 E94.46135
;WIDTH:1.87557
G1 X-377.337 Y-225.137 E94.48746
;WIDTH:1.82876
G1 X-377.542 Y-225.082 E94.51446
G1 X-377.692 Y-225.232 E94.54145
G1 X-377.637 Y-225.437 E94.56845
G1 X-377.432 Y-225.492 E94.59545
G1 X-377.282 Y-225.342 E94.62244
G1 E92.62244 F2400
G92 E0
G1 X-382.259 Y-207.656 F7800
G1 E2 F2400
G1 F12000
G1 X-380.519 Y-215.125 E2.97565
G1 X-378.798 Y-221.822 E3.85533
;WIDTH:1.87557
G1 X-378.682 Y-221.915 E3.87477
;WIDTH:1.92237
G1 X-378.565 Y-222.007 E3.89475
;WIDTH:1.96917
G1 X-378.448 Y-222.099 E3.91525
;WIDTH:2.01598
G1 X-378.332 Y-222.192 E3.93625
;WIDTH:2.06278
G1 X-378.215 Y-222.284 E3.95779
;WIDTH:2.10959
G1 X-378.099 Y-222.376 E3.97974
;WIDTH:2.15639
G1 X-377.982 Y-222.469 E4.00242
;WIDTH:2.20319
G1 X-377.866 Y-222.561 E4.0254
;WIDTH:2.25
G1 X-169.134 Y-431.269 E50.88246
G1 X-165.446 Y-431.957 E51.47801
G1 X-378.813 Y-218.589 E99.37842
G1 X-379.827 Y-214.576 E100.03548
G1 X-161.862 Y-432.541 E148.96801
G1 X-158.377 Y-433.025 E149.52654
G1 X-380.747 Y-210.656 E199.44787
G1 X-381.617 Y-206.786 E200.07754
G1 X-154.99 Y-433.413 E250.95467
G1 X-151.697 Y-433.706 E251.47948
G1 X-382.438 Y-202.965 E303.28019
G1 X-383.18 Y-199.224 E303.88562
G1 X-148.502 Y-433.901 E356.57006
G1 X-145.402 Y-434.002 E357.06243
G1 X-383.893 Y-195.51 E410.60311
G1 X-384.534 Y-191.869 E411.18998
G1 X-142.378 Y-434.026 E465.55344
G1 X-139.418 Y-433.985 E466.02337
G1 X-385.139 Y-188.264 E521.18705
G1 X-385.201 Y-188.104 E521.21429
;WIDTH:2.20319
G1 X-385.263 Y-187.943 E521.24107
;WIDTH:2.15639
G1 X-385.325 Y-187.783 E521.26711
;WIDTH:2.10959
G1 X-385.387 Y-187.622 E521.29268
;WIDTH:2.06278
G1 X-385.449 Y-187.462 E521.31752
;WIDTH:2.01598
G1 X-385.511 Y-187.301 E521.34189
;WIDTH:1.96917
G1 X-385.573 Y-187.141 E521.36552
;WIDTH:1.92237
G1 X-385.635 Y-186.98 E521.38868
;WIDTH:1.87557
G1 X-385.697 Y-186.819 E521.41123
;WIDTH:1.82876
G1 X-385.847 Y-186.97 E521.43831
G1 X-386.052 Y-186.915 E521.46531
G1 X-386.107 Y-186.709 E521.49244
G1 X-385.957 Y-186.559 E521.51943
G1 X-385.752 Y-186.614 E521.54643
G1 E519.54643 F2400
G92 E0
G1 X-297.334 Y-273.176 F7800
G1 E2 F2400
;WIDTH:2.09955
G1 F12000
G1 X-296.896 Y-273.648 E2.09497
;WIDTH:2.05442
G1 X-296.457 Y-274.12 E2.18786
;WIDTH:2.00929
G1 X-296.019 Y-274.592 E2.27848
;WIDTH:1.96416
G1 X-295.58 Y-275.064 E2.36702
;WIDTH:1.91903
G1 X-295.141 Y-275.536 E2.45338
;WIDTH:1.87389
G1 X-294.703 Y-276.008 E2.53747
;WIDTH:1.82876
G1 X-289.256 Y-281.618 E3.53225
G1 X-283.425 Y-287.369 E4.57417
;WIDTH:1.87504
G1 X-282.568 Y-288.178 E4.72818
;WIDTH:1.92131
G1 X-281.711 Y-288.987 E4.88628
;WIDTH:1.96759
G1 X-280.854 Y-289.795 E5.04836
;WIDTH:2.01386
G1 X-279.998 Y-290.604 E5.21452
;WIDTH:2.06014
G1 X-279.141 Y-291.412 E5.38476
;WIDTH:2.10642
G1 X-278.284 Y-292.221 E5.55918
;WIDTH:2.15428
G1 X-277.784 Y-292.687 E5.66278
;WIDTH:2.20214
G1 X-277.284 Y-293.153 E5.76883
;WIDTH:2.25
G1 X-136.522 Y-433.882 E37.3658
G1 X-133.691 Y-433.712 E37.81601
G1 X-260.44 Y-306.996 E66.2671
;WIDTH:2.20486
G1 X-260.74 Y-306.728 E66.3296
;WIDTH:2.15972
G1 X-261.04 Y-306.46 E66.39074
;WIDTH:2.11458
G1 X-261.34 Y-306.192 E66.45052
;WIDTH:2.06945
G1 X-261.64 Y-305.924 E66.50894
;WIDTH:2.02431
G1 X-262.514 Y-305.142 E66.6753
;WIDTH:1.97542
G1 X-263.388 Y-304.361 E66.83728
;WIDTH:1.92653
G1 X-264.263 Y-303.58 E66.99507
;WIDTH:1.87765
G1 X-265.137 Y-302.798 E67.14856
;WIDTH:1.82876
G1 X-271.757 Y-296.792 E68.28571
G1 E66.28571 F2400
G92 E0
G1 X-256.38 Y-309.17 F7800
G1 E2 F2400
G1 F12000
G1 X-253.396 Y-311.8 E2.50603
;WIDTH:1.87354
G1 X-251.887 Y-313.113 E2.76721
;WIDTH:1.91832
G1 X-250.379 Y-314.425 E3.0349
;WIDTH:1.9631
G1 X-248.87 Y-315.737 E3.30939
;WIDTH:2.01092
G1 X-248.62 Y-315.953 E3.35593
;WIDTH:2.05874
G1 X-248.37 Y-316.169 E3.40365
;WIDTH:2.10655
G1 X-248.12 Y-316.385 E3.45255
;WIDTH:2.15437
G1 X-247.87 Y-316.602 E3.50273
;WIDTH:2.20218
G1 X-247.62 Y-316.818 E3.55399
;WIDTH:2.25
G1 X-130.928 Y-433.476 E29.7472
G1 X-128.235 Y-433.169 E30.17747
G1 X-236.82 Y-324.617 E54.5508
;WIDTH:2.20277
G1 X-237.035 Y-324.436 E54.59442
;WIDTH:2.15553
G1 X-237.249 Y-324.255 E54.63693
;WIDTH:2.1083
G1 X-237.463 Y-324.074 E54.67845
;WIDTH:2.06107
G1 X-237.677 Y-323.893 E54.71898
;WIDTH:2.01383
G1 X-237.892 Y-323.713 E54.75854
;WIDTH:1.9666
G1 X-238.106 Y-323.532 E54.79709
;WIDTH:1.91937
G1 X-240.089 Y-321.855 E55.14509
;WIDTH:1.87406
G1 X-242.071 Y-320.178 E55.48419
;WIDTH:1.82876
G1 X-244.185 Y-318.364 E55.83857
G1 E53.83857 F2400
G92 E0
G1 X-228.511 Y-329.851 F7800
G1 E2 F2400
;WIDTH:1.87334
G1 F12000
G1 X-228.721 Y-329.795 E2.02837
G1 X-228.875 Y-329.949 E2.0568
G1 X-228.819 Y-330.16 E2.0853
G1 X-228.608 Y-330.216 E2.1138
G1 X-228.454 Y-330.062 E2.14223
;WIDTH:1.92043
G1 X-228.293 Y-330.209 E2.17146
;WIDTH:1.96751
G1 X-228.132 Y-330.356 E2.20146
;WIDTH:2.01459
G1 X-227.971 Y-330.504 E2.23232
;WIDTH:2.06167
G1 X-227.809 Y-330.651 E2.26396
;WIDTH:2.10875
G1 X-227.648 Y-330.798 E2.29626
;WIDTH:2.15584
G1 X-227.487 Y-330.945 E2.32933
;WIDTH:2.20292
G1 X-227.326 Y-331.092 E2.36317
;WIDTH:2.25
G1 X-125.613 Y-432.791 E25.19588
G1 X-123.067 Y-432.337 E25.60642
G1 X-218.776 Y-336.645 E47.09092
;WIDTH:2.20319
G1 X-218.92 Y-336.517 E47.12083
;WIDTH:2.15639
G1 X-219.064 Y-336.39 E47.14996
;WIDTH:2.10959
G1 X-219.208 Y-336.263 E47.17842
;WIDTH:2.06278
G1 X-219.352 Y-336.136 E47.20621
;WIDTH:2.01598
G1 X-219.496 Y-336.009 E47.23333
;WIDTH:1.96917
G1 X-219.639 Y-335.882 E47.25967
;WIDTH:1.92237
G1 X-219.783 Y-335.755 E47.28544
;WIDTH:1.87557
G1 X-219.927 Y-335.628 E47.31054
;WIDTH:1.82876
G1 X-220.077 Y-335.778 E47.33753
G1 X-220.283 Y-335.723 E47.36466
G1 X-220.338 Y-335.518 E47.39166
G1 X-220.187 Y-335.367 E47.41883
G1 X-219.982 Y-335.422 E47.44583
G1 E45.44583 F2400
G92 E0
G1 X-212.102 Y-340.32 F7800
G1 E2 F2400
G1 F12000
G1 X-212.307 Y-340.265 E2.027
G1 X-212.457 Y-340.415 E2.05399
G1 X-212.402 Y-340.62 E2.08099
G1 X-212.197 Y-340.675 E2.10799
G1 X-212.047 Y-340.525 E2.13498
;WIDTH:1.87557
G1 X-211.903 Y-340.65 E2.15991
;WIDTH:1.92237
G1 X-211.759 Y-340.775 E2.1855
;WIDTH:1.96917
G1 X-211.615 Y-340.901 E2.21185
;WIDTH:2.01598
G1 X-211.471 Y-341.026 E2.23878
;WIDTH:2.06278
G1 X-211.328 Y-341.151 E2.26627
;WIDTH:2.10959
G1 X-211.184 Y-341.276 E2.29454
;WIDTH:2.15639
G1 X-211.04 Y-341.402 E2.32357
;WIDTH:2.20319
G1 X-210.896 Y-341.527 E2.35317
;WIDTH:2.25
G1 X-120.597 Y-431.807 E22.62291
G1 X-118.207 Y-431.197 E23.01447
G1 X-203.619 Y-345.808 E42.18664
;WIDTH:2.20319
G1 X-203.763 Y-345.686 E42.21594
;WIDTH:2.15639
G1 X-203.907 Y-345.564 E42.24458
;WIDTH:2.10959
G1 X-204.051 Y-345.443 E42.27246
;WIDTH:2.06278
G1 X-204.194 Y-345.321 E42.29967
;WIDTH:2.01598
G1 X-204.338 Y-345.2 E42.32623
;WIDTH:1.96917
G1 X-204.482 Y-345.078 E42.35222
;WIDTH:1.92237
G1 X-204.626 Y-344.957 E42.37747
;WIDTH:1.87557
G1 X-204.77 Y-344.835 E42.40214
;WIDTH:1.82876
G1 X-204.92 Y-344.985 E42.42913
G1 X-205.125 Y-344.93 E42.45613
G1 X-205.18 Y-344.725 E42.48313
G1 X-205.03 Y-344.575 E42.51012
G1 X-204.825 Y-344.63 E42.53712
G1 E40.53712 F2400
G92 E0
G1 X-197.947 Y-348.524 F7800
G1 E2 F2400
G1 F12000
G1 X-198.152 Y-348.469 E2.027
G1 X-198.302 Y-348.619 E2.05399
G1 X-198.247 Y-348.824 E2.08099
G1 X-198.042 Y-348.879 E2.10799
G1 X-197.892 Y-348.729 E2.13498
;WIDTH:1.87557
G1 X-197.748 Y-348.849 E2.15948
;WIDTH:1.92237
G1 X-197.604 Y-348.969 E2.18464
;WIDTH:1.96917
G1 X-197.46 Y-349.089 E2.21046
;WIDTH:2.01598
G1 X-197.316 Y-349.208 E2.23684
;WIDTH:2.06278
G1 X-197.172 Y-349.328 E2.26397
;WIDTH:2.10959
G1 X-197.029 Y-349.448 E2.29164
;WIDTH:2.15639
G1 X-196.885 Y-349.568 E2.32008
;WIDTH:2.20319
G1 X-196.741 Y-349.688 E2.34918
;WIDTH:2.25
G1 X-115.901 Y-430.503 E20.49473
G1 X-113.693 Y-429.711 E20.8671
G1 X-190.268 Y-353.164 E38.05483
;WIDTH:2.20319
G1 X-190.412 Y-353.047 E38.08363
;WIDTH:2.15639
G1 X-190.556 Y-352.931 E38.11169
;WIDTH:2.10959
G1 X-190.7 Y-352.815 E38.1391
;WIDTH:2.06278
G1 X-190.844 Y-352.698 E38.16595
;WIDTH:2.01598
G1 X-190.988 Y-352.582 E38.19207
;WIDTH:1.96917
G1 X-191.131 Y-352.466 E38.21743
;WIDTH:1.92237
G1 X-191.275 Y-352.349 E38.24233
;WIDTH:1.87557
G1 X-191.419 Y-352.233 E38.2665
;WIDTH:1.82876
G1 X-191.569 Y-352.383 E38.29349
G1 X-191.775 Y-352.328 E38.32062
G1 X-191.83 Y-352.123 E38.34762
G1 X-191.679 Y-351.973 E38.3747
G1 X-191.474 Y-352.028 E38.4017
G1 E36.4017 F2400
G92 E0
G1 X-185.295 Y-355.222 F7800
G1 E2 F2400
G1 F12000
G1 X-185.5 Y-355.167 E2.027
G1 X-185.65 Y-355.317 E2.05399
G1 X-185.595 Y-355.522 E2.08099
G1 X-185.39 Y-355.577 E2.10799
G1 X-185.24 Y-355.427 E2.13498
;WIDTH:1.87557
G1 X-185.096 Y-355.542 E2.15907
;WIDTH:1.92237
G1 X-184.952 Y-355.657 E2.18381
;WIDTH:1.96917
G1 X-184.808 Y-355.771 E2.20911
;WIDTH:2.01598
G1 X-184.665 Y-355.886 E2.23503
;WIDTH:2.06278
G1 X-184.521 Y-356.001 E2.2617
;WIDTH:2.10959
G1 X-184.377 Y-356.115 E2.28893
;WIDTH:2.15639
G1 X-184.233 Y-356.23 E2.31689
;WIDTH:2.20319
G1 X-184.089 Y-356.345 E2.3455
;WIDTH:2.25
G1 X-111.577 Y-428.827 E18.62087
G1 X-109.557 Y-427.848 E18.97721
G1 X-178.176 Y-359.261 E34.37839
;WIDTH:2.20319
G1 X-178.319 Y-359.148 E34.40668
;WIDTH:2.15639
G1 X-178.463 Y-359.035 E34.43445
;WIDTH:2.10959
G1 X-178.607 Y-358.923 E34.46149
;WIDTH:2.06278
G1 X-178.751 Y-358.81 E34.48798
;WIDTH:2.01598
G1 X-178.895 Y-358.698 E34.51374
;WIDTH:1.96917
G1 X-179.039 Y-358.585 E34.53895
;WIDTH:1.92237
G1 X-179.183 Y-358.472 E34.56352
;WIDTH:1.87557
G1 X-179.326 Y-358.36 E34.58726
;WIDTH:1.82876
G1 X-179.477 Y-358.51 E34.61434
G1 X-179.682 Y-358.455 E34.64134
G1 X-179.737 Y-358.25 E34.66834
G1 X-179.587 Y-358.1 E34.69533
G1 X-179.381 Y-358.155 E34.72246
G1 E32.72246 F2400
G92 E0
G1 X-173.713 Y-360.846 F7800
G1 E2 F2400
G1 F12000
G1 X-173.918 Y-360.791 E2.027
G1 X-174.068 Y-360.941 E2.05399
G1 X-174.013 Y-361.146 E2.08099
G1 X-173.808 Y-361.201 E2.10799
G1 X-173.658 Y-361.051 E2.13498
;WIDTH:1.87557
G1 X-173.514 Y-361.161 E2.15867
;WIDTH:1.92237
G1 X-173.37 Y-361.271 E2.18299
;WIDTH:1.96917
G1 X-173.226 Y-361.381 E2.20795
;WIDTH:2.01598
G1 X-173.082 Y-361.491 E2.23354
;WIDTH:2.06278
G1 X-172.939 Y-361.601 E2.25965
;WIDTH:2.10959
G1 X-172.795 Y-361.712 E2.2866
;WIDTH:2.15639
G1 X-172.651 Y-361.822 E2.3141
;WIDTH:2.20319
G1 X-172.507 Y-361.932 E2.34223
;WIDTH:2.25
G1 X-107.649 Y-426.756 E16.89885
G1 X-105.857 Y-425.548 E17.24192
G1 X-166.918 Y-364.487 E30.94994
G1 X-167.062 Y-364.379 E30.97851
;WIDTH:2.20319
G1 X-167.206 Y-364.271 E31.00645
;WIDTH:2.15639
G1 X-167.35 Y-364.163 E31.03376
;WIDTH:2.10959
G1 X-167.494 Y-364.055 E31.06044
;WIDTH:2.06278
G1 X-167.638 Y-363.947 E31.08649
;WIDTH:2.01598
G1 X-167.781 Y-363.839 E31.1118
;WIDTH:1.96917
G1 X-167.925 Y-363.731 E31.13659
;WIDTH:1.92237
G1 X-168.069 Y-363.623 E31.16075
;WIDTH:1.87557
G1 X-168.213 Y-363.515 E31.18428
;WIDTH:1.82876
G1 X-168.363 Y-363.665 E31.21127
G1 X-168.569 Y-363.61 E31.2384
G1 X-168.624 Y-363.405 E31.2654
G1 X-168.473 Y-363.254 E31.29257
G1 X-168.268 Y-363.309 E31.31957
G1 E29.31957 F2400
G92 E0
G1 X-162.929 Y-365.656 F7800
G1 E2 F2400
G1 F12000
G1 X-163.134 Y-365.601 E2.027
G1 X-163.284 Y-365.751 E2.05399
G1 X-163.229 Y-365.957 E2.08112
G1 X-163.024 Y-366.012 E2.10812
G1 X-162.874 Y-365.861 E2.1352
;WIDTH:1.87557
G1 X-162.73 Y-365.969 E2.15873
;WIDTH:1.92237
G1 X-162.586 Y-366.076 E2.18281
;WIDTH:1.96917
G1 X-162.442 Y-366.183 E2.20752
;WIDTH:2.01598
G1 X-162.298 Y-366.29 E2.23286
;WIDTH:2.06278
G1 X-162.155 Y-366.397 E2.25871
;WIDTH:2.10959
G1 X-162.011 Y-366.504 E2.2853
;WIDTH:2.15639
G1 X-161.867 Y-366.612 E2.31261
;WIDTH:2.20319
G1 X-161.723 Y-366.719 E2.34046
;WIDTH:2.25
G1 X-161.579 Y-366.826 E2.36894
G1 X-104.194 Y-424.211 E15.25171
G1 X-102.668 Y-422.738 E15.5884
G1 X-156.449 Y-368.956 E27.6622
G1 X-156.593 Y-368.852 E27.6904
;WIDTH:2.20319
G1 X-156.737 Y-368.747 E27.71807
;WIDTH:2.15639
G1 X-156.881 Y-368.643 E27.74502
;WIDTH:2.10959
G1 X-157.025 Y-368.538 E27.77144
;WIDTH:2.06278
G1 X-157.169 Y-368.434 E27.79715
;WIDTH:2.01598
G1 X-157.312 Y-368.33 E27.82212
;WIDTH:1.96917
G1 X-157.456 Y-368.225 E27.84667
;WIDTH:1.92237
G1 X-157.6 Y-368.121 E27.87051
;WIDTH:1.87557
G1 X-157.744 Y-368.017 E27.89373
;WIDTH:1.82876
G1 X-157.894 Y-368.167 E27.92072
G1 X-158.1 Y-368.112 E27.94785
G1 X-158.155 Y-367.907 E27.97485
G1 X-158.004 Y-367.756 E28.00202
G1 X-157.799 Y-367.811 E28.02902
G1 E26.02902 F2400
G92 E0
G1 X-152.755 Y-369.857 F7800
G1 E2 F2400
G1 F12000
G1 X-152.96 Y-369.802 E2.027
G1 X-153.11 Y-369.952 E2.05399
G1 X-153.055 Y-370.158 E2.08112
G1 X-152.85 Y-370.213 E2.10812
G1 X-152.7 Y-370.062 E2.1352
;WIDTH:1.87557
G1 X-152.556 Y-370.167 E2.1585
;WIDTH:1.92237
G1 X-152.412 Y-370.271 E2.18234
;WIDTH:1.96917
G1 X-152.268 Y-370.375 E2.2068
;WIDTH:2.01598
G1 X-152.124 Y-370.479 E2.23189
;WIDTH:2.06278
G1 X-151.98 Y-370.583 E2.2576
;WIDTH:2.10959
G1 X-151.837 Y-370.688 E2.2839
;WIDTH:2.15639
G1 X-151.693 Y-370.792 E2.31085
;WIDTH:2.20319
G1 X-151.549 Y-370.896 E2.33843
;WIDTH:2.25
G1 X-151.405 Y-371 E2.36663
G1 X-101.302 Y-421.103 E13.61461
G1 X-100.115 Y-419.29 E13.95861
G1 X-146.538 Y-372.868 E24.38033
G1 X-146.682 Y-372.766 E24.40834
;WIDTH:2.20319
G1 X-146.825 Y-372.664 E24.43561
;WIDTH:2.15639
G1 X-146.969 Y-372.561 E24.46247
;WIDTH:2.10959
G1 X-147.113 Y-372.459 E24.48863
;WIDTH:2.06278
G1 X-147.257 Y-372.357 E24.51417
;WIDTH:2.01598
G1 X-147.401 Y-372.255 E24.53909
;WIDTH:1.96917
G1 X-147.545 Y-372.153 E24.56339
;WIDTH:1.92237
G1 X-147.689 Y-372.051 E24.58708
;WIDTH:1.87557
G1 X-147.832 Y-371.949 E24.61004
;WIDTH:1.82876
G1 X-147.983 Y-372.099 E24.63712
G1 X-148.188 Y-372.044 E24.66412
G1 X-148.243 Y-371.839 E24.69112
G1 X-148.093 Y-371.689 E24.71811
G1 X-147.887 Y-371.744 E24.74524
G1 E22.74524 F2400
G92 E0
G1 X-143.02 Y-373.611 F7800
G1 E2 F2400
G1 F12000
G1 X-143.225 Y-373.556 E2.027
G1 X-143.376 Y-373.706 E2.05408
G1 X-143.321 Y-373.912 E2.08121
G1 X-143.115 Y-373.967 E2.10834
G1 X-142.965 Y-373.816 E2.13542
;WIDTH:1.87557
G1 X-142.821 Y-373.918 E2.15849
;WIDTH:1.92237
G1 X-142.677 Y-374.021 E2.18225
;WIDTH:1.96917
G1 X-142.534 Y-374.123 E2.20644
;WIDTH:2.01598
G1 X-142.39 Y-374.225 E2.23136
;WIDTH:2.06278
G1 X-142.246 Y-374.327 E2.2569
;WIDTH:2.10959
G1 X-142.102 Y-374.429 E2.28306
;WIDTH:2.15639
G1 X-141.958 Y-374.531 E2.30984
;WIDTH:2.20319
G1 X-141.814 Y-374.633 E2.33723
;WIDTH:2.25
G1 X-141.67 Y-374.735 E2.36524
G1 X-99.132 Y-417.273 E11.9149
G1 X-98.384 Y-415.022 E12.29144
G1 X-136.921 Y-376.485 E20.94289
G1 X-137.065 Y-376.385 E20.97072
;WIDTH:2.20319
G1 X-137.208 Y-376.284 E20.9979
;WIDTH:2.15639
G1 X-137.352 Y-376.184 E21.0245
;WIDTH:2.10959
G1 X-137.496 Y-376.083 E21.05057
;WIDTH:2.06278
G1 X-137.64 Y-375.983 E21.07594
;WIDTH:2.01598
G1 X-137.784 Y-375.882 E21.10078
;WIDTH:1.96917
G1 X-137.928 Y-375.782 E21.12493
;WIDTH:1.92237
G1 X-138.072 Y-375.681 E21.14854
;WIDTH:1.87557
G1 X-138.215 Y-375.581 E21.17135
;WIDTH:1.82876
G1 X-138.366 Y-375.731 E21.19843
G1 X-138.571 Y-375.676 E21.22543
G1 X-138.626 Y-375.471 E21.25243
G1 X-138.476 Y-375.32 E21.27951
G1 X-138.27 Y-375.375 E21.30664
G1 E19.30664 F2400
G92 E0
G1 X-133.524 Y-377.122 F7800
G1 E2 F2400
G1 F12000
G1 X-133.729 Y-377.067 E2.027
G1 X-133.879 Y-377.217 E2.05399
G1 X-133.824 Y-377.423 E2.08112
G1 X-133.619 Y-377.478 E2.10812
G1 X-133.469 Y-377.327 E2.1352
;WIDTH:1.87557
G1 X-133.325 Y-377.428 E2.15819
;WIDTH:1.92237
G1 X-133.181 Y-377.528 E2.18172
;WIDTH:1.96917
G1 X-133.037 Y-377.629 E2.20594
;WIDTH:2.01598
G1 X-132.894 Y-377.729 E2.23058
;WIDTH:2.06278
G1 X-132.75 Y-377.83 E2.25604
;WIDTH:2.10959
G1 X-132.606 Y-377.93 E2.28203
;WIDTH:2.15639
G1 X-132.462 Y-378.031 E2.30872
;WIDTH:2.20319
G1 X-132.318 Y-378.131 E2.33594
;WIDTH:2.25
G1 X-132.174 Y-378.232 E2.36386
G1 X-97.9 Y-412.506 E10.05828
G1 X-97.75 Y-409.656 E10.51133
G1 X-127.428 Y-379.978 E17.17396
G1 X-127.572 Y-379.878 E17.20179
;WIDTH:2.20319
G1 X-127.715 Y-379.777 E17.22897
;WIDTH:2.15639
G1 X-127.859 Y-379.677 E17.25557
;WIDTH:2.10959
G1 X-128.003 Y-379.576 E17.28164
;WIDTH:2.06278
G1 X-128.147 Y-379.476 E17.30701
;WIDTH:2.01598
G1 X-128.291 Y-379.375 E17.33185
;WIDTH:1.96917
G1 X-128.435 Y-379.275 E17.356
;WIDTH:1.92237
G1 X-128.579 Y-379.174 E17.37961
;WIDTH:1.87557
G1 X-128.722 Y-379.074 E17.40242
;WIDTH:1.82876
G1 X-128.873 Y-379.224 E17.4295
G1 X-129.078 Y-379.169 E17.4565
G1 X-129.133 Y-378.964 E17.4835
G1 X-128.983 Y-378.814 E17.51049
G1 X-128.777 Y-378.869 E17.53762
G1 E15.53762 F2400
G92 E0
G1 X-124.031 Y-380.615 F7800
G1 E2 F2400
G1 F12000
G1 X-124.236 Y-380.56 E2.027
G1 X-124.386 Y-380.711 E2.05408
G1 X-124.331 Y-380.916 E2.08108
G1 X-124.126 Y-380.971 E2.10808
G1 X-123.976 Y-380.821 E2.13507
;WIDTH:1.87557
G1 X-123.832 Y-380.921 E2.15799
;WIDTH:1.92237
G1 X-123.688 Y-381.022 E2.1816
;WIDTH:1.96917
G1 X-123.544 Y-381.122 E2.20575
;WIDTH:2.01598
G1 X-123.4 Y-381.223 E2.23059
;WIDTH:2.06278
G1 X-123.257 Y-381.323 E2.25585
;WIDTH:2.10959
G1 X-123.113 Y-381.424 E2.28192
;WIDTH:2.15639
G1 X-122.969 Y-381.524 E2.30852
;WIDTH:2.20319
G1 X-122.825 Y-381.624 E2.33574
;WIDTH:2.25
G1 X-122.681 Y-381.725 E2.36366
G1 X-98.024 Y-406.382 E7.89909
G1 X-97.289 Y-405.855 E8.04266
;WIDTH:1.82876
G1 X-97.525 Y-404.597 E8.20549
G1 X-97.799 Y-403.409 E8.3606
;WIDTH:2.25
G1 X-98.831 Y-402.575 E8.57123
G1 X-117.736 Y-383.67 E12.81535
G1 X-117.88 Y-383.567 E12.84345
;WIDTH:2.20319
G1 X-118.024 Y-383.463 E12.87103
;WIDTH:2.15639
G1 X-118.168 Y-383.36 E12.89789
;WIDTH:2.10959
G1 X-118.311 Y-383.256 E12.9241
;WIDTH:2.06278
G1 X-118.455 Y-383.153 E12.94972
;WIDTH:2.01598
G1 X-118.599 Y-383.049 E12.97481
;WIDTH:1.96917
G1 X-118.743 Y-382.945 E12.99927
;WIDTH:1.92237
G1 X-118.887 Y-382.842 E13.02303
;WIDTH:1.87557
G1 X-119.031 Y-382.738 E13.04625
;WIDTH:1.82876
G1 X-119.181 Y-382.889 E13.07333
G1 X-119.386 Y-382.834 E13.10033
G1 X-119.441 Y-382.628 E13.12746
G1 X-119.291 Y-382.478 E13.15445
G1 X-119.086 Y-382.533 E13.18145
G1 E11.18145 F2400
G92 E0
G1 X-113.621 Y-385.091 F7800
G1 E2 F2400
G1 F12000
G1 X-113.771 Y-385.241 E2.02699
G1 X-113.976 Y-385.186 E2.05399
G1 X-114.031 Y-384.981 E2.08099
G1 X-113.881 Y-384.831 E2.10798
G1 X-113.676 Y-384.886 E2.13498
;WIDTH:1.87557
G1 X-113.526 Y-385.018 E2.1611
;WIDTH:1.92237
G1 X-113.376 Y-385.151 E2.18801
;WIDTH:1.96917
G1 X-113.226 Y-385.284 E2.21562
;WIDTH:2.01598
G1 X-113.076 Y-385.417 E2.24393
;WIDTH:2.06278
G1 X-112.926 Y-385.549 E2.27285
;WIDTH:2.10959
G1 X-112.776 Y-385.682 E2.30257
;WIDTH:2.15639
G1 X-112.626 Y-385.815 E2.33299
;WIDTH:2.20319
G1 X-112.476 Y-385.948 E2.36411
;WIDTH:2.25
G1 X-100.483 Y-397.944 E5.05684
;WIDTH:2.20319
G1 X-100.355 Y-398.094 E5.08745
;WIDTH:2.15639
G1 X-100.226 Y-398.244 E5.11747
;WIDTH:2.10959
G1 X-100.097 Y-398.394 E5.1468
;WIDTH:2.06278
G1 X-99.968 Y-398.544 E5.17543
;WIDTH:2.01598
G1 X-99.84 Y-398.694 E5.20328
;WIDTH:1.96917
G1 X-99.711 Y-398.844 E5.23053
;WIDTH:1.92237
G1 X-99.582 Y-398.994 E5.25709
;WIDTH:1.87557
G1 X-99.453 Y-399.144 E5.28295
;WIDTH:1.82876
G1 X-99.659 Y-399.089 E5.31008
G1 X-99.809 Y-399.239 E5.33707
G1 X-99.754 Y-399.444 E5.36407
G1 X-99.549 Y-399.499 E5.39107
G1 X-99.398 Y-399.349 E5.41815
G1 E3.41815 F2400
G92 E0
G1 X-103.268 Y-392.499 F7800
G1 E2 F2400
;WIDTH:1.85385
G1 F12000
G1 X-103.566 Y-392.153 E2.05895
;WIDTH:1.87894
G1 X-103.863 Y-391.806 E2.11877
;WIDTH:1.91126
G1 X-104.18 Y-391.466 E2.18078
;WIDTH:1.94358
G1 X-105.22 Y-390.409 E2.38217
;WIDTH:1.93533
G1 X-105.632 Y-390.028 E2.45804
;WIDTH:1.8913
G1 X-106.045 Y-389.646 E2.53224
;WIDTH:1.84727
G1 X-106.987 Y-388.829 E2.6926
G1 E.6926 F2400
G92 E0
G1 X-298.728 Y-271.676 F7800
G1 E2 F2400
;WIDTH:2.25
G1 F12000
G1 X-385.697 Y-184.706 E21.52441
G1 X-386.204 Y-181.2 E22.08675
G1 X-308.41 Y-259.026 E39.55488
;WIDTH:2.20429
G1 X-308.228 Y-259.24 E39.59851
;WIDTH:2.15858
G1 X-308.046 Y-259.454 E39.64118
;WIDTH:2.11288
G1 X-307.865 Y-259.668 E39.6828
;WIDTH:2.06717
G1 X-307.683 Y-259.883 E39.72366
;WIDTH:2.02146
G1 X-307.501 Y-260.097 E39.76345
;WIDTH:1.97575
G1 X-307.319 Y-260.311 E39.80228
;WIDTH:1.93005
G1 X-306.319 Y-261.489 E40.01057
;WIDTH:1.89629
G1 X-305.319 Y-262.666 E40.21486
;WIDTH:1.86252
G1 X-304.32 Y-263.843 E40.41516
;WIDTH:1.82876
G1 X-301.23 Y-267.319 E41.00684
G1 E39.00684 F2400
G92 E0
G1 X-312.762 Y-251.817 F7800
G1 E2 F2400
G1 F12000
G1 X-312.912 Y-251.967 E2.02699
G1 X-313.117 Y-251.912 E2.05399
G1 X-313.172 Y-251.707 E2.08099
G1 X-313.022 Y-251.557 E2.10798
G1 X-312.817 Y-251.612 E2.13498
;WIDTH:1.87557
G1 X-312.964 Y-251.462 E2.16243
;WIDTH:1.92237
G1 X-313.111 Y-251.312 E2.19062
;WIDTH:1.96917
G1 X-313.259 Y-251.162 E2.21964
;WIDTH:2.01598
G1 X-313.406 Y-251.012 E2.2493
;WIDTH:2.06278
G1 X-313.553 Y-250.862 E2.2797
;WIDTH:2.10959
G1 X-313.7 Y-250.712 E2.31083
;WIDTH:2.15639
G1 X-313.847 Y-250.562 E2.3427
;WIDTH:2.20319
G1 X-313.995 Y-250.412 E2.37541
;WIDTH:2.25
G1 X-386.682 Y-177.722 E18.69378
G1 X-387.1 Y-174.304 E19.24041
G1 X-318.061 Y-243.353 E34.7406
;WIDTH:2.20319
G1 X-317.921 Y-243.503 E34.77245
;WIDTH:2.15639
G1 X-317.781 Y-243.653 E34.80358
;WIDTH:2.10959
G1 X-317.641 Y-243.803 E34.834
;WIDTH:2.06278
G1 X-317.5 Y-243.953 E34.8638
;WIDTH:2.01598
G1 X-317.36 Y-244.103 E34.89278
;WIDTH:1.96917
G1 X-317.22 Y-244.253 E34.92104
;WIDTH:1.92237
G1 X-317.08 Y-244.403 E34.94858
;WIDTH:1.87557
G1 X-316.94 Y-244.552 E34.97531
;WIDTH:1.82876
G1 X-317.145 Y-244.497 E35.00231
G1 X-317.295 Y-244.648 E35.02939
G1 X-317.24 Y-244.853 E35.05639
G1 X-317.035 Y-244.908 E35.08339
G1 X-316.885 Y-244.758 E35.11038
G1 E33.11038 F2400
G92 E0
G1 X-320.168 Y-238.523 F7800
G1 E2 F2400
G1 F12000
G1 X-320.319 Y-238.674 E2.02717
G1 X-320.524 Y-238.619 E2.05417
G1 X-320.579 Y-238.413 E2.0813
G1 X-320.429 Y-238.263 E2.10829
G1 X-320.223 Y-238.318 E2.13542
;WIDTH:1.87557
G1 X-320.358 Y-238.168 E2.1618
;WIDTH:1.92237
G1 X-320.493 Y-238.018 E2.18889
;WIDTH:1.96917
G1 X-320.628 Y-237.868 E2.21668
;WIDTH:2.01598
G1 X-320.762 Y-237.718 E2.24509
;WIDTH:2.06278
G1 X-320.897 Y-237.568 E2.2743
;WIDTH:2.10959
G1 X-321.032 Y-237.418 E2.30421
;WIDTH:2.15639
G1 X-321.166 Y-237.268 E2.33473
;WIDTH:2.20319
G1 X-321.301 Y-237.118 E2.36606
;WIDTH:2.25
G1 X-387.502 Y-170.902 E17.22968
G1 X-387.838 Y-167.566 E17.76193
G1 X-323.995 Y-231.426 E32.09641
;WIDTH:2.20319
G1 X-323.863 Y-231.576 E32.12743
;WIDTH:2.15639
G1 X-323.73 Y-231.726 E32.15785
;WIDTH:2.10959
G1 X-323.598 Y-231.876 E32.18747
;WIDTH:2.06278
G1 X-323.465 Y-232.026 E32.21648
;WIDTH:2.01598
G1 X-323.332 Y-232.176 E32.24479
;WIDTH:1.96917
G1 X-323.2 Y-232.326 E32.27231
;WIDTH:1.92237
G1 X-323.067 Y-232.476 E32.29922
;WIDTH:1.87557
G1 X-322.935 Y-232.626 E32.32534
;WIDTH:1.82876
G1 X-323.14 Y-232.571 E32.35234
G1 X-323.29 Y-232.721 E32.37933
G1 X-323.235 Y-232.927 E32.40646
G1 X-323.03 Y-232.982 E32.43346
G1 X-322.88 Y-232.831 E32.46054
G1 E30.46054 F2400
G92 E0
G1 X-325.147 Y-227.593 F7800
G1 E2 F2400
G1 F12000
G1 X-325.297 Y-227.743 E2.02699
G1 X-325.502 Y-227.688 E2.05399
G1 X-325.557 Y-227.483 E2.08099
G1 X-325.407 Y-227.333 E2.10798
G1 X-325.202 Y-227.388 E2.13498
;WIDTH:1.87557
G1 X-325.331 Y-227.238 E2.16084
;WIDTH:1.92237
G1 X-325.461 Y-227.088 E2.18748
;WIDTH:1.96917
G1 X-325.59 Y-226.938 E2.21473
;WIDTH:2.01598
G1 X-325.719 Y-226.788 E2.24267
;WIDTH:2.06278
G1 X-325.849 Y-226.638 E2.2714
;WIDTH:2.10959
G1 X-325.978 Y-226.488 E2.30073
;WIDTH:2.15639
G1 X-326.108 Y-226.338 E2.33085
;WIDTH:2.20319
G1 X-326.237 Y-226.188 E2.36156
;WIDTH:2.25
G1 X-388.169 Y-164.236 E16.26737
G1 X-388.43 Y-160.974 E16.78685
G1 X-328.136 Y-221.294 E30.3256
;WIDTH:2.20319
G1 X-328.012 Y-221.444 E30.35581
;WIDTH:2.15639
G1 X-327.887 Y-221.594 E30.38544
;WIDTH:2.10959
G1 X-327.763 Y-221.744 E30.41429
;WIDTH:2.06278
G1 X-327.639 Y-221.894 E30.44246
;WIDTH:2.01598
G1 X-327.514 Y-222.044 E30.47004
;WIDTH:1.96917
G1 X-327.39 Y-222.194 E30.49684
;WIDTH:1.92237
G1 X-327.266 Y-222.344 E30.52296
;WIDTH:1.87557
G1 X-327.142 Y-222.494 E30.5484
;WIDTH:1.82876
G1 X-327.347 Y-222.439 E30.5754
G1 X-327.497 Y-222.589 E30.60239
G1 X-327.442 Y-222.794 E30.62939
G1 X-327.237 Y-222.849 E30.65639
G1 X-327.087 Y-222.699 E30.68338
G1 E28.68338 F2400
G92 E0
G1 X-328.827 Y-218.001 F7800
G1 E2 F2400
G1 F12000
G1 X-328.977 Y-218.152 E2.02708
G1 X-329.183 Y-218.097 E2.05421
G1 X-329.238 Y-217.891 E2.08134
G1 X-329.087 Y-217.741 E2.10842
G1 X-328.882 Y-217.796 E2.13542
;WIDTH:1.87557
G1 X-329.002 Y-217.646 E2.16053
;WIDTH:1.92237
G1 X-329.121 Y-217.496 E2.18623
;WIDTH:1.96917
G1 X-329.241 Y-217.346 E2.21269
;WIDTH:2.01598
G1 X-329.36 Y-217.196 E2.23973
;WIDTH:2.06278
G1 X-329.48 Y-217.046 E2.26753
;WIDTH:2.10959
G1 X-329.6 Y-216.896 E2.29601
;WIDTH:2.15639
G1 X-329.719 Y-216.746 E2.32506
;WIDTH:2.20319
G1 X-329.839 Y-216.596 E2.35488
;WIDTH:2.25
G1 X-388.691 Y-157.714 E15.57036
G1 X-388.884 Y-154.52 E16.07831
G1 X-331.33 Y-212.105 E29.0025
;WIDTH:2.20319
G1 X-331.21 Y-212.255 E29.03232
;WIDTH:2.15639
G1 X-331.091 Y-212.405 E29.06137
;WIDTH:2.10959
G1 X-330.971 Y-212.555 E29.08985
;WIDTH:2.06278
G1 X-330.852 Y-212.705 E29.11756
;WIDTH:2.01598
G1 X-330.732 Y-212.855 E29.14469
;WIDTH:1.96917
G1 X-330.613 Y-213.005 E29.17106
;WIDTH:1.92237
G1 X-330.493 Y-213.155 E29.19684
;WIDTH:1.87557
G1 X-330.373 Y-213.305 E29.22195
;WIDTH:1.82876
G1 X-330.579 Y-213.25 E29.24908
G1 X-330.729 Y-213.4 E29.27607
G1 X-330.674 Y-213.605 E29.30307
G1 X-330.469 Y-213.66 E29.33007
G1 X-330.318 Y-213.51 E29.35715
G1 E27.35715 F2400
G92 E0
G1 X-331.616 Y-209.254 F7800
G1 E2 F2400
G1 F12000
G1 X-331.766 Y-209.404 E2.02699
G1 X-331.971 Y-209.349 E2.05399
G1 X-332.026 Y-209.144 E2.08099
G1 X-331.876 Y-208.993 E2.10807
G1 X-331.671 Y-209.048 E2.13507
;WIDTH:1.87557
G1 X-331.786 Y-208.899 E2.15967
;WIDTH:1.92237
G1 X-331.901 Y-208.749 E2.18504
;WIDTH:1.96917
G1 X-332.016 Y-208.599 E2.21107
;WIDTH:2.01598
G1 X-332.131 Y-208.449 E2.23776
;WIDTH:2.06278
G1 X-332.246 Y-208.299 E2.26512
;WIDTH:2.10959
G1 X-332.361 Y-208.149 E2.29314
;WIDTH:2.15639
G1 X-332.476 Y-207.999 E2.32182
;WIDTH:2.20319
G1 X-332.591 Y-207.849 E2.35116
;WIDTH:2.25
G1 X-389.078 Y-151.326 E15.03638
G1 X-389.21 Y-148.195 E15.53385
G1 X-333.873 Y-203.532 E27.95685
G1 X-333.008 Y-205.032 E28.23172
;WIDTH:1.82876
G1 X-332.878 Y-204.527 E28.29806
G1 X-332.891 Y-204.151 E28.34592
G1 X-334.058 Y-199.392 E28.9693
;WIDTH:1.87557
G1 X-334.146 Y-199.409 E28.98102
;WIDTH:1.92237
G1 X-334.235 Y-199.427 E28.99321
;WIDTH:1.96917
G1 X-334.323 Y-199.445 E29.00558
;WIDTH:2.01598
G1 X-334.411 Y-199.463 E29.01827
;WIDTH:2.06278
G1 X-334.5 Y-199.481 E29.03141
;WIDTH:2.10959
G1 X-334.588 Y-199.498 E29.0447
;WIDTH:2.15639
G1 X-334.676 Y-199.516 E29.05833
;WIDTH:2.20319
G1 X-334.765 Y-199.534 E29.07243
;WIDTH:2.25
G1 X-334.853 Y-199.552 E29.08669
G1 X-389.339 Y-145.066 E41.31864
G1 X-389.413 Y-141.992 E41.80676
G1 X-335.76 Y-195.645 E53.85171
G1 X-336.537 Y-191.868 E54.46384
G1 X-389.48 Y-138.925 E66.3494
G1 X-389.502 Y-135.904 E66.82898
G1 X-337.236 Y-188.17 E78.56255
G1 X-337.84 Y-184.565 E79.1428
G1 X-389.509 Y-132.896 E90.74235
G1 X-389.482 Y-129.924 E91.21416
G1 X-338.375 Y-181.03 E102.68743
G1 X-338.829 Y-177.576 E103.24045
G1 X-389.431 Y-126.974 E114.60046
G1 X-389.359 Y-124.046 E115.0654
G1 X-339.231 Y-174.175 E126.31911
G1 X-339.551 Y-170.855 E126.84858
G1 X-389.252 Y-121.153 E138.00643
G1 X-389.139 Y-118.267 E138.46491
G1 X-339.858 Y-167.548 E149.52836
G1 X-340.058 Y-164.348 E150.03733
G1 X-388.978 Y-115.428 E161.01973
G1 X-388.816 Y-112.59 E161.47098
G1 X-340.258 Y-161.148 E172.37212
G1 X-340.368 Y-158.038 E172.86612
G1 X-388.612 Y-109.795 E183.69665
G1 X-388.397 Y-107.009 E184.14022
G1 X-340.462 Y-154.944 E194.90149
G1 X-340.513 Y-151.894 E195.38573
G1 X-388.159 Y-104.248 E206.08212
G1 X-387.893 Y-101.514 E206.51817
G1 X-340.509 Y-148.898 E217.15575
G1 X-340.505 Y-145.901 E217.6315
G1 X-387.623 Y-98.784 E228.20925
G1 X-387.307 Y-96.1 E228.63826
G1 X-340.423 Y-142.984 E239.16359
G1 X-340.331 Y-140.076 E239.62545
G1 X-386.99 Y-93.417 E250.10027
G1 X-386.643 Y-90.765 E250.52485
G1 X-340.215 Y-137.193 E260.94781
G1 X-340.043 Y-134.364 E261.39772
G1 X-386.277 Y-88.13 E271.77712
G1 X-385.904 Y-85.503 E272.19832
G1 X-339.872 Y-131.536 E282.53249
G1 X-339.649 Y-128.759 E282.97474
G1 X-385.491 Y-82.917 E293.26614
G1 X-385.077 Y-80.331 E293.68188
G1 X-339.404 Y-126.004 E303.93534
G1 X-339.159 Y-123.249 E304.3744
G1 X-384.634 Y-77.774 E314.58341
G1 X-384.173 Y-75.235 E314.99305
G1 X-338.853 Y-120.555 E325.16726
G1 X-338.539 Y-117.869 E325.59655
G1 X-383.71 Y-72.698 E335.73731
G1 X-383.203 Y-70.205 E336.14116
G1 X-338.221 Y-115.187 E346.23949
G1 X-337.845 Y-112.563 E346.66029
G1 X-382.696 Y-67.712 E356.72921
G1 X-382.17 Y-65.239 E357.13056
G1 X-337.469 Y-109.939 E367.1657
G1 X-337.082 Y-107.327 E367.58486
G1 X-381.618 Y-62.791 E377.58307
G1 X-381.066 Y-60.343 E377.98143
G1 X-336.648 Y-104.761 E387.95315
G1 X-336.214 Y-102.195 E388.36627
G1 X-380.479 Y-57.93 E398.30364
G1 X-379.883 Y-55.526 E398.69681
G1 X-335.767 Y-99.642 E408.60073
G1 X-335.279 Y-97.13 E409.00695
G1 X-379.282 Y-53.127 E418.8855
G1 X-378.643 Y-50.767 E419.27362
G1 X-334.791 Y-94.618 E429.11816
G1 X-334.291 Y-92.118 E429.52288
G1 X-378.003 Y-48.406 E439.3361
G1 X-377.348 Y-46.062 E439.72245
G1 X-333.753 Y-89.656 E449.50929
G1 X-333.215 Y-87.195 E449.90918
G1 X-376.665 Y-43.744 E459.6637
G1 X-375.982 Y-41.427 E460.04716
G1 X-332.666 Y-84.744 E469.77159
G1 X-332.08 Y-82.33 E470.16593
G1 X-375.275 Y-39.135 E479.86309
G1 X-374.55 Y-36.859 E480.24228
G1 X-331.494 Y-79.916 E489.90834
G1 X-330.907 Y-77.503 E490.30256
G1 X-373.826 Y-34.584 E499.93776
G1 X-373.069 Y-32.341 E500.31355
G1 X-330.275 Y-75.135 E509.92068
G1 X-329.644 Y-72.766 E510.30985
G1 X-372.303 Y-30.108 E519.88656
G1 X-371.536 Y-27.874 E520.26151
G1 X-329.013 Y-70.397 E529.8078
G1 X-328.346 Y-68.065 E530.19283
G1 X-370.733 Y-25.678 E539.70859
G1 X-369.926 Y-23.485 E540.07954
G1 X-327.672 Y-65.739 E549.56545
G1 X-326.998 Y-63.412 E549.95003
G1 X-369.117 Y-21.293 E559.40563
G1 X-368.27 Y-19.141 E559.77275
G1 X-326.3 Y-61.111 E569.1949
G1 X-325.586 Y-58.825 E569.57508
G1 X-367.422 Y-16.989 E578.96715
G1 X-366.571 Y-14.84 E579.33406
G1 X-324.872 Y-56.539 E588.69537
G1 X-324.145 Y-54.266 E589.0742
G1 X-365.684 Y-12.727 E598.39959
G1 X-364.796 Y-10.615 E598.76329
G1 X-323.393 Y-52.018 E608.05815
G1 X-322.641 Y-49.77 E608.43444
G1 X-363.904 Y-8.507 E617.69787
G1 X-362.977 Y-6.434 E618.05835
G1 X-321.887 Y-47.525 E627.28305
G1 X-321.098 Y-45.313 E627.65586
G1 X-362.05 Y-4.361 E636.84947
G1 X-361.119 Y-2.293 E637.20948
G1 X-320.31 Y-43.102 E646.37099
G1 X-319.521 Y-40.891 E646.74365
G1 X-360.153 Y-.258 E655.86553
G1 X-359.188 Y1.776 E656.22291
G1 X-318.709 Y-38.703 E665.31033
G1 X-317.885 Y-36.527 E665.67969
G1 X-358.219 Y3.807 E674.73456
G1 X-357.215 Y5.803 E675.08924
G1 X-317.062 Y-34.35 E684.10348
G1 X-316.228 Y-32.184 E684.47193
G1 X-356.211 Y7.798 E693.44789
G1 X-355.206 Y9.794 E693.80264
G1 X-315.372 Y-30.041 E702.74537
G1 X-314.515 Y-27.897 E703.1119
G1 X-354.164 Y11.752 E712.01299
G1 X-353.122 Y13.709 E712.36494
G1 X-313.659 Y-25.754 E721.22427
G1 X-312.772 Y-23.641 E721.58805
G1 X-352.079 Y15.667 E730.41247
G1 X-351.007 Y17.594 E730.76252
G1 X-311.883 Y-21.53 E739.54575
G1 X-310.995 Y-19.418 E739.90945
G1 X-349.93 Y19.517 E748.65025
G1 X-348.853 Y21.44 E749.00013
G1 X-310.091 Y-17.322 E757.70209
G1 X-309.171 Y-15.242 E758.06313
G1 X-347.756 Y23.343 E766.72535
G1 X-346.651 Y25.237 E767.07344
G1 X-308.252 Y-13.162 E775.69391
G1 X-307.331 Y-11.083 E776.05487
G1 X-345.545 Y27.131 E784.63381
G1 X-344.43 Y29.016 E784.98147
G1 X-306.381 Y-9.032 E793.52325
G1 X-305.431 Y-6.982 E793.88192
G1 X-343.297 Y30.884 E802.38273
G1 X-342.165 Y32.751 E802.72933
G1 X-304.481 Y-4.932 E811.18917
G1 X-303.517 Y-2.897 E811.54663
G1 X-341.033 Y34.619 E819.96887
G1 X-339.878 Y36.464 E820.31441
G1 X-302.538 Y-.876 E828.69714
G1 X-301.559 Y1.145 E829.05362
G1 X-338.722 Y38.308 E837.39661
G1 X-337.566 Y40.152 E837.7421
G1 X-300.58 Y3.165 E846.04547
G1 X-299.572 Y5.158 E846.40001
G1 X-336.4 Y41.986 E854.66779
G1 X-335.222 Y43.807 E855.01207
G1 X-298.565 Y7.15 E863.24146
G1 X-297.558 Y9.143 E863.59593
G1 X-334.044 Y45.629 E871.78694
G1 X-332.865 Y47.451 E872.13144
G1 X-296.537 Y11.122 E880.28709
G1 X-295.502 Y13.087 E880.63965
G1 X-331.67 Y49.256 E888.75938
G1 X-330.472 Y51.057 E889.10275
G1 X-294.467 Y15.052 E897.18577
G1 X-293.432 Y17.017 E897.53833
G1 X-329.273 Y52.858 E905.58453
G1 X-328.072 Y54.657 E905.9279
G1 X-292.371 Y18.955 E913.94279
G1 X-291.309 Y20.894 E914.29374
G1 X-326.855 Y56.44 E922.27372
G1 X-325.638 Y58.222 E922.61628
G1 X-290.248 Y22.832 E930.56124
G1 X-289.173 Y24.757 E930.91124
G1 X-324.42 Y60.005 E938.82421
G1 X-323.197 Y61.781 E939.16652
G1 X-288.085 Y26.669 E947.04907
G1 X-286.997 Y28.581 E947.39829
G1 X-321.962 Y63.547 E955.24795
G1 X-320.728 Y65.312 E955.58982
G1 X-285.909 Y30.493 E963.40659
G1 X-284.796 Y32.38 E963.75436
G1 X-319.493 Y67.077 E971.54374
G1 X-318.251 Y68.834 E971.8853
G1 X-283.682 Y34.266 E979.64583
G1 X-282.569 Y36.152 E979.99347
G1 X-317 Y70.584 E987.72325
G1 X-315.749 Y72.333 E988.0646
G1 X-281.443 Y38.027 E995.7662
G1 X-280.304 Y39.887 E996.11243
G1 X-314.498 Y74.082 E1003.789
G1 X-313.239 Y75.822 E1004.12994
G1 X-279.164 Y41.747 E1011.77968
G1 X-278.024 Y43.608 E1012.12612
G1 X-311.973 Y77.556 E1019.74746
G1 X-310.707 Y79.29 E1020.08828
G1 X-276.862 Y45.445 E1027.68639
G1 X-275.697 Y47.28 E1028.03143
G1 X-309.442 Y81.025 E1035.60709
G1 X-308.168 Y82.751 E1035.94764
G1 X-274.532 Y49.115 E1043.49883
G1 X-273.358 Y50.94 E1043.8433
G1 X-306.888 Y84.471 E1051.3708
G1 X-305.608 Y86.191 E1051.71115
G1 X-272.167 Y52.75 E1059.21856
G1 X-270.977 Y54.56 E1059.56242
G1 X-304.328 Y87.911 E1067.04963
G1 X-303.042 Y89.624 E1067.38966
G1 X-269.787 Y56.369 E1074.85531
G1 X-268.573 Y58.156 E1075.19825
G1 X-301.749 Y91.331 E1082.64606
G1 X-300.456 Y93.038 E1082.986
G1 X-267.356 Y59.938 E1090.41686
G1 X-266.139 Y61.721 E1090.75955
G1 X-299.163 Y94.745 E1098.17335
G1 X-297.865 Y96.447 E1098.51314
G1 X-264.915 Y63.497 E1105.91032
G1 X-263.672 Y65.254 E1106.25197
G1 X-296.56 Y98.142 E1113.63523
G1 X-295.255 Y99.837 E1113.97481
G1 X-262.429 Y67.011 E1121.34416
G1 X-261.186 Y68.768 E1121.68581
G1 X-293.95 Y101.531 E1129.04112
G1 X-292.642 Y103.223 E1129.38061
G1 X-259.933 Y70.514 E1136.72369
G1 X-258.667 Y72.249 E1137.06464
G1 X-291.325 Y104.906 E1144.39616
G1 X-290.008 Y106.59 E1144.73553
G1 X-257.402 Y73.984 E1152.05549
G1 X-256.137 Y75.719 E1152.39634
G1 X-288.692 Y108.273 E1159.70473
G1 X-287.374 Y109.955 E1160.04395
G1 X-254.862 Y77.443 E1167.3428
G1 X-253.577 Y79.158 E1167.68299
G1 X-286.047 Y111.628 E1174.97241
G1 X-284.719 Y113.3 E1175.31136
G1 X-252.293 Y80.873 E1182.59102
G1 X-251.008 Y82.589 E1182.93133
G1 X-283.392 Y114.973 E1190.20145
G1 X-282.065 Y116.645 E1190.5403
G1 X-249.716 Y84.297 E1197.80245
G1 X-248.415 Y85.995 E1198.14202
G1 X-280.729 Y118.309 E1205.39642
G1 X-279.391 Y119.971 E1205.73512
G1 X-247.113 Y87.693 E1212.98144
G1 X-245.811 Y89.391 E1213.32111
G1 X-278.053 Y121.634 E1220.55946
G1 X-276.716 Y123.296 E1220.89806
G1 X-244.507 Y91.087 E1228.12889
G1 X-243.19 Y92.77 E1228.46813
G1 X-275.373 Y124.953 E1235.69312
G1 X-274.025 Y126.605 E1236.03159
G1 X-241.873 Y94.453 E1243.24962
G1 X-240.556 Y96.136 E1243.58886
G1 X-272.678 Y128.258 E1250.80016
G1 X-271.331 Y129.911 E1251.13865
G1 X-239.239 Y97.818 E1258.34333
G1 X-237.912 Y99.492 E1258.68243
G1 X-269.981 Y131.561 E1265.88183
G1 X-268.625 Y133.204 E1266.22
G1 X-236.581 Y101.161 E1273.41368
G1 X-235.25 Y102.83 E1273.75256
G1 X-267.269 Y134.848 E1280.94062
G1 X-265.912 Y136.492 E1281.27902
G1 X-233.92 Y104.499 E1288.46125
G1 X-232.587 Y106.166 E1288.80008
G1 X-264.556 Y138.135 E1295.97703
G1 X-263.192 Y139.771 E1296.31516
G1 X-231.244 Y107.823 E1303.4874
G1 X-229.901 Y109.48 E1303.82599
G1 X-261.827 Y141.406 E1310.99329
G1 X-260.462 Y143.041 E1311.3314
G1 X-228.558 Y111.137 E1318.49376
G1 X-227.215 Y112.793 E1318.83222
G1 X-259.097 Y144.675 E1325.98964
G1 X-257.725 Y146.303 E1326.32761
G1 X-225.867 Y114.445 E1333.47964
G1 X-224.512 Y116.091 E1333.81808
G1 X-256.348 Y147.926 E1340.96506
G1 X-254.971 Y149.549 E1341.30294
G1 X-223.158 Y117.736 E1348.44487
G1 X-221.804 Y119.382 E1348.78321
G1 X-253.594 Y151.172 E1355.91998
G1 X-252.217 Y152.795 E1356.25786
G1 X-220.449 Y121.027 E1363.38969
G1 X-219.089 Y122.667 E1363.7279
G1 X-250.84 Y154.418 E1370.85591
G1 X-249.463 Y156.041 E1371.19379
G1 X-217.724 Y124.302 E1378.31911
G1 X-216.36 Y125.937 E1378.65712
G1 X-248.086 Y157.664 E1385.77963
G1 X-246.709 Y159.287 E1386.11751
G1 X-214.995 Y127.573 E1393.23721
G1 X-213.631 Y129.208 E1393.57522
G1 X-245.323 Y160.9 E1400.68999
G1 X-243.935 Y162.512 E1401.02767
G1 X-212.26 Y130.837 E1408.13862
G1 X-210.886 Y132.463 E1408.47655
G1 X-242.546 Y164.124 E1415.58424
G1 X-241.158 Y165.736 E1415.92192
G1 X-209.512 Y134.089 E1423.02647
G1 X-208.139 Y135.716 E1423.36442
G1 X-239.765 Y167.342 E1430.46437
G1 X-238.367 Y168.943 E1430.80177
G1 X-206.765 Y137.342 E1437.89622
G1 X-205.385 Y138.962 E1438.23404
G1 X-236.968 Y170.545 E1445.32434
G1 X-235.57 Y172.147 E1445.66186
G1 X-204.003 Y140.58 E1452.74856
G1 X-202.621 Y142.197 E1453.08623
G1 X-234.172 Y173.748 E1460.16934
G1 X-232.773 Y175.35 E1460.50697
G1 X-201.238 Y143.815 E1467.58649
G1 X-199.856 Y145.433 E1467.92428
G1 X-231.375 Y176.951 E1475.0001
G1 X-229.977 Y178.553 E1475.33762
G1 X-198.467 Y147.043 E1482.41153
G1 X-197.073 Y148.649 E1482.74912
G1 X-228.578 Y180.154 E1489.8219
G1 X-227.172 Y181.748 E1490.15931
G1 X-195.68 Y150.256 E1497.22918
G1 X-194.286 Y151.862 E1497.56677
G1 X-225.764 Y183.34 E1504.63349
G1 X-224.356 Y184.932 E1504.97087
G1 X-192.892 Y153.468 E1512.03445
G1 X-191.499 Y155.074 E1512.37193
G1 X-222.948 Y186.524 E1519.43225
G1 X-221.536 Y188.112 E1519.76957
G1 X-190.105 Y156.68 E1526.82585
G1 X-188.711 Y158.287 E1527.16356
G1 X-220.119 Y189.695 E1534.21457
G1 X-218.703 Y191.278 E1534.55173
G1 X-187.317 Y159.893 E1541.59769
G1 X-185.924 Y161.499 E1541.93517
G1 X-217.286 Y192.861 E1548.97585
G1 X-215.869 Y194.444 E1549.31311
G1 X-184.527 Y163.102 E1556.3493
G1 X-183.12 Y164.695 E1556.68669
G1 X-214.452 Y196.027 E1563.72064
G1 X-213.036 Y197.611 E1564.05791
G1 X-181.713 Y166.288 E1571.08984
G1 X-180.306 Y167.881 E1571.42723
G1 X-211.619 Y199.194 E1578.45691
G1 X-210.202 Y200.777 E1578.79417
G1 X-178.899 Y169.474 E1585.82161
G1 X-177.492 Y171.066 E1586.15888
G1 X-208.776 Y202.35 E1593.18205
G1 X-207.348 Y203.923 E1593.5193
G1 X-176.085 Y172.659 E1600.53787
G1 X-174.678 Y174.252 E1600.87526
G1 X-205.921 Y205.495 E1607.88923
G1 X-204.493 Y207.067 E1608.22636
G1 X-173.271 Y175.845 E1615.23561
G1 X-171.864 Y177.438 E1615.573
G1 X-203.066 Y208.64 E1622.57776
G1 X-201.638 Y210.212 E1622.91489
G1 X-170.457 Y179.03 E1629.91505
G1 X-169.044 Y180.618 E1630.25248
G1 X-200.21 Y211.784 E1637.24916
G1 X-198.783 Y213.356 E1637.58619
G1 X-167.628 Y182.202 E1644.58029
G1 X-166.212 Y183.786 E1644.91756
G1 X-197.351 Y214.925 E1651.90818
G1 X-195.914 Y216.487 E1652.24511
G1 X-164.796 Y185.37 E1659.2309
G1 X-163.38 Y186.954 E1659.56817
G1 X-194.476 Y218.05 E1666.54914
G1 X-193.039 Y219.612 E1666.88607
G1 X-161.962 Y188.535 E1673.86277
G1 X-160.538 Y190.111 E1674.19995
G1 X-191.602 Y221.175 E1681.17373
G1 X-190.164 Y222.737 E1681.51076
G1 X-159.114 Y191.687 E1688.4814
G1 X-157.691 Y193.263 E1688.81847
G1 X-188.727 Y224.299 E1695.78597
G1 X-187.289 Y225.862 E1696.12312
G1 X-156.267 Y194.839 E1703.08758
G1 X-154.843 Y196.415 E1703.42476
G1 X-185.851 Y227.423 E1710.38597
G1 X-184.405 Y228.977 E1710.72293
G1 X-153.419 Y197.991 E1717.6792
G1 X-151.995 Y199.567 E1718.01638
G1 X-182.958 Y230.53 E1724.96749
G1 X-181.512 Y232.084 E1725.30445
G1 X-150.571 Y201.143 E1732.25062
G1 X-149.147 Y202.719 E1732.5878
G1 X-180.065 Y233.638 E1739.52892
G1 X-178.619 Y235.191 E1739.86577
G1 X-147.723 Y204.295 E1746.80184
G1 X-146.294 Y205.865 E1747.13885
G1 X-177.173 Y236.745 E1754.07121
G1 X-175.726 Y238.298 E1754.40817
G1 X-144.858 Y207.43 E1761.33795
G1 X-143.423 Y208.994 E1761.67489
G1 X-174.28 Y239.852 E1768.60231
G1 X-172.824 Y241.395 E1768.93909
G1 X-141.987 Y210.559 E1775.8618
G1 X-140.552 Y212.123 E1776.19874
G1 X-171.367 Y242.939 E1783.11673
G1 X-169.911 Y244.482 E1783.45351
G1 X-139.116 Y213.687 E1790.3669
G1 X-137.681 Y215.252 E1790.70396
G1 X-168.455 Y246.026 E1797.61264
G1 X-166.998 Y247.57 E1797.94964
G1 X-136.245 Y216.816 E1804.85371
G1 X-134.81 Y218.381 E1805.19077
G1 X-165.542 Y249.113 E1812.09002
G1 X-164.086 Y250.657 E1812.42691
G1 X-133.374 Y219.945 E1819.32167
G1 X-131.939 Y221.509 E1819.65861
G1 X-162.63 Y252.2 E1826.54865
G1 X-161.173 Y253.744 E1826.88565
G1 X-130.503 Y223.074 E1833.77098
G1 X-129.068 Y224.638 E1834.10792
G1 X-159.717 Y255.287 E1840.98853
G1 X-158.261 Y256.831 E1841.32542
G1 X-127.632 Y226.203 E1848.20143
G1 X-126.197 Y227.767 E1848.53837
G1 X-156.801 Y258.371 E1855.40888
G1 X-155.334 Y259.904 E1855.74571
G1 X-124.761 Y229.331 E1862.60926
G1 X-123.32 Y230.89 E1862.94627
G1 X-153.868 Y261.438 E1869.80421
G1 X-152.401 Y262.971 E1870.14104
G1 X-121.871 Y232.441 E1876.99494
G1 X-120.422 Y233.991 E1877.33176
G1 X-150.934 Y264.504 E1884.18173
G1 X-149.467 Y266.037 E1884.51856
G1 X-118.973 Y235.542 E1891.36449
G1 X-117.523 Y237.093 E1891.70154
G1 X-148.001 Y267.57 E1898.54365
G1 X-146.534 Y269.103 E1898.88048
G1 X-116.074 Y238.644 E1905.71855
G1 X-114.625 Y240.195 E1906.05549
G1 X-145.067 Y270.637 E1912.88963
G1 X-143.6 Y272.17 E1913.22646
G1 X-113.176 Y241.745 E1920.05668
G1 X-111.727 Y243.296 E1920.39362
G1 X-142.134 Y273.703 E1927.21991
G1 X-140.664 Y275.233 E1927.55672
G1 X-110.278 Y244.847 E1934.37829
G1 X-108.829 Y246.398 E1934.71523
G1 X-139.189 Y276.757 E1941.53085
G1 X-137.713 Y278.282 E1941.86775
G1 X-107.38 Y247.949 E1948.67742
G1 X-105.931 Y249.5 E1949.01436
G1 X-136.238 Y279.806 E1955.81808
G1 X-134.762 Y281.331 E1956.15498
G1 X-104.482 Y251.05 E1962.95287
G1 X-103.033 Y252.601 E1963.28981
G1 X-133.287 Y282.855 E1970.08175
G1 X-131.811 Y284.379 E1970.41854
G1 X-101.584 Y254.152 E1977.20442
G1 X-100.135 Y255.703 E1977.54136
G1 X-130.336 Y285.904 E1984.3214
G1 X-128.86 Y287.428 E1984.65819
G1 X-98.686 Y257.254 E1991.43217
G1 X-97.237 Y258.805 E1991.76911
G1 X-127.385 Y288.953 E1998.53725
G1 X-125.907 Y290.475 E1998.87403
G1 X-95.788 Y260.355 E2005.63577
G1 X-94.339 Y261.906 E2005.97271
G1 X-124.421 Y291.989 E2012.72615
G1 X-122.935 Y293.503 E2013.06291
G1 X-92.882 Y263.45 E2019.80972
G1 X-91.422 Y264.99 E2020.14659
G1 X-121.449 Y295.017 E2026.88757
G1 X-119.964 Y296.531 E2027.22422
G1 X-89.962 Y266.529 E2033.95959
G1 X-88.501 Y268.069 E2034.29656
G1 X-118.478 Y298.045 E2041.0262
G1 X-116.992 Y299.559 E2041.36296
G1 X-87.041 Y269.608 E2048.08688
G1 X-85.581 Y271.147 E2048.42363
G1 X-115.506 Y301.073 E2055.14182
G1 X-114.02 Y302.587 E2055.47858
G1 X-84.12 Y272.687 E2062.19105
G1 X-82.66 Y274.226 E2062.5278
G1 X-112.534 Y304.101 E2069.23454
G1 X-111.048 Y305.615 E2069.5713
G1 X-81.199 Y275.766 E2076.27232
G1 X-79.739 Y277.305 E2076.60907
G1 X-109.562 Y307.129 E2083.30436
G1 X-108.076 Y308.643 E2083.64112
G1 X-78.279 Y278.845 E2090.33058
G1 X-76.818 Y280.384 E2090.66744
G1 X-106.59 Y310.157 E2097.35128
G1 X-105.104 Y311.671 E2097.68804
G1 X-75.358 Y281.924 E2104.36605
G1 X-73.897 Y283.463 E2104.70291
G1 X-103.618 Y313.185 E2111.3753
G1 X-102.133 Y314.699 E2111.71195
G1 X-72.437 Y285.003 E2118.37862
G1 X-70.969 Y286.534 E2118.71533
G1 X-100.647 Y316.212 E2125.37796
G1 X-99.161 Y317.726 E2125.71472
G1 X-69.498 Y288.063 E2132.37398
G1 X-68.027 Y289.592 E2132.71079
G1 X-97.675 Y319.24 E2139.36668
G1 X-96.189 Y320.754 E2139.70344
G1 X-66.556 Y291.121 E2146.35597
G1 X-65.085 Y292.65 E2146.69278
G1 X-94.703 Y322.268 E2153.34194
G1 X-93.217 Y323.782 E2153.6787
G1 X-63.614 Y294.179 E2160.32449
G1 X-62.143 Y295.708 E2160.6613
G1 X-91.731 Y325.296 E2167.30372
G1 X-90.245 Y326.81 E2167.64048
G1 X-60.672 Y297.237 E2174.27954
G1 X-59.201 Y298.766 E2174.61635
G1 X-88.759 Y328.324 E2181.25204
G1 X-87.273 Y329.838 E2181.5888
G1 X-57.731 Y300.295 E2188.22101
G1 X-56.26 Y301.824 E2188.55782
G1 X-85.788 Y331.352 E2195.18677
G1 X-84.302 Y332.866 E2195.52353
G1 X-54.789 Y303.353 E2202.14912
G1 X-53.318 Y304.882 E2202.48593
G1 X-82.816 Y334.38 E2209.10815
G1 X-81.33 Y335.894 E2209.44491
G1 X-51.847 Y306.411 E2216.06376
G1 X-50.376 Y307.94 E2216.40057
G1 X-79.848 Y337.413 E2223.01706
G1 X-78.373 Y338.937 E2223.35374
G1 X-48.905 Y309.469 E2229.96922
G1 X-47.434 Y310.998 E2230.30603
G1 X-76.897 Y340.461 E2236.92039
G1 X-75.422 Y341.986 E2237.25718
G1 X-45.963 Y312.527 E2243.87064
G1 X-44.493 Y314.056 E2244.20734
G1 X-73.946 Y343.51 E2250.81957
G1 X-72.471 Y345.034 E2251.15625
G1 X-43.022 Y315.585 E2257.76747
G1 X-41.551 Y317.114 E2258.10428
G1 X-70.995 Y346.558 E2264.71438
G1 X-69.519 Y348.083 E2265.05128
G1 X-40.08 Y318.643 E2271.66037
G1 X-38.604 Y320.168 E2271.99727
G1 X-68.044 Y349.607 E2278.60636
G1 X-66.568 Y351.131 E2278.94315
G1 X-37.124 Y321.687 E2285.55325
G1 X-35.643 Y323.206 E2285.89002
G1 X-65.093 Y352.656 E2292.50146
G1 X-63.617 Y354.18 E2292.83825
G1 X-34.162 Y324.725 E2299.45082
G1 X-32.681 Y326.244 E2299.78759
G1 X-62.141 Y355.704 E2306.40128
G1 X-60.666 Y357.228 E2306.73796
G1 X-31.2 Y327.763 E2313.35288
G1 X-29.719 Y329.282 E2313.68965
G1 X-59.19 Y358.753 E2320.30581
G1 X-57.715 Y360.277 E2320.64249
G1 X-28.238 Y330.801 E2327.25988
G1 X-26.757 Y332.32 E2327.59665
G1 X-56.239 Y361.801 E2334.21516
G1 X-54.763 Y363.326 E2334.55206
G1 X-25.277 Y333.839 E2341.1717
G1 X-23.796 Y335.358 E2341.50847
G1 X-53.293 Y364.855 E2348.13046
G1 X-51.83 Y366.392 E2348.46731
G1 X-22.315 Y336.877 E2355.09335
G1 X-20.834 Y338.396 E2355.43012
G1 X-50.366 Y367.928 E2362.05997
G1 X-48.903 Y369.465 E2362.39682
G1 X-19.353 Y339.915 E2369.03071
G1 X-17.872 Y341.434 E2369.36748
G1 X-47.44 Y371.002 E2376.00541
G1 X-45.977 Y372.538 E2376.34214
G1 X-16.385 Y342.947 E2382.98535
G1 X-14.894 Y344.455 E2383.32199
G1 X-44.514 Y374.075 E2389.9716
G1 X-43.05 Y375.612 E2390.30856
G1 X-13.402 Y345.963 E2396.96457
G1 X-11.91 Y347.471 E2397.30132
G1 X-41.587 Y377.148 E2403.96372
G1 X-40.124 Y378.685 E2404.30057
G1 X-10.418 Y348.979 E2410.96948
G1 X-8.927 Y350.488 E2411.30623
G1 X-38.661 Y380.222 E2417.98143
G1 X-37.198 Y381.758 E2418.31816
G1 X-7.435 Y351.996 E2424.99976
G1 X-5.943 Y353.504 E2425.33651
G1 X-35.734 Y383.295 E2432.02451
G1 X-34.271 Y384.832 E2432.36136
G1 X-4.451 Y355.012 E2439.05587
G1 X-2.96 Y356.52 E2439.39251
G1 X-32.808 Y386.368 E2446.0933
G1 X-31.345 Y387.905 E2446.43015
G1 X-1.468 Y358.028 E2453.13745
G1 X.024 Y359.536 E2453.4742
G1 X-29.882 Y389.442 E2460.18801
G1 X-28.418 Y390.978 E2460.52485
G1 X1.516 Y361.045 E2467.24484
G1 X3.007 Y362.553 E2467.58148
G1 X-26.955 Y392.515 E2474.30787
G1 X-25.492 Y394.052 E2474.64472
G1 X4.499 Y364.061 E2481.37762
G1 X5.991 Y365.569 E2481.71437
G1 X-24.029 Y395.588 E2488.45366
G1 X-22.565 Y397.125 E2488.79062
G1 X7.483 Y367.077 E2495.53631
G1 X8.974 Y368.585 E2495.87295
G1 X-21.102 Y398.662 E2502.62504
G1 X-19.639 Y400.198 E2502.96177
G1 X10.466 Y370.093 E2509.72026
G1 X11.958 Y371.602 E2510.05712
G1 X-18.176 Y401.735 E2516.82201
G1 X-16.713 Y403.272 E2517.15886
G1 X13.449 Y373.11 E2523.93014
G1 X14.941 Y374.618 E2524.26689
G1 X-15.249 Y404.808 E2531.04446
G1 X-13.788 Y406.347 E2531.38132
G1 X16.649 Y375.91 E2538.21434
G1 X18.91 Y376.649 E2538.59194
G1 X-12.337 Y407.896 E2545.6068
G1 X-10.885 Y409.444 E2545.94372
G1 X22.23 Y376.328 E2553.37806
G1 X23.73 Y375.243 E2553.67194
;WIDTH:1.82876
G1 X24.66 Y374.382 E2553.83317
;WIDTH:1.87192
G1 X30.633 Y368.286 E2554.9465
;WIDTH:1.91509
G1 X36.607 Y362.189 E2556.08758
;WIDTH:1.91528
G1 X36.612 Y362.183 E2556.08862
;WIDTH:1.96094
G1 X37.708 Y361.055 E2556.30426
;WIDTH:2.00661
G1 X38.804 Y359.927 E2556.52528
;WIDTH:2.05227
G1 X39.899 Y358.799 E2556.75157
;WIDTH:2.09794
G1 X40.995 Y357.671 E2556.98334
;WIDTH:2.1436
G1 X42.091 Y356.543 E2557.22048
;WIDTH:2.18927
G1 X43.187 Y355.415 E2557.463
;WIDTH:2.21963
G1 X43.915 Y354.665 E2557.62655
;WIDTH:2.25
G1 X348.222 Y50.326 E2625.94621
;WIDTH:2.20319
G1 X348.361 Y50.176 E2625.97796
;WIDTH:2.15639
G1 X348.501 Y50.026 E2626.00909
;WIDTH:2.10959
G1 X348.64 Y49.876 E2626.0394
;WIDTH:2.06278
G1 X348.78 Y49.726 E2626.0691
;WIDTH:2.01598
G1 X348.919 Y49.576 E2626.09798
;WIDTH:1.96917
G1 X349.058 Y49.426 E2626.12615
;WIDTH:1.92237
G1 X349.198 Y49.276 E2626.15369
;WIDTH:1.87557
G1 X349.337 Y49.126 E2626.18042
;WIDTH:1.82876
G1 X349.132 Y49.181 E2626.20742
G1 X348.981 Y49.031 E2626.2345
G1 X349.036 Y48.826 E2626.2615
G1 X349.242 Y48.771 E2626.28863
G1 X349.392 Y48.921 E2626.31562
G1 E2624.31562 F2400
G92 E0
G1 X345.942 Y55.389 F7800
G1 E2 F2400
G1 F12000
G1 X345.792 Y55.239 E2.02699
G1 X345.587 Y55.294 E2.05399
G1 X345.532 Y55.499 E2.08099
G1 X345.682 Y55.649 E2.10798
G1 X345.887 Y55.594 E2.13498
;WIDTH:1.87557
G1 X345.746 Y55.744 E2.16189
;WIDTH:1.92237
G1 X345.605 Y55.894 E2.18952
;WIDTH:1.96917
G1 X345.463 Y56.044 E2.21797
;WIDTH:2.01598
G1 X345.322 Y56.194 E2.24704
;WIDTH:2.06278
G1 X345.18 Y56.344 E2.27694
;WIDTH:2.10959
G1 X345.039 Y56.494 E2.30746
;WIDTH:2.15639
G1 X344.898 Y56.644 E2.3387
;WIDTH:2.20319
G1 X344.756 Y56.794 E2.37077
;WIDTH:2.25
G1 X-9.434 Y410.992 E81.88633
G1 X-7.982 Y412.54 E82.22325
G1 X341.046 Y63.506 E160.57974
;WIDTH:2.20319
G1 X341.189 Y63.356 E160.61191
;WIDTH:2.15639
G1 X341.333 Y63.206 E160.64346
;WIDTH:2.10959
G1 X341.476 Y63.056 E160.67418
;WIDTH:2.06278
G1 X341.619 Y62.906 E160.70417
;WIDTH:2.01598
G1 X341.763 Y62.756 E160.73354
;WIDTH:1.96917
G1 X341.906 Y62.606 E160.76208
;WIDTH:1.92237
G1 X342.049 Y62.456 E160.7899
;WIDTH:1.87557
G1 X342.193 Y62.306 E160.81708
;WIDTH:1.82876
G1 X341.987 Y62.361 E160.84421
G1 X341.837 Y62.211 E160.8712
G1 X341.892 Y62.006 E160.8982
G1 X342.097 Y61.951 E160.9252
G1 X342.248 Y62.101 E160.95228
G1 E158.95228 F2400
G92 E0
G1 X338.278 Y69.087 F7800
G1 E2 F2400
G1 F12000
G1 X338.128 Y68.937 E2.02699
G1 X337.923 Y68.992 E2.05399
G1 X337.868 Y69.197 E2.08099
G1 X338.018 Y69.347 E2.10798
G1 X338.223 Y69.292 E2.13498
;WIDTH:1.87557
G1 X338.078 Y69.442 E2.16225
;WIDTH:1.92237
G1 X337.933 Y69.592 E2.19025
;WIDTH:1.96917
G1 X337.788 Y69.742 E2.21898
;WIDTH:2.01598
G1 X337.642 Y69.892 E2.24854
;WIDTH:2.06278
G1 X337.497 Y70.042 E2.27874
;WIDTH:2.10959
G1 X337.352 Y70.192 E2.30967
;WIDTH:2.15639
G1 X337.207 Y70.342 E2.34133
;WIDTH:2.20319
G1 X337.062 Y70.492 E2.37372
;WIDTH:2.25
G1 X-6.53 Y414.089 E79.50973
G1 X-5.079 Y415.637 E79.84654
G1 X332.77 Y77.786 E155.69292
;WIDTH:2.20319
G1 X332.917 Y77.636 E155.72552
;WIDTH:2.15639
G1 X333.064 Y77.486 E155.75739
;WIDTH:2.10959
G1 X333.211 Y77.336 E155.78852
;WIDTH:2.06278
G1 X333.358 Y77.186 E155.81892
;WIDTH:2.01598
G1 X333.505 Y77.036 E155.84858
;WIDTH:1.96917
G1 X333.652 Y76.886 E155.87751
;WIDTH:1.92237
G1 X333.799 Y76.736 E155.9057
;WIDTH:1.87557
G1 X333.945 Y76.586 E155.93306
;WIDTH:1.82876
G1 X333.74 Y76.641 E155.96006
G1 X333.59 Y76.491 E155.98705
G1 X333.645 Y76.285 E156.01418
G1 X333.85 Y76.23 E156.04118
G1 X334 Y76.381 E156.06826
G1 E154.06826 F2400
G92 E0
G1 X329.378 Y84.019 F7800
G1 E2 F2400
G1 F12000
G1 X329.227 Y83.869 E2.02708
G1 X329.022 Y83.924 E2.05408
G1 X328.967 Y84.129 E2.08108
G1 X329.117 Y84.279 E2.10807
G1 X329.323 Y84.224 E2.1352
;WIDTH:1.87557
G1 X329.174 Y84.374 E2.16284
;WIDTH:1.92237
G1 X329.025 Y84.524 E2.19122
;WIDTH:1.96917
G1 X328.876 Y84.674 E2.22034
;WIDTH:2.01598
G1 X328.728 Y84.824 E2.2501
;WIDTH:2.06278
G1 X328.579 Y84.974 E2.2807
;WIDTH:2.10959
G1 X328.43 Y85.124 E2.31204
;WIDTH:2.15639
G1 X328.282 Y85.274 E2.34401
;WIDTH:2.20319
G1 X328.133 Y85.424 E2.37683
;WIDTH:2.25
G1 X-3.627 Y417.185 E76.85614
G1 X-2.176 Y418.734 E77.19307
G1 X323.111 Y93.448 E150.21898
;WIDTH:2.2033
G1 X323.261 Y93.298 E150.25191
;WIDTH:2.1566
G1 X323.412 Y93.148 E150.28421
;WIDTH:2.10991
G1 X323.562 Y92.998 E150.31566
;WIDTH:2.06321
G1 X323.712 Y92.848 E150.34637
;WIDTH:2.01651
G1 X323.863 Y92.698 E150.37644
;WIDTH:1.96981
G1 X324.013 Y92.548 E150.40567
;WIDTH:1.92311
G1 X324.163 Y92.398 E150.43416
;WIDTH:1.87642
G1 X324.314 Y92.248 E150.462
;WIDTH:1.82972
G1 X324.108 Y92.303 E150.48914
G1 X323.958 Y92.153 E150.51614
G1 X324.013 Y91.947 E150.54328
G1 X324.218 Y91.892 E150.5703
G1 X324.369 Y92.043 E150.59748
G1 E148.59748 F2400
G92 E0
G1 X318.93 Y100.497 F7800
G1 E2 F2400
;WIDTH:1.8499
G1 F12000
G1 X318.778 Y100.345 E2.02769
G1 X318.57 Y100.401 E2.05543
G1 X318.515 Y100.608 E2.08302
G1 X318.667 Y100.761 E2.1108
G1 X318.874 Y100.705 E2.13842
;WIDTH:1.89435
G1 X318.722 Y100.855 E2.16664
;WIDTH:1.93881
G1 X318.57 Y101.004 E2.19547
;WIDTH:1.98327
G1 X318.418 Y101.154 E2.22511
;WIDTH:2.02772
G1 X318.266 Y101.304 E2.25546
;WIDTH:2.07218
G1 X318.114 Y101.454 E2.28652
;WIDTH:2.11663
G1 X317.962 Y101.603 E2.31818
;WIDTH:2.16109
G1 X317.81 Y101.753 E2.35066
;WIDTH:2.20554
G1 X317.657 Y101.903 E2.38396
;WIDTH:2.25
G1 X-.724 Y420.282 E73.85938
G1 X.728 Y421.83 E74.1963
G1 X311.731 Y110.832 E144.01504
;WIDTH:2.20272
G1 X311.904 Y110.664 E144.05247
;WIDTH:2.15545
G1 X312.077 Y110.496 E144.08904
;WIDTH:2.10818
G1 X312.251 Y110.328 E144.12487
;WIDTH:2.0609
G1 X312.424 Y110.159 E144.15984
;WIDTH:2.01363
G1 X312.597 Y109.991 E144.19386
;WIDTH:1.96635
G1 X312.771 Y109.823 E144.22712
;WIDTH:1.91908
G1 X312.944 Y109.655 E144.25943
;WIDTH:1.87181
G1 X312.733 Y109.711 E144.28791
G1 X312.579 Y109.557 E144.31632
G1 X312.636 Y109.347 E144.3447
G1 X312.846 Y109.29 E144.37308
G1 X313 Y109.444 E144.40149
G1 E142.40149 F2400
G92 E0
G1 X306.408 Y119.064 F7800
G1 E2 F2400
;WIDTH:1.90587
G1 F12000
G1 X306.251 Y118.907 E2.02953
G1 X306.036 Y118.964 E2.05911
G1 X305.979 Y119.179 E2.08869
G1 X306.136 Y119.336 E2.11822
G1 X306.35 Y119.278 E2.14771
;WIDTH:1.95503
G1 X306.148 Y119.47 E2.1858
;WIDTH:2.00419
G1 X305.946 Y119.662 E2.22491
;WIDTH:2.05336
G1 X305.745 Y119.854 E2.26494
;WIDTH:2.10252
G1 X305.543 Y120.046 E2.3061
;WIDTH:2.15168
G1 X305.341 Y120.237 E2.34819
;WIDTH:2.20084
G1 X305.139 Y120.429 E2.3914
;WIDTH:2.25
G1 X2.179 Y423.379 E70.40395
G1 X3.631 Y424.927 E70.74087
G1 X297.804 Y130.721 E136.78559
;WIDTH:2.20444
G1 X297.986 Y130.507 E136.82923
;WIDTH:2.15888
G1 X298.168 Y130.293 E136.87191
;WIDTH:2.11332
G1 X298.351 Y130.078 E136.91384
;WIDTH:2.06776
G1 X298.533 Y129.864 E136.9546
;WIDTH:2.02221
G1 X298.715 Y129.65 E136.99441
;WIDTH:1.97665
G1 X298.897 Y129.435 E137.03336
;WIDTH:1.93109
G1 X300.385 Y127.677 E137.34401
;WIDTH:1.89698
G1 X301.873 Y125.918 E137.64888
;WIDTH:1.86287
G1 X303.362 Y124.159 E137.94795
G1 E135.94795 F2400
G92 E0
G1 X296.363 Y134.049 F7800
G1 E2 F2400
;WIDTH:1.82876
G1 F12000
G1 X294.413 Y136.334 E2.38216
;WIDTH:1.87223
G1 X293.159 Y137.789 E2.63278
;WIDTH:1.9157
G1 X291.905 Y139.245 E2.88975
;WIDTH:1.95917
G1 X290.652 Y140.7 E3.15277
;WIDTH:2.00765
G1 X290.436 Y140.95 E3.19922
;WIDTH:2.05612
G1 X290.22 Y141.2 E3.24687
;WIDTH:2.10459
G1 X290.005 Y141.45 E3.29563
;WIDTH:2.15306
G1 X289.789 Y141.7 E3.34568
;WIDTH:2.20153
G1 X289.573 Y141.95 E3.39693
;WIDTH:2.25
G1 X5.082 Y426.475 E67.26818
G1 X6.534 Y428.023 E67.6051
G1 X280.063 Y154.459 E129.01553
;WIDTH:2.20002
G1 X280.327 Y154.159 E129.07747
;WIDTH:2.15003
G1 X280.592 Y153.859 E129.13802
;WIDTH:2.10005
G1 X280.857 Y153.559 E129.19707
;WIDTH:2.05006
G1 X281.121 Y153.259 E129.25453
;WIDTH:2.00008
G1 X281.33 Y153.023 E129.29868
;WIDTH:1.96069
G1 X282.838 Y151.3 E129.61258
;WIDTH:1.91671
G1 X284.346 Y149.577 E129.91895
;WIDTH:1.87274
G1 X285.855 Y147.855 E130.21777
;WIDTH:1.82876
G1 X287.82 Y145.592 E130.59906
G1 E128.59906 F2400
G92 E0
G1 X277.943 Y158.469 F7800
G1 E2 F2400
G1 F12000
G1 X277.789 Y158.644 E2.02966
;WIDTH:1.87094
G1 X276.182 Y160.446 E2.34445
;WIDTH:1.91312
G1 X274.575 Y162.248 E2.66686
;WIDTH:1.9553
G1 X272.968 Y164.05 E2.99689
;WIDTH:1.99748
G1 X271.361 Y165.852 E3.33454
;WIDTH:2.03966
G1 X269.754 Y167.654 E3.67981
;WIDTH:2.08172
G1 X269.484 Y167.954 E3.7388
;WIDTH:2.12379
G1 X269.214 Y168.254 E3.79906
;WIDTH:2.16586
G1 X268.944 Y168.554 E3.86059
;WIDTH:2.20793
G1 X268.673 Y168.854 E3.92349
;WIDTH:2.25
G1 X7.985 Y429.572 E62.45059
G1 X9.437 Y431.12 E62.78751
G1 X254.236 Y186.291 E117.74757
;WIDTH:2.20716
G1 X254.581 Y185.916 E117.82683
;WIDTH:2.16432
G1 X254.926 Y185.541 E117.90445
;WIDTH:2.12148
G1 X255.27 Y185.166 E117.98034
;WIDTH:2.07864
G1 X256.041 Y184.328 E118.1465
;WIDTH:2.02866
G1 X256.811 Y183.489 E118.30841
;WIDTH:1.97869
G1 X257.582 Y182.651 E118.46605
;WIDTH:1.92871
G1 X258.352 Y181.813 E118.61934
;WIDTH:1.87874
G1 X259.123 Y180.975 E118.76847
;WIDTH:1.82876
G1 X265.877 Y173.534 E120.04692
G1 E118.04692 F2400
G92 E0
G1 X250.256 Y192.155 F7800
G1 E2 F2400
G1 F12000
G1 X247.999 Y194.586 E2.42201
;WIDTH:1.87671
G1 X245.52 Y197.235 E2.89659
;WIDTH:1.92465
G1 X243.04 Y199.883 E3.38418
;WIDTH:1.9726
G1 X240.56 Y202.531 E3.88478
;WIDTH:2.02054
G1 X238.081 Y205.179 E4.3983
;WIDTH:2.06849
G1 X235.601 Y207.828 E4.92504
;WIDTH:2.10677
G1 X235.081 Y208.375 E5.03676
;WIDTH:2.14505
G1 X234.561 Y208.922 E5.15064
;WIDTH:2.18003
G1 X234.086 Y209.422 E5.25651
;WIDTH:2.21501
G1 X233.61 Y209.922 E5.36429
;WIDTH:2.25
G1 X10.889 Y432.668 E55.36734
G1 X12.34 Y434.217 E55.70427
G1 X199.555 Y246.972 E97.73688
;WIDTH:2.20755
G1 X200.275 Y246.222 E97.89862
;WIDTH:2.16511
G1 X203.998 Y242.344 E98.71785
;WIDTH:2.11706
G1 X207.72 Y238.466 E99.51764
;WIDTH:2.06901
G1 X211.443 Y234.589 E100.2981
;WIDTH:2.02096
G1 X215.165 Y230.711 E101.05924
;WIDTH:1.97291
G1 X218.888 Y226.833 E101.80115
;WIDTH:1.92486
G1 X222.611 Y222.955 E102.52372
;WIDTH:1.87681
G1 X226.333 Y219.078 E103.22678
G1 E101.22678 F2400
G92 E0
G1 X191.113 Y257.298 F7800
G1 E2 F2400
G1 F12000
G1 X187.39 Y261.176 E2.70324
;WIDTH:1.92486
G1 X183.667 Y265.053 E3.42572
;WIDTH:1.97291
G1 X179.945 Y268.931 E4.16753
;WIDTH:2.02096
G1 X176.222 Y272.809 E4.92877
;WIDTH:2.06901
G1 X172.5 Y276.687 E5.70924
;WIDTH:2.11706
G1 X168.777 Y280.565 E6.50914
;WIDTH:2.16511
G1 X165.055 Y284.442 E7.32815
;WIDTH:2.20755
G1 X164.335 Y285.192 E7.48989
;WIDTH:2.25
G1 X13.792 Y435.765 E41.28974
G1 X15.243 Y437.313 E41.62655
G1 X129.114 Y323.413 E67.19353
;WIDTH:2.20755
G1 X129.834 Y322.663 E67.35527
;WIDTH:2.16511
G1 X133.557 Y318.785 E68.1745
;WIDTH:2.11706
G1 X137.279 Y314.907 E68.97429
;WIDTH:2.06901
G1 X141.002 Y311.029 E69.75486
;WIDTH:2.02096
G1 X144.724 Y307.152 E70.5159
;WIDTH:1.97291
G1 X148.447 Y303.274 E71.25781
;WIDTH:1.92486
G1 X152.17 Y299.396 E71.98038
;WIDTH:1.87681
G1 X155.892 Y295.518 E72.68353
G1 E70.68353 F2400
G92 E0
G1 X120.672 Y333.739 F7800
G1 E2 F2400
G1 F12000
G1 X116.949 Y337.617 E2.70324
;WIDTH:1.92486
G1 X113.226 Y341.494 E3.42572
;WIDTH:1.97291
G1 X109.504 Y345.372 E4.16753
;WIDTH:2.02096
G1 X105.781 Y349.25 E4.92877
;WIDTH:2.06901
G1 X102.059 Y353.128 E5.70924
;WIDTH:2.11706
G1 X98.336 Y357.005 E6.50903
;WIDTH:2.16511
G1 X94.613 Y360.883 E7.32826
;WIDTH:2.20755
G1 X93.893 Y361.633 E7.49
;WIDTH:2.25
G1 X16.695 Y438.862 E24.82422
G1 X18.146 Y440.41 E25.16103
G1 X58.673 Y399.853 E34.2626
;WIDTH:2.20755
G1 X59.393 Y399.103 E34.42434
;WIDTH:2.16511
G1 X63.115 Y395.226 E35.24335
;WIDTH:2.11706
G1 X66.838 Y391.348 E36.04325
;WIDTH:2.06901
G1 X70.561 Y387.47 E36.82382
;WIDTH:2.02096
G1 X74.283 Y383.592 E37.58496
;WIDTH:1.97291
G1 X78.006 Y379.715 E38.32677
;WIDTH:1.92486
G1 X81.728 Y375.837 E39.04925
;WIDTH:1.87681
G1 X85.451 Y371.959 E39.75249
G1 E37.75249 F2400
G92 E0
G1 X50.231 Y410.18 F7800
G1 E2 F2400
;WIDTH:1.87681
G1 F12000
G1 X46.508 Y414.057 E2.70315
;WIDTH:1.92486
G1 X42.785 Y417.935 E3.42572
;WIDTH:1.97291
G1 X39.063 Y421.813 E4.16753
;WIDTH:2.02096
G1 X35.34 Y425.691 E4.92877
;WIDTH:2.06901
G1 X31.618 Y429.568 E5.70913
;WIDTH:2.11706
G1 X27.895 Y433.446 E6.50903
;WIDTH:2.16511
G1 X24.173 Y437.353 E7.33135
;WIDTH:2.12436
G1 X24.174 Y437.383 E7.33583
;WIDTH:2.08362
G1 X24.13 Y437.544 E7.36025
;WIDTH:2.04114
G1 X24.087 Y437.705 E7.3841
;WIDTH:1.99866
G1 X24.044 Y437.867 E7.40755
;WIDTH:1.95619
G1 X24 Y438.028 E7.43038
;WIDTH:1.91371
G1 X23.957 Y438.189 E7.45264
;WIDTH:1.87124
G1 X23.914 Y438.351 E7.4745
;WIDTH:1.82876
G1 X19.725 Y442.723 E8.24481
;WIDTH:1.87557
G1 X19.711 Y442.638 E8.25607
;WIDTH:1.92237
G1 X19.697 Y442.553 E8.26763
;WIDTH:1.96917
G1 X19.683 Y442.468 E8.27949
;WIDTH:2.01598
G1 X19.668 Y442.383 E8.29168
;WIDTH:2.06278
G1 X19.654 Y442.298 E8.30415
;WIDTH:2.10959
G1 X19.64 Y442.213 E8.31692
;WIDTH:2.15639
G1 X19.626 Y442.128 E8.32999
;WIDTH:2.20319
G1 X19.612 Y442.043 E8.34336
;WIDTH:2.25
G1 X19.598 Y441.958 E8.35703
G1 X22.732 Y438.824 E9.0606
G92 E0
M107
