{"capture_version":1,"generated_at":"1764013578"}
0,42,0,1203,53891,1203,-6,1.50902455e-08,1.50902455e-08
1,41,0,1203,53891,1203,-6,1.50902455e-08,1.50902455e-08
2,40,0,1203,53891,1203,-6,1.50902455e-08,1.50902455e-08
3,42,66007,24031,0,0,-2,3.46322815e-09,3.46322815e-09
4,41,66007,24031,0,0,-23,3.46322815e-09,3.46322815e-09
5,40,66007,24031,0,0,6,3.46322815e-09,3.46322815e-09
6,42,90038,9954,0,0,7,3.46322904e-09,3.46322904e-09
7,41,90038,9954,0,0,-25,3.46322904e-09,3.46322904e-09
8,40,90038,9954,0,0,19,3.46322904e-09,3.46322904e-09
9,42,99992,7638,0,0,7,3.46322881e-09,3.46322881e-09
10,41,99992,7638,0,0,-25,3.46322881e-09,3.46322881e-09
11,40,99992,7638,0,0,18,3.46322881e-09,3.46322881e-09
12,42,107630,6439,0,0,7,3.46322948e-09,3.46322948e-09
13,41,107630,6439,0,0,-26,3.46322948e-09,3.46322948e-09
14,40,107630,6439,0,0,19,3.46322948e-09,3.46322948e-09
15,42,114069,1938,3875,0,7,3.46322948e-09,3.46322948e-09
16,41,114069,1938,3875,0,-25,3.46322948e-09,3.46322948e-09
17,40,114069,1938,3875,0,18,3.46322948e-09,3.46322948e-09
18,42,119882,0,5775,0,6,3.46322948e-09,3.46322948e-09
19,41,119882,0,5775,0,-25,3.46322948e-09,3.46322948e-09
20,40,119882,0,5775,0,19,3.46322948e-09,3.46322948e-09
21,42,125657,0,5775,0,7,3.46322948e-09,3.46322948e-09
22,41,125657,0,5775,0,-25,3.46322948e-09,3.46322948e-09
23,40,125657,0,5775,0,18,3.46322948e-09,3.46322948e-09
24,42,131432,0,5775,0,7,3.46322993e-09,3.46322993e-09
25,41,131432,0,5775,0,-26,3.46322993e-09,3.46322993e-09
26,40,131432,0,5775,0,19,3.46322993e-09,3.46322993e-09
27,42,137207,0,5775,0,7,3.46322948e-09,3.46322948e-09
28,41,137207,0,5775,0,-25,3.46322948e-09,3.46322948e-09
29,40,137207,0,5775,0,18,3.46322948e-09,3.46322948e-09
30,42,142982,0,5775,0,7,3.46322948e-09,3.46322948e-09
31,41,142982,0,5775,0,-25,3.46322948e-09,3.46322948e-09
32,40,142982,0,5775,0,19,3.46322948e-09,3.46322948e-09
33,42,148757,0,5775,0,7,3.46322948e-09,3.46322948e-09
34,41,148757,0,5775,0,-25,3.46322948e-09,3.46322948e-09
35,40,148757,0,5775,0,19,3.46322948e-09,3.46322948e-09
36,42,154532,0,5775,0,7,3.46322948e-09,3.46322948e-09
37,41,154532,0,5775,0,-26,3.46322948e-09,3.46322948e-09
38,40,154532,0,5775,0,18,3.46322948e-09,3.46322948e-09
39,42,160307,0,5775,0,7,3.46322948e-09,3.46322948e-09
40,41,160307,0,5775,0,-25,3.46322948e-09,3.46322948e-09
41,40,160307,0,5775,0,19,3.46322948e-09,3.46322948e-09
42,42,166082,0,5775,0,7,3.46322948e-09,3.46322948e-09
43,41,166082,0,5775,0,-25,3.46322948e-09,3.46322948e-09
44,40,166082,0,5775,0,18,3.46322948e-09,3.46322948e-09
45,42,171857,0,5775,0,7,3.46322948e-09,3.46322948e-09
46,41,171857,0,5775,0,-25,3.46322948e-09,3.46322948e-09
47,40,171857,0,5775,0,19,3.46322948e-09,3.46322948e-09
48,42,177632,0,5775,0,7,3.46322948e-09,3.46322948e-09
49,41,177632,0,5775,0,-26,3.46322948e-09,3.46322948e-09
50,40,177632,0,5775,0,19,3.46322948e-09,3.46322948e-09
51,42,183407,0,5775,0,7,3.46322948e-09,3.46322948e-09
52,41,183407,0,5775,0,-25,3.46322948e-09,3.46322948e-09
53,40,183407,0,5775,0,18,3.46322948e-09,3.46322948e-09
54,42,189182,0,5775,0,7,3.46322948e-09,3.46322948e-09
55,41,189182,0,5775,0,-25,3.46322948e-09,3.46322948e-09
56,40,189182,0,5775,0,19,3.46322948e-09,3.46322948e-09
57,42,194957,0,5775,0,7,3.46322948e-09,3.46322948e-09
58,41,194957,0,5775,0,-25,3.46322948e-09,3.46322948e-09
59,40,194957,0,5775,0,19,3.46322948e-09,3.46322948e-09
60,42,200732,0,5775,0,8,3.46322948e-09,3.46322948e-09
61,41,200732,0,5775,0,-26,3.46322948e-09,3.46322948e-09
62,40,200732,0,5775,0,18,3.46322948e-09,3.46322948e-09
63,42,206507,0,5775,0,7,3.46322948e-09,3.46322948e-09
64,41,206507,0,5775,0,-25,3.46322948e-09,3.46322948e-09
65,40,206507,0,5775,0,19,3.46322948e-09,3.46322948e-09
66,42,212282,0,5775,0,7,3.46322948e-09,3.46322948e-09
67,41,212282,0,5775,0,-25,3.46322948e-09,3.46322948e-09
68,40,212282,0,5775,0,19,3.46322948e-09,3.46322948e-09
69,42,218057,0,5775,0,7,3.46322948e-09,3.46322948e-09
70,41,218057,0,5775,0,-25,3.46322948e-09,3.46322948e-09
71,40,218057,0,5775,0,18,3.46322948e-09,3.46322948e-09
72,42,223832,0,5775,0,7,3.46322948e-09,3.46322948e-09
73,41,223832,0,5775,0,-25,3.46322948e-09,3.46322948e-09
74,40,223832,0,5775,0,19,3.46322948e-09,3.46322948e-09
75,42,229607,0,5775,0,8,3.46322948e-09,3.46322948e-09
76,41,229607,0,5775,0,-26,3.46322948e-09,3.46322948e-09
77,40,229607,0,5775,0,19,3.46322948e-09,3.46322948e-09
78,42,235382,0,5775,0,7,3.46322948e-09,3.46322948e-09
79,41,235382,0,5775,0,-25,3.46322948e-09,3.46322948e-09
80,40,235382,0,5775,0,19,3.46322948e-09,3.46322948e-09
81,42,241157,0,5775,0,7,3.46322948e-09,3.46322948e-09
82,41,241157,0,5775,0,-25,3.46322948e-09,3.46322948e-09
83,40,241157,0,5775,0,18,3.46322948e-09,3.46322948e-09
84,42,246932,0,5775,0,7,3.46322948e-09,3.46322948e-09
85,41,246932,0,5775,0,-25,3.46322948e-09,3.46322948e-09
86,40,246932,0,5775,0,19,3.46322948e-09,3.46322948e-09
87,42,252707,0,5775,0,8,3.46322948e-09,3.46322948e-09
88,41,252707,0,5775,0,-26,3.46322948e-09,3.46322948e-09
89,40,252707,0,5775,0,19,3.46322948e-09,3.46322948e-09
90,42,258482,0,5775,0,7,3.46322948e-09,3.46322948e-09
91,41,258482,0,5775,0,-25,3.46322948e-09,3.46322948e-09
92,40,258482,0,5775,0,19,3.46322948e-09,3.46322948e-09
93,42,264257,0,5775,0,7,3.46322948e-09,3.46322948e-09
94,41,264257,0,5775,0,-25,3.46322948e-09,3.46322948e-09
95,40,264257,0,5775,0,19,3.46322948e-09,3.46322948e-09
96,42,270032,0,5775,0,8,3.46322948e-09,3.46322948e-09
97,41,270032,0,5775,0,-25,3.46322948e-09,3.46322948e-09
98,40,270032,0,5775,0,18,3.46322948e-09,3.46322948e-09
99,42,275807,0,5775,0,7,3.46322948e-09,3.46322948e-09
100,41,275807,0,5775,0,-25,3.46322948e-09,3.46322948e-09
101,40,275807,0,5775,0,19,3.46322948e-09,3.46322948e-09
102,42,281582,0,5775,0,8,3.46322948e-09,3.46322948e-09
103,41,281582,0,5775,0,-26,3.46322948e-09,3.46322948e-09
104,40,281582,0,5775,0,19,3.46322948e-09,3.46322948e-09
105,42,287357,0,5775,0,7,3.46322948e-09,3.46322948e-09
106,41,287357,0,5775,0,-25,3.46322948e-09,3.46322948e-09
107,40,287357,0,5775,0,19,3.46322948e-09,3.46322948e-09
108,42,293132,0,5775,0,8,3.46322948e-09,3.46322948e-09
109,41,293132,0,5775,0,-25,3.46322948e-09,3.46322948e-09
110,40,293132,0,5775,0,19,3.46322948e-09,3.46322948e-09
111,42,298907,0,5775,0,7,3.46322948e-09,3.46322948e-09
112,41,298907,0,5775,0,-25,3.46322948e-09,3.46322948e-09
113,40,298907,0,5775,0,18,3.46322948e-09,3.46322948e-09
114,42,304682,0,5775,0,7,3.46322948e-09,3.46322948e-09
115,41,304682,0,5775,0,-25,3.46322948e-09,3.46322948e-09
116,40,304682,0,5775,0,19,3.46322948e-09,3.46322948e-09
117,42,310457,0,5775,0,8,3.46322948e-09,3.46322948e-09
118,41,310457,0,5775,0,-26,3.46322948e-09,3.46322948e-09
119,40,310457,0,5775,0,19,3.46322948e-09,3.46322948e-09
120,42,316232,0,5775,0,8,3.46322948e-09,3.46322948e-09
121,41,316232,0,5775,0,-25,3.46322948e-09,3.46322948e-09
122,40,316232,0,5775,0,19,3.46322948e-09,3.46322948e-09
123,42,322007,0,5775,0,7,3.46322948e-09,3.46322948e-09
124,41,322007,0,5775,0,-25,3.46322948e-09,3.46322948e-09
125,40,322007,0,5775,0,19,3.46322948e-09,3.46322948e-09
126,42,327782,0,5775,0,8,3.46322948e-09,3.46322948e-09
127,41,327782,0,5775,0,-25,3.46322948e-09,3.46322948e-09
128,40,327782,0,5775,0,19,3.46322948e-09,3.46322948e-09
129,42,333557,0,5775,0,7,3.46322948e-09,3.46322948e-09
130,41,333557,0,5775,0,-25,3.46322948e-09,3.46322948e-09
131,40,333557,0,5775,0,19,3.46322948e-09,3.46322948e-09
132,42,339332,0,5775,0,8,3.46322948e-09,3.46322948e-09
133,41,339332,0,5775,0,-26,3.46322948e-09,3.46322948e-09
134,40,339332,0,5775,0,19,3.46322948e-09,3.46322948e-09
135,42,345107,0,5775,0,7,3.46322948e-09,3.46322948e-09
136,41,345107,0,5775,0,-25,3.46322948e-09,3.46322948e-09
137,40,345107,0,5775,0,19,3.46322948e-09,3.46322948e-09
138,42,350882,0,5775,0,8,3.46322948e-09,3.46322948e-09
139,41,350882,0,5775,0,-25,3.46322948e-09,3.46322948e-09
140,40,350882,0,5775,0,19,3.46322948e-09,3.46322948e-09
141,42,356657,0,5775,0,8,3.46322948e-09,3.46322948e-09
142,41,356657,0,5775,0,-25,3.46322948e-09,3.46322948e-09
143,40,356657,0,5775,0,19,3.46322948e-09,3.46322948e-09
144,42,362432,0,5775,0,7,3.46322948e-09,3.46322948e-09
145,41,362432,0,5775,0,-25,3.46322948e-09,3.46322948e-09
146,40,362432,0,5775,0,19,3.46322948e-09,3.46322948e-09
147,42,368207,0,5775,0,8,3.46322948e-09,3.46322948e-09
148,41,368207,0,5775,0,-26,3.46322948e-09,3.46322948e-09
149,40,368207,0,5775,0,19,3.46322948e-09,3.46322948e-09
150,42,373982,0,5775,0,8,3.46322948e-09,3.46322948e-09
151,41,373982,0,5775,0,-25,3.46322948e-09,3.46322948e-09
152,40,373982,0,5775,0,19,3.46322948e-09,3.46322948e-09
153,42,379757,0,5775,0,8,3.46322948e-09,3.46322948e-09
154,41,379757,0,5775,0,-25,3.46322948e-09,3.46322948e-09
155,40,379757,0,5775,0,19,3.46322948e-09,3.46322948e-09
156,42,385532,0,5775,0,7,3.46322948e-09,3.46322948e-09
157,41,385532,0,5775,0,-25,3.46322948e-09,3.46322948e-09
158,40,385532,0,5775,0,19,3.46322948e-09,3.46322948e-09
159,42,391307,0,5775,0,8,3.46322948e-09,3.46322948e-09
160,41,391307,0,5775,0,-25,3.46322948e-09,3.46322948e-09
161,40,391307,0,5775,0,19,3.46322948e-09,3.46322948e-09
162,42,397082,0,5775,0,8,3.46322948e-09,3.46322948e-09
163,41,397082,0,5775,0,-25,3.46322948e-09,3.46322948e-09
164,40,397082,0,5775,0,19,3.46322948e-09,3.46322948e-09
165,42,402857,0,5775,0,8,3.46322948e-09,3.46322948e-09
166,41,402857,0,5775,0,-26,3.46322948e-09,3.46322948e-09
167,40,402857,0,5775,0,19,3.46322948e-09,3.46322948e-09
168,42,408632,0,5775,0,8,3.46322948e-09,3.46322948e-09
169,41,408632,0,5775,0,-25,3.46322948e-09,3.46322948e-09
170,40,408632,0,5775,0,19,3.46322948e-09,3.46322948e-09
171,42,414407,0,5775,0,7,3.46323170e-09,3.46323170e-09
172,41,414407,0,5775,0,-25,3.46323170e-09,3.46323170e-09
173,40,414407,0,5775,0,19,3.46323170e-09,3.46323170e-09
174,42,420182,0,5775,0,8,3.46322881e-09,3.46322881e-09
175,41,420182,0,5775,0,-25,3.46322881e-09,3.46322881e-09
176,40,420182,0,5775,0,19,3.46322881e-09,3.46322881e-09
177,42,425957,0,5775,0,8,3.46322881e-09,3.46322881e-09
178,41,425957,0,5775,0,-25,3.46322881e-09,3.46322881e-09
179,40,425957,0,5775,0,19,3.46322881e-09,3.46322881e-09
180,42,431732,0,5775,0,8,3.46321727e-09,3.46321727e-09
181,41,431732,0,5775,0,-26,3.46321727e-09,3.46321727e-09
182,40,431732,0,5775,0,19,3.46321727e-09,3.46321727e-09
183,42,437507,0,5775,0,8,3.46322948e-09,3.46322948e-09
184,41,437507,0,5775,0,-25,3.46322948e-09,3.46322948e-09
185,40,437507,0,5775,0,19,3.46322948e-09,3.46322948e-09
186,42,443282,0,5775,0,8,3.46322948e-09,3.46322948e-09
187,41,443282,0,5775,0,-25,3.46322948e-09,3.46322948e-09
188,40,443282,0,5775,0,19,3.46322948e-09,3.46322948e-09
189,42,449057,0,5775,0,8,3.46322948e-09,3.46322948e-09
190,41,449057,0,5775,0,-25,3.46322948e-09,3.46322948e-09
191,40,449057,0,5775,0,19,3.46322948e-09,3.46322948e-09
192,42,454832,0,5775,0,8,3.46322948e-09,3.46322948e-09
193,41,454832,0,5775,0,-25,3.46322948e-09,3.46322948e-09
194,40,454832,0,5775,0,19,3.46322948e-09,3.46322948e-09
195,42,460607,0,5775,0,8,3.46322948e-09,3.46322948e-09
196,41,460607,0,5775,0,-25,3.46322948e-09,3.46322948e-09
197,40,460607,0,5775,0,19,3.46322948e-09,3.46322948e-09
198,42,466382,0,5775,0,8,3.46322948e-09,3.46322948e-09
199,41,466382,0,5775,0,-25,3.46322948e-09,3.46322948e-09
200,40,466382,0,5775,0,20,3.46322948e-09,3.46322948e-09
201,42,472157,0,5775,0,8,3.46322948e-09,3.46322948e-09
202,41,472157,0,5775,0,-26,3.46322948e-09,3.46322948e-09
203,40,472157,0,5775,0,19,3.46322948e-09,3.46322948e-09
204,42,477932,0,5775,0,8,3.46322948e-09,3.46322948e-09
205,41,477932,0,5775,0,-25,3.46322948e-09,3.46322948e-09
206,40,477932,0,5775,0,19,3.46322948e-09,3.46322948e-09
207,42,483707,0,5775,0,8,3.46322948e-09,3.46322948e-09
208,41,483707,0,5775,0,-25,3.46322948e-09,3.46322948e-09
209,40,483707,0,5775,0,19,3.46322948e-09,3.46322948e-09
210,42,489482,0,5775,0,8,3.46322948e-09,3.46322948e-09
211,41,489482,0,5775,0,-25,3.46322948e-09,3.46322948e-09
212,40,489482,0,5775,0,19,3.46322948e-09,3.46322948e-09
213,42,495257,0,5775,0,8,3.46322948e-09,3.46322948e-09
214,41,495257,0,5775,0,-25,3.46322948e-09,3.46322948e-09
215,40,495257,0,5775,0,19,3.46322948e-09,3.46322948e-09
216,42,501032,0,5775,0,8,3.46322948e-09,3.46322948e-09
217,41,501032,0,5775,0,-25,3.46322948e-09,3.46322948e-09
218,40,501032,0,5775,0,20,3.46322948e-09,3.46322948e-09
219,42,506807,0,5775,0,9,3.46322948e-09,3.46322948e-09
220,41,506807,0,5775,0,-26,3.46322948e-09,3.46322948e-09
221,40,506807,0,5775,0,19,3.46322948e-09,3.46322948e-09
222,42,512582,0,5775,0,8,3.46322948e-09,3.46322948e-09
223,41,512582,0,5775,0,-25,3.46322948e-09,3.46322948e-09
224,40,512582,0,5775,0,19,3.46322948e-09,3.46322948e-09
225,42,518357,0,5775,0,8,3.46322948e-09,3.46322948e-09
226,41,518357,0,5775,0,-25,3.46322948e-09,3.46322948e-09
227,40,518357,0,5775,0,19,3.46322948e-09,3.46322948e-09
228,42,524132,0,5775,0,8,3.46322948e-09,3.46322948e-09
229,41,524132,0,5775,0,-25,3.46322948e-09,3.46322948e-09
230,40,524132,0,5775,0,19,3.46322948e-09,3.46322948e-09
231,42,529907,0,5775,0,8,3.46322948e-09,3.46322948e-09
232,41,529907,0,5775,0,-25,3.46322948e-09,3.46322948e-09
233,40,529907,0,5775,0,20,3.46322948e-09,3.46322948e-09
234,42,535682,0,5775,0,9,3.46322948e-09,3.46322948e-09
235,41,535682,0,5775,0,-25,3.46322948e-09,3.46322948e-09
236,40,535682,0,5775,0,19,3.46322948e-09,3.46322948e-09
237,42,541457,0,5775,0,8,3.46322948e-09,3.46322948e-09
238,41,541457,0,5775,0,-25,3.46322948e-09,3.46322948e-09
239,40,541457,0,5775,0,19,3.46322948e-09,3.46322948e-09
240,42,547232,0,5775,0,8,3.46322948e-09,3.46322948e-09
241,41,547232,0,5775,0,-25,3.46322948e-09,3.46322948e-09
242,40,547232,0,5775,0,19,3.46322948e-09,3.46322948e-09
243,42,553007,0,5775,0,9,3.46322948e-09,3.46322948e-09
244,41,553007,0,5775,0,-26,3.46322948e-09,3.46322948e-09
245,40,553007,0,5775,0,20,3.46322948e-09,3.46322948e-09
246,42,558782,0,5775,0,8,3.46322948e-09,3.46322948e-09
247,41,558782,0,5775,0,-25,3.46322948e-09,3.46322948e-09
248,40,558782,0,5775,0,19,3.46322948e-09,3.46322948e-09
249,42,564557,0,5775,0,8,3.46322948e-09,3.46322948e-09
250,41,564557,0,5775,0,-25,3.46322948e-09,3.46322948e-09
251,40,564557,0,5775,0,19,3.46322948e-09,3.46322948e-09
252,42,570332,0,5775,0,9,3.46322948e-09,3.46322948e-09
253,41,570332,0,5775,0,-25,3.46322948e-09,3.46322948e-09
254,40,570332,0,5775,0,20,3.46322948e-09,3.46322948e-09
255,42,576107,0,5775,0,8,3.46322948e-09,3.46322948e-09
256,41,576107,0,5775,0,-25,3.46322948e-09,3.46322948e-09
257,40,576107,0,5775,0,19,3.46322948e-09,3.46322948e-09
258,42,581882,0,5775,0,8,3.46322948e-09,3.46322948e-09
259,41,581882,0,5775,0,-25,3.46322948e-09,3.46322948e-09
260,40,581882,0,5775,0,19,3.46322948e-09,3.46322948e-09
261,42,587657,0,5775,0,9,3.46322948e-09,3.46322948e-09
262,41,587657,0,5775,0,-25,3.46322948e-09,3.46322948e-09
263,40,587657,0,5775,0,20,3.46322948e-09,3.46322948e-09
264,42,593432,0,5775,0,8,3.46322948e-09,3.46322948e-09
265,41,593432,0,5775,0,-25,3.46322948e-09,3.46322948e-09
266,40,593432,0,5775,0,19,3.46322948e-09,3.46322948e-09
267,42,599207,0,5775,0,9,3.46322948e-09,3.46322948e-09
268,41,599207,0,5775,0,-26,3.46322948e-09,3.46322948e-09
269,40,599207,0,5775,0,19,3.46322948e-09,3.46322948e-09
270,42,604982,0,5775,0,8,3.46322948e-09,3.46322948e-09
271,41,604982,0,5775,0,-25,3.46322948e-09,3.46322948e-09
272,40,604982,0,5775,0,20,3.46322948e-09,3.46322948e-09
273,42,610757,0,5775,0,9,3.46322948e-09,3.46322948e-09
274,41,610757,0,5775,0,-25,3.46322948e-09,3.46322948e-09
275,40,610757,0,5775,0,19,3.46322948e-09,3.46322948e-09
276,42,616532,0,5775,0,8,3.46322948e-09,3.46322948e-09
277,41,616532,0,5775,0,-25,3.46322948e-09,3.46322948e-09
278,40,616532,0,5775,0,19,3.46322948e-09,3.46322948e-09
279,42,622307,0,5775,0,9,3.46322948e-09,3.46322948e-09
280,41,622307,0,5775,0,-25,3.46322948e-09,3.46322948e-09
281,40,622307,0,5775,0,20,3.46322948e-09,3.46322948e-09
282,42,628082,0,5775,0,8,3.46322948e-09,3.46322948e-09
283,41,628082,0,5775,0,-25,3.46322948e-09,3.46322948e-09
284,40,628082,0,5775,0,19,3.46322948e-09,3.46322948e-09
285,42,633857,0,5775,0,9,3.46322948e-09,3.46322948e-09
286,41,633857,0,5775,0,-25,3.46322948e-09,3.46322948e-09
287,40,633857,0,5775,0,20,3.46322948e-09,3.46322948e-09
288,42,639632,0,5775,0,8,3.46322948e-09,3.46322948e-09
289,41,639632,0,5775,0,-25,3.46322948e-09,3.46322948e-09
290,40,639632,0,5775,0,19,3.46322948e-09,3.46322948e-09
291,42,645407,0,5775,0,9,3.46322948e-09,3.46322948e-09
292,41,645407,0,5775,0,-25,3.46322948e-09,3.46322948e-09
293,40,645407,0,5775,0,19,3.46322948e-09,3.46322948e-09
294,42,651182,0,5775,0,9,3.46322948e-09,3.46322948e-09
295,41,651182,0,5775,0,-26,3.46322948e-09,3.46322948e-09
296,40,651182,0,5775,0,20,3.46322948e-09,3.46322948e-09
297,42,656957,0,5775,0,8,3.46322948e-09,3.46322948e-09
298,41,656957,0,5775,0,-25,3.46322948e-09,3.46322948e-09
299,40,656957,0,5775,0,19,3.46322948e-09,3.46322948e-09
300,42,662732,0,5775,0,9,3.46322948e-09,3.46322948e-09
301,41,662732,0,5775,0,-25,3.46322948e-09,3.46322948e-09
302,40,662732,0,5775,0,20,3.46322948e-09,3.46322948e-09
303,42,668507,0,5775,0,9,3.46322948e-09,3.46322948e-09
304,41,668507,0,5775,0,-25,3.46322948e-09,3.46322948e-09
305,40,668507,0,5775,0,19,3.46322948e-09,3.46322948e-09
306,42,674282,0,5775,0,8,3.46322948e-09,3.46322948e-09
307,41,674282,0,5775,0,-25,3.46322948e-09,3.46322948e-09
308,40,674282,0,5775,0,20,3.46322948e-09,3.46322948e-09
309,42,680057,0,5775,0,9,3.46322948e-09,3.46322948e-09
310,41,680057,0,5775,0,-25,3.46322948e-09,3.46322948e-09
311,40,680057,0,5775,0,19,3.46322948e-09,3.46322948e-09
312,42,685832,0,5775,0,9,3.46322948e-09,3.46322948e-09
313,41,685832,0,5775,0,-25,3.46322948e-09,3.46322948e-09
314,40,685832,0,5775,0,20,3.46322948e-09,3.46322948e-09
315,42,691607,0,5775,0,8,3.46322948e-09,3.46322948e-09
316,41,691607,0,5775,0,-25,3.46322948e-09,3.46322948e-09
317,40,691607,0,5775,0,19,3.46322948e-09,3.46322948e-09
318,42,697382,0,5775,0,9,3.46322948e-09,3.46322948e-09
319,41,697382,0,5775,0,-25,3.46322948e-09,3.46322948e-09
320,40,697382,0,5775,0,20,3.46322948e-09,3.46322948e-09
321,42,703157,0,5775,0,9,3.46322948e-09,3.46322948e-09
322,41,703157,0,5775,0,-25,3.46322948e-09,3.46322948e-09
323,40,703157,0,5775,0,19,3.46322948e-09,3.46322948e-09
324,42,708932,0,5775,0,9,3.46322948e-09,3.46322948e-09
325,41,708932,0,5775,0,-25,3.46322948e-09,3.46322948e-09
326,40,708932,0,5775,0,20,3.46322948e-09,3.46322948e-09
327,42,714707,0,5775,0,9,3.46322948e-09,3.46322948e-09
328,41,714707,0,5775,0,-26,3.46322948e-09,3.46322948e-09
329,40,714707,0,5775,0,19,3.46322948e-09,3.46322948e-09
330,42,720482,0,5775,0,8,3.46322948e-09,3.46322948e-09
331,41,720482,0,5775,0,-25,3.46322948e-09,3.46322948e-09
332,40,720482,0,5775,0,20,3.46322948e-09,3.46322948e-09
333,42,726257,0,5775,0,9,3.46322948e-09,3.46322948e-09
334,41,726257,0,5775,0,-25,3.46322948e-09,3.46322948e-09
335,40,726257,0,5775,0,19,3.46322948e-09,3.46322948e-09
336,42,732032,0,5775,0,9,3.46322948e-09,3.46322948e-09
337,41,732032,0,5775,0,-25,3.46322948e-09,3.46322948e-09
338,40,732032,0,5775,0,20,3.46322948e-09,3.46322948e-09
339,42,737807,0,5775,0,9,3.46322948e-09,3.46322948e-09
340,41,737807,0,5775,0,-25,3.46322948e-09,3.46322948e-09
341,40,737807,0,5775,0,19,3.46322948e-09,3.46322948e-09
342,42,743582,0,5775,0,9,3.46322948e-09,3.46322948e-09
343,41,743582,0,5775,0,-25,3.46322948e-09,3.46322948e-09
344,40,743582,0,5775,0,20,3.46322948e-09,3.46322948e-09
345,42,749357,0,5775,0,9,3.46322948e-09,3.46322948e-09
346,41,749357,0,5775,0,-25,3.46322948e-09,3.46322948e-09
347,40,749357,0,5775,0,20,3.46322948e-09,3.46322948e-09
348,42,755132,0,5775,0,9,3.46322948e-09,3.46322948e-09
349,41,755132,0,5775,0,-25,3.46322948e-09,3.46322948e-09
350,40,755132,0,5775,0,19,3.46322948e-09,3.46322948e-09
351,42,760907,0,5775,0,9,3.46322948e-09,3.46322948e-09
352,41,760907,0,5775,0,-25,3.46322948e-09,3.46322948e-09
353,40,760907,0,5775,0,20,3.46322948e-09,3.46322948e-09
354,42,766682,0,5775,0,9,3.46322881e-09,3.46322881e-09
355,41,766682,0,5775,0,-25,3.46322881e-09,3.46322881e-09
356,40,766682,0,5775,0,19,3.46322881e-09,3.46322881e-09
357,42,772457,0,5775,0,9,3.46320594e-09,3.46320594e-09
358,41,772457,0,5775,0,-25,3.46320594e-09,3.46320594e-09
359,40,772457,0,5775,0,20,3.46320594e-09,3.46320594e-09
360,42,778232,0,5775,0,9,3.46325346e-09,3.46325346e-09
361,41,778232,0,5775,0,-25,3.46325346e-09,3.46325346e-09
362,40,778232,0,5775,0,20,3.46325346e-09,3.46325346e-09
363,42,784007,0,5775,0,9,3.46325346e-09,3.46325346e-09
364,41,784007,0,5775,0,-25,3.46325346e-09,3.46325346e-09
365,40,784007,0,5775,0,19,3.46325346e-09,3.46325346e-09
366,42,789782,0,5775,0,9,3.46320594e-09,3.46320594e-09
367,41,789782,0,5775,0,-25,3.46320594e-09,3.46320594e-09
368,40,789782,0,5775,0,20,3.46320594e-09,3.46320594e-09
369,42,795557,0,5775,0,9,3.46320594e-09,3.46320594e-09
370,41,795557,0,5775,0,-26,3.46320594e-09,3.46320594e-09
371,40,795557,0,5775,0,19,3.46320594e-09,3.46320594e-09
372,42,801332,0,5775,0,9,3.46325346e-09,3.46325346e-09
373,41,801332,0,5775,0,-25,3.46325346e-09,3.46325346e-09
374,40,801332,0,5775,0,20,3.46325346e-09,3.46325346e-09
375,42,807107,0,5775,0,9,3.46325346e-09,3.46325346e-09
376,41,807107,0,5775,0,-25,3.46325346e-09,3.46325346e-09
377,40,807107,0,5775,0,20,3.46325346e-09,3.46325346e-09
378,42,812882,0,5775,0,9,3.46320594e-09,3.46320594e-09
379,41,812882,0,5775,0,-25,3.46320594e-09,3.46320594e-09
380,40,812882,0,5775,0,20,3.46320594e-09,3.46320594e-09
381,42,818657,0,5775,0,10,3.46320594e-09,3.46320594e-09
382,41,818657,0,5775,0,-25,3.46320594e-09,3.46320594e-09
383,40,818657,0,5775,0,19,3.46320594e-09,3.46320594e-09
384,42,824432,0,5775,0,9,3.46325346e-09,3.46325346e-09
385,41,824432,0,5775,0,-25,3.46325346e-09,3.46325346e-09
386,40,824432,0,5775,0,20,3.46325346e-09,3.46325346e-09
387,42,830207,0,5775,0,9,3.46325346e-09,3.46325346e-09
388,41,830207,0,5775,0,-25,3.46325346e-09,3.46325346e-09
389,40,830207,0,5775,0,20,3.46325346e-09,3.46325346e-09
390,42,835982,0,5775,0,9,3.46320594e-09,3.46320594e-09
391,41,835982,0,5775,0,-25,3.46320594e-09,3.46320594e-09
392,40,835982,0,5775,0,19,3.46320594e-09,3.46320594e-09
393,42,841757,0,5775,0,9,3.46320594e-09,3.46320594e-09
394,41,841757,0,5775,0,-25,3.46320594e-09,3.46320594e-09
395,40,841757,0,5775,0,20,3.46320594e-09,3.46320594e-09
396,42,847532,0,5775,0,10,3.46325346e-09,3.46325346e-09
397,41,847532,0,5775,0,-25,3.46325346e-09,3.46325346e-09
398,40,847532,0,5775,0,20,3.46325346e-09,3.46325346e-09
399,42,853307,0,5775,0,9,3.46325346e-09,3.46325346e-09
400,41,853307,0,5775,0,-25,3.46325346e-09,3.46325346e-09
401,40,853307,0,5775,0,19,3.46325346e-09,3.46325346e-09
402,42,859082,0,5775,0,9,3.46320594e-09,3.46320594e-09
403,41,859082,0,5775,0,-25,3.46320594e-09,3.46320594e-09
404,40,859082,0,5775,0,20,3.46320594e-09,3.46320594e-09
405,42,864857,0,5775,0,9,3.46320594e-09,3.46320594e-09
406,41,864857,0,5775,0,-25,3.46320594e-09,3.46320594e-09
407,40,864857,0,5775,0,20,3.46320594e-09,3.46320594e-09
408,42,870632,0,5775,0,10,3.46325346e-09,3.46325346e-09
409,41,870632,0,5775,0,-25,3.46325346e-09,3.46325346e-09
410,40,870632,0,5775,0,20,3.46325346e-09,3.46325346e-09
411,42,876407,0,5775,0,9,3.46325346e-09,3.46325346e-09
412,41,876407,0,5775,0,-25,3.46325346e-09,3.46325346e-09
413,40,876407,0,5775,0,20,3.46325346e-09,3.46325346e-09
414,42,882182,0,5775,0,9,3.46320594e-09,3.46320594e-09
415,41,882182,0,5775,0,-25,3.46320594e-09,3.46320594e-09
416,40,882182,0,5775,0,19,3.46320594e-09,3.46320594e-09
417,42,887957,0,5775,0,10,3.46320594e-09,3.46320594e-09
418,41,887957,0,5775,0,-25,3.46320594e-09,3.46320594e-09
419,40,887957,0,5775,0,20,3.46320594e-09,3.46320594e-09
420,42,893732,0,5775,0,9,3.46325346e-09,3.46325346e-09
421,41,893732,0,5775,0,-25,3.46325346e-09,3.46325346e-09
422,40,893732,0,5775,0,20,3.46325346e-09,3.46325346e-09
423,42,899507,0,5775,0,9,3.46325346e-09,3.46325346e-09
424,41,899507,0,5775,0,-25,3.46325346e-09,3.46325346e-09
425,40,899507,0,5775,0,20,3.46325346e-09,3.46325346e-09
426,42,905282,0,5775,0,10,3.46320594e-09,3.46320594e-09
427,41,905282,0,5775,0,-25,3.46320594e-09,3.46320594e-09
428,40,905282,0,5775,0,19,3.46320594e-09,3.46320594e-09
429,42,911057,0,5775,0,9,3.46320594e-09,3.46320594e-09
430,41,911057,0,5775,0,-25,3.46320594e-09,3.46320594e-09
431,40,911057,0,5775,0,20,3.46320594e-09,3.46320594e-09
432,42,916832,0,5775,0,10,3.46325346e-09,3.46325346e-09
433,41,916832,0,5775,0,-25,3.46325346e-09,3.46325346e-09
434,40,916832,0,5775,0,20,3.46325346e-09,3.46325346e-09
435,42,922607,0,5775,0,9,3.46325346e-09,3.46325346e-09
436,41,922607,0,5775,0,-25,3.46325346e-09,3.46325346e-09
437,40,922607,0,5775,0,20,3.46325346e-09,3.46325346e-09
438,42,928382,0,5775,0,10,3.46320594e-09,3.46320594e-09
439,41,928382,0,5775,0,-25,3.46320594e-09,3.46320594e-09
440,40,928382,0,5775,0,20,3.46320594e-09,3.46320594e-09
441,42,934157,0,5775,0,9,3.46320594e-09,3.46320594e-09
442,41,934157,0,5775,0,-25,3.46320594e-09,3.46320594e-09
443,40,934157,0,5775,0,20,3.46320594e-09,3.46320594e-09
444,42,939932,0,5775,0,10,3.46325346e-09,3.46325346e-09
445,41,939932,0,5775,0,-25,3.46325346e-09,3.46325346e-09
446,40,939932,0,5775,0,20,3.46325346e-09,3.46325346e-09
447,42,945707,0,5775,0,9,3.46325346e-09,3.46325346e-09
448,41,945707,0,5775,0,-25,3.46325346e-09,3.46325346e-09
449,40,945707,0,5775,0,19,3.46325346e-09,3.46325346e-09
450,42,951482,0,5775,0,10,3.46320594e-09,3.46320594e-09
451,41,951482,0,5775,0,-25,3.46320594e-09,3.46320594e-09
452,40,951482,0,5775,0,20,3.46320594e-09,3.46320594e-09
453,42,957257,0,5775,0,9,3.46320594e-09,3.46320594e-09
454,41,957257,0,5775,0,-25,3.46320594e-09,3.46320594e-09
455,40,957257,0,5775,0,20,3.46320594e-09,3.46320594e-09
456,42,963032,0,5775,0,10,3.46325346e-09,3.46325346e-09
457,41,963032,0,5775,0,-25,3.46325346e-09,3.46325346e-09
458,40,963032,0,5775,0,20,3.46325346e-09,3.46325346e-09
459,42,968807,0,5775,0,10,3.46325346e-09,3.46325346e-09
460,41,968807,0,5775,0,-25,3.46325346e-09,3.46325346e-09
461,40,968807,0,5775,0,20,3.46325346e-09,3.46325346e-09
462,42,974582,0,5775,0,9,3.46320594e-09,3.46320594e-09
463,41,974582,0,5775,0,-25,3.46320594e-09,3.46320594e-09
464,40,974582,0,5775,0,20,3.46320594e-09,3.46320594e-09
465,42,980357,0,5775,0,10,3.46320594e-09,3.46320594e-09
466,41,980357,0,5775,0,-25,3.46320594e-09,3.46320594e-09
467,40,980357,0,5775,0,20,3.46320594e-09,3.46320594e-09
468,42,986132,0,5775,0,10,3.46325346e-09,3.46325346e-09
469,41,986132,0,5775,0,-25,3.46325346e-09,3.46325346e-09
470,40,986132,0,5775,0,20,3.46325346e-09,3.46325346e-09
471,42,991907,0,5775,0,9,3.46325346e-09,3.46325346e-09
472,41,991907,0,5775,0,-25,3.46325346e-09,3.46325346e-09
473,40,991907,0,5775,0,20,3.46325346e-09,3.46325346e-09
474,42,997682,0,5775,0,10,3.46320594e-09,3.46320594e-09
475,41,997682,0,5775,0,-25,3.46320594e-09,3.46320594e-09
476,40,997682,0,5775,0,20,3.46320594e-09,3.46320594e-09
477,42,1003457,0,5775,0,10,3.46320594e-09,3.46320594e-09
478,41,1003457,0,5775,0,-25,3.46320594e-09,3.46320594e-09
479,40,1003457,0,5775,0,20,3.46320594e-09,3.46320594e-09
480,42,1009232,0,5775,0,9,3.46325346e-09,3.46325346e-09
481,41,1009232,0,5775,0,-25,3.46325346e-09,3.46325346e-09
482,40,1009232,0,5775,0,19,3.46325346e-09,3.46325346e-09
483,42,1015007,0,5775,0,10,3.46325346e-09,3.46325346e-09
484,41,1015007,0,5775,0,-25,3.46325346e-09,3.46325346e-09
485,40,1015007,0,5775,0,20,3.46325346e-09,3.46325346e-09
486,42,1020782,0,5775,0,10,3.46320594e-09,3.46320594e-09
487,41,1020782,0,5775,0,-25,3.46320594e-09,3.46320594e-09
488,40,1020782,0,5775,0,20,3.46320594e-09,3.46320594e-09
489,42,1026557,0,5775,0,10,3.46320594e-09,3.46320594e-09
490,41,1026557,0,5775,0,-25,3.46320594e-09,3.46320594e-09
491,40,1026557,0,5775,0,20,3.46320594e-09,3.46320594e-09
492,42,1032332,0,5775,0,10,3.46325346e-09,3.46325346e-09
493,41,1032332,0,5775,0,-25,3.46325346e-09,3.46325346e-09
494,40,1032332,0,5775,0,20,3.46325346e-09,3.46325346e-09
495,42,1038107,0,5775,0,9,3.46325346e-09,3.46325346e-09
496,41,1038107,0,5775,0,-25,3.46325346e-09,3.46325346e-09
497,40,1038107,0,5775,0,20,3.46325346e-09,3.46325346e-09
498,42,1043882,0,5775,0,10,3.46320594e-09,3.46320594e-09
499,41,1043882,0,5775,0,-25,3.46320594e-09,3.46320594e-09
500,40,1043882,0,5775,0,20,3.46320594e-09,3.46320594e-09
501,42,1049657,0,5775,0,10,3.46320594e-09,3.46320594e-09
502,41,1049657,0,5775,0,-25,3.46320594e-09,3.46320594e-09
503,40,1049657,0,5775,0,20,3.46320594e-09,3.46320594e-09
504,42,1055432,0,5775,0,10,3.46325346e-09,3.46325346e-09
505,41,1055432,0,5775,0,-25,3.46325346e-09,3.46325346e-09
506,40,1055432,0,5775,0,20,3.46325346e-09,3.46325346e-09
507,42,1061207,0,5775,0,10,3.46325346e-09,3.46325346e-09
508,41,1061207,0,5775,0,-25,3.46325346e-09,3.46325346e-09
509,40,1061207,0,5775,0,20,3.46325346e-09,3.46325346e-09
510,42,1066982,0,5775,0,10,3.46320594e-09,3.46320594e-09
511,41,1066982,0,5775,0,-25,3.46320594e-09,3.46320594e-09
512,40,1066982,0,5775,0,21,3.46320594e-09,3.46320594e-09
513,42,1072757,0,5775,0,10,3.46320594e-09,3.46320594e-09
514,41,1072757,0,5775,0,-25,3.46320594e-09,3.46320594e-09
515,40,1072757,0,5775,0,20,3.46320594e-09,3.46320594e-09
516,42,1078532,0,5775,0,10,3.46325346e-09,3.46325346e-09
517,41,1078532,0,5775,0,-25,3.46325346e-09,3.46325346e-09
518,40,1078532,0,5775,0,20,3.46325346e-09,3.46325346e-09
519,42,1084307,0,5775,0,10,3.46325346e-09,3.46325346e-09
520,41,1084307,0,5775,0,-25,3.46325346e-09,3.46325346e-09
521,40,1084307,0,5775,0,20,3.46325346e-09,3.46325346e-09
522,42,1090082,0,5775,0,10,3.46320594e-09,3.46320594e-09
523,41,1090082,0,5775,0,-25,3.46320594e-09,3.46320594e-09
524,40,1090082,0,5775,0,20,3.46320594e-09,3.46320594e-09
525,42,1095857,0,5775,0,10,3.46320594e-09,3.46320594e-09
526,41,1095857,0,5775,0,-25,3.46320594e-09,3.46320594e-09
527,40,1095857,0,5775,0,20,3.46320594e-09,3.46320594e-09
528,42,1101632,0,5775,0,10,3.46325346e-09,3.46325346e-09
529,41,1101632,0,5775,0,-25,3.46325346e-09,3.46325346e-09
530,40,1101632,0,5775,0,20,3.46325346e-09,3.46325346e-09
531,42,1107407,0,5775,0,10,3.46325346e-09,3.46325346e-09
532,41,1107407,0,5775,0,-24,3.46325346e-09,3.46325346e-09
533,40,1107407,0,5775,0,20,3.46325346e-09,3.46325346e-09
534,42,1113182,0,5775,0,10,3.46320594e-09,3.46320594e-09
535,41,1113182,0,5775,0,-25,3.46320594e-09,3.46320594e-09
536,40,1113182,0,5775,0,20,3.46320594e-09,3.46320594e-09
537,42,1118957,0,5775,0,10,3.46320594e-09,3.46320594e-09
538,41,1118957,0,5775,0,-25,3.46320594e-09,3.46320594e-09
539,40,1118957,0,5775,0,20,3.46320594e-09,3.46320594e-09
540,42,1124732,0,3875,1938,10,3.46325346e-09,3.46325346e-09
541,41,1124732,0,3875,1938,-25,3.46325346e-09,3.46325346e-09
542,40,1124732,0,3875,1938,20,3.46325346e-09,3.46325346e-09
543,42,1130545,0,0,6439,10,3.46325346e-09,3.46325346e-09
544,41,1130545,0,0,6439,-25,3.46325346e-09,3.46325346e-09
545,40,1130545,0,0,6439,20,3.46325346e-09,3.46325346e-09
546,42,1136984,0,0,7638,10,3.46320439e-09,3.46320439e-09
547,41,1136984,0,0,7638,-25,3.46320439e-09,3.46320439e-09
548,40,1136984,0,0,7638,21,3.46320439e-09,3.46320439e-09
549,42,1144622,0,0,9954,10,3.46320417e-09,3.46320417e-09
550,41,1144622,0,0,9954,-25,3.46320417e-09,3.46320417e-09
551,40,1144622,0,0,9954,20,3.46320417e-09,3.46320417e-09
552,42,1154576,0,0,24031,10,3.46325235e-09,3.46325235e-09
553,41,1154576,0,0,24031,-25,3.46325235e-09,3.46325235e-09
554,40,1154576,0,0,24031,20,3.46325235e-09,3.46325235e-09
555,43,1178607,24019,0,0,18.446539,3.46665341e-09,3.46665341e-09
556,42,1178607,24019,0,0,10,3.46665341e-09,3.46665341e-09
557,41,1178607,24019,0,0,12,3.46665341e-09,3.46665341e-09
558,40,1178607,24019,0,0,-26,3.46665341e-09,3.46665341e-09
559,43,1202626,9949,0,0,18.446539,3.46665341e-09,3.46665341e-09
560,42,1202626,9949,0,0,10,3.46665341e-09,3.46665341e-09
561,41,1202626,9949,0,0,12,3.46665341e-09,3.46665341e-09
562,40,1202626,9949,0,0,-26,3.46665341e-09,3.46665341e-09
563,43,1212575,7634,0,0,18.446539,3.46665407e-09,3.46665407e-09
564,42,1212575,7634,0,0,10,3.46665407e-09,3.46665407e-09
565,41,1212575,7634,0,0,12,3.46665407e-09,3.46665407e-09
566,40,1212575,7634,0,0,-26,3.46665407e-09,3.46665407e-09
567,43,1220209,6436,0,0,18.446539,3.46665407e-09,3.46665407e-09
568,42,1220209,6436,0,0,10,3.46665407e-09,3.46665407e-09
569,41,1220209,6436,0,0,12,3.46665407e-09,3.46665407e-09
570,40,1220209,6436,0,0,-26,3.46665407e-09,3.46665407e-09
571,43,1226645,1961,3846,0,18.446539,3.46665252e-09,3.46665252e-09
572,42,1226645,1961,3846,0,10,3.46665252e-09,3.46665252e-09
573,41,1226645,1961,3846,0,12,3.46665252e-09,3.46665252e-09
574,40,1226645,1961,3846,0,-26,3.46665252e-09,3.46665252e-09
575,43,1232452,0,5769,0,18.446539,3.46665252e-09,3.46665252e-09
576,42,1232452,0,5769,0,10,3.46665252e-09,3.46665252e-09
577,41,1232452,0,5769,0,13,3.46665252e-09,3.46665252e-09
578,40,1232452,0,5769,0,-26,3.46665252e-09,3.46665252e-09
579,43,1238221,0,5769,0,18.446539,3.46665252e-09,3.46665252e-09
580,42,1238221,0,5769,0,10,3.46665252e-09,3.46665252e-09
581,41,1238221,0,5769,0,12,3.46665252e-09,3.46665252e-09
582,40,1238221,0,5769,0,-26,3.46665252e-09,3.46665252e-09
583,43,1243990,0,5769,0,18.446539,3.46665252e-09,3.46665252e-09
584,42,1243990,0,5769,0,10,3.46665252e-09,3.46665252e-09
585,41,1243990,0,5769,0,12,3.46665252e-09,3.46665252e-09
586,40,1243990,0,5769,0,-26,3.46665252e-09,3.46665252e-09
587,43,1249759,0,5769,0,18.446539,3.46665252e-09,3.46665252e-09
588,42,1249759,0,5769,0,10,3.46665252e-09,3.46665252e-09
589,41,1249759,0,5769,0,12,3.46665252e-09,3.46665252e-09
590,40,1249759,0,5769,0,-26,3.46665252e-09,3.46665252e-09
591,43,1255528,0,5769,0,18.446539,3.46665252e-09,3.46665252e-09
592,42,1255528,0,5769,0,10,3.46665252e-09,3.46665252e-09
593,41,1255528,0,5769,0,12,3.46665252e-09,3.46665252e-09
594,40,1255528,0,5769,0,-26,3.46665252e-09,3.46665252e-09
595,43,1261297,0,5769,0,18.446539,3.46665252e-09,3.46665252e-09
596,42,1261297,0,5769,0,10,3.46665252e-09,3.46665252e-09
597,41,1261297,0,5769,0,13,3.46665252e-09,3.46665252e-09
598,40,1261297,0,5769,0,-26,3.46665252e-09,3.46665252e-09
599,43,1267066,0,5769,0,18.446539,3.46665252e-09,3.46665252e-09
600,42,1267066,0,5769,0,10,3.46665252e-09,3.46665252e-09
601,41,1267066,0,5769,0,12,3.46665252e-09,3.46665252e-09
602,40,1267066,0,5769,0,-26,3.46665252e-09,3.46665252e-09
603,43,1272835,0,5769,0,18.446539,3.46665252e-09,3.46665252e-09
604,42,1272835,0,5769,0,10,3.46665252e-09,3.46665252e-09
605,41,1272835,0,5769,0,12,3.46665252e-09,3.46665252e-09
606,40,1272835,0,5769,0,-26,3.46665252e-09,3.46665252e-09
607,43,1278604,0,5769,0,18.446539,3.46665252e-09,3.46665252e-09
608,42,1278604,0,5769,0,10,3.46665252e-09,3.46665252e-09
609,41,1278604,0,5769,0,12,3.46665252e-09,3.46665252e-09
610,40,1278604,0,5769,0,-26,3.46665252e-09,3.46665252e-09
611,43,1284373,0,5769,0,18.446539,3.46665252e-09,3.46665252e-09
612,42,1284373,0,5769,0,10,3.46665252e-09,3.46665252e-09
613,41,1284373,0,5769,0,13,3.46665252e-09,3.46665252e-09
614,40,1284373,0,5769,0,-26,3.46665252e-09,3.46665252e-09
615,43,1290142,0,5769,0,18.446539,3.46665252e-09,3.46665252e-09
616,42,1290142,0,5769,0,10,3.46665252e-09,3.46665252e-09
617,41,1290142,0,5769,0,12,3.46665252e-09,3.46665252e-09
618,40,1290142,0,5769,0,-26,3.46665252e-09,3.46665252e-09
619,43,1295911,0,5769,0,18.446539,3.46665252e-09,3.46665252e-09
620,42,1295911,0,5769,0,10,3.46665252e-09,3.46665252e-09
621,41,1295911,0,5769,0,12,3.46665252e-09,3.46665252e-09
622,40,1295911,0,5769,0,-26,3.46665252e-09,3.46665252e-09
623,43,1301680,0,5769,0,18.446539,3.46665252e-09,3.46665252e-09
624,42,1301680,0,5769,0,10,3.46665252e-09,3.46665252e-09
625,41,1301680,0,5769,0,13,3.46665252e-09,3.46665252e-09
626,40,1301680,0,5769,0,-26,3.46665252e-09,3.46665252e-09
627,43,1307449,0,5769,0,18.446539,3.46665252e-09,3.46665252e-09
628,42,1307449,0,5769,0,10,3.46665252e-09,3.46665252e-09
629,41,1307449,0,5769,0,12,3.46665252e-09,3.46665252e-09
630,40,1307449,0,5769,0,-26,3.46665252e-09,3.46665252e-09
631,43,1313218,0,5769,0,18.446539,3.46665252e-09,3.46665252e-09
632,42,1313218,0,5769,0,11,3.46665252e-09,3.46665252e-09
633,41,1313218,0,5769,0,13,3.46665252e-09,3.46665252e-09
634,40,1313218,0,5769,0,-26,3.46665252e-09,3.46665252e-09
635,43,1318987,0,5769,0,18.446539,3.46665252e-09,3.46665252e-09
636,42,1318987,0,5769,0,10,3.46665252e-09,3.46665252e-09
637,41,1318987,0,5769,0,12,3.46665252e-09,3.46665252e-09
638,40,1318987,0,5769,0,-26,3.46665252e-09,3.46665252e-09
639,43,1324756,0,5769,0,18.446539,3.46665252e-09,3.46665252e-09
640,42,1324756,0,5769,0,10,3.46665252e-09,3.46665252e-09
641,41,1324756,0,5769,0,12,3.46665252e-09,3.46665252e-09
642,40,1324756,0,5769,0,-26,3.46665252e-09,3.46665252e-09
643,43,1330525,0,5769,0,18.446539,3.46665252e-09,3.46665252e-09
644,42,1330525,0,5769,0,10,3.46665252e-09,3.46665252e-09
645,41,1330525,0,5769,0,13,3.46665252e-09,3.46665252e-09
646,40,1330525,0,5769,0,-26,3.46665252e-09,3.46665252e-09
647,43,1336294,0,5769,0,18.446539,3.46665252e-09,3.46665252e-09
648,42,1336294,0,5769,0,10,3.46665252e-09,3.46665252e-09
649,41,1336294,0,5769,0,12,3.46665252e-09,3.46665252e-09
650,40,1336294,0,5769,0,-26,3.46665252e-09,3.46665252e-09
651,43,1342063,0,5769,0,18.446539,3.46665252e-09,3.46665252e-09
652,42,1342063,0,5769,0,11,3.46665252e-09,3.46665252e-09
653,41,1342063,0,5769,0,13,3.46665252e-09,3.46665252e-09
654,40,1342063,0,5769,0,-26,3.46665252e-09,3.46665252e-09
655,43,1347832,0,5769,0,18.446539,3.46665252e-09,3.46665252e-09
656,42,1347832,0,5769,0,10,3.46665252e-09,3.46665252e-09
657,41,1347832,0,5769,0,12,3.46665252e-09,3.46665252e-09
658,40,1347832,0,5769,0,-26,3.46665252e-09,3.46665252e-09
659,43,1353601,0,5769,0,18.446539,3.46665252e-09,3.46665252e-09
660,42,1353601,0,5769,0,10,3.46665252e-09,3.46665252e-09
661,41,1353601,0,5769,0,13,3.46665252e-09,3.46665252e-09
662,40,1353601,0,5769,0,-26,3.46665252e-09,3.46665252e-09
663,43,1359370,0,5769,0,18.446539,3.46665252e-09,3.46665252e-09
664,42,1359370,0,5769,0,11,3.46665252e-09,3.46665252e-09
665,41,1359370,0,5769,0,13,3.46665252e-09,3.46665252e-09
666,40,1359370,0,5769,0,-26,3.46665252e-09,3.46665252e-09
667,43,1365139,0,5769,0,18.446539,3.46665252e-09,3.46665252e-09
668,42,1365139,0,5769,0,10,3.46665252e-09,3.46665252e-09
669,41,1365139,0,5769,0,12,3.46665252e-09,3.46665252e-09
670,40,1365139,0,5769,0,-26,3.46665252e-09,3.46665252e-09
671,43,1370908,0,5769,0,18.446539,3.46665252e-09,3.46665252e-09
672,42,1370908,0,5769,0,10,3.46665252e-09,3.46665252e-09
673,41,1370908,0,5769,0,13,3.46665252e-09,3.46665252e-09
674,40,1370908,0,5769,0,-26,3.46665252e-09,3.46665252e-09
675,43,1376677,0,5769,0,18.446539,3.46665252e-09,3.46665252e-09
676,42,1376677,0,5769,0,11,3.46665252e-09,3.46665252e-09
677,41,1376677,0,5769,0,12,3.46665252e-09,3.46665252e-09
678,40,1376677,0,5769,0,-26,3.46665252e-09,3.46665252e-09
679,43,1382446,0,5769,0,18.446539,3.46665252e-09,3.46665252e-09
680,42,1382446,0,5769,0,10,3.46665252e-09,3.46665252e-09
681,41,1382446,0,5769,0,13,3.46665252e-09,3.46665252e-09
682,40,1382446,0,5769,0,-26,3.46665252e-09,3.46665252e-09
683,43,1388215,0,5769,0,18.446539,3.46665252e-09,3.46665252e-09
684,42,1388215,0,5769,0,10,3.46665252e-09,3.46665252e-09
685,41,1388215,0,5769,0,13,3.46665252e-09,3.46665252e-09
686,40,1388215,0,5769,0,-26,3.46665252e-09,3.46665252e-09
687,43,1393984,0,5769,0,18.446539,3.46665252e-09,3.46665252e-09
688,42,1393984,0,5769,0,11,3.46665252e-09,3.46665252e-09
689,41,1393984,0,5769,0,12,3.46665252e-09,3.46665252e-09
690,40,1393984,0,5769,0,-26,3.46665252e-09,3.46665252e-09
691,43,1399753,0,5769,0,18.446539,3.46665252e-09,3.46665252e-09
692,42,1399753,0,5769,0,10,3.46665252e-09,3.46665252e-09
693,41,1399753,0,5769,0,13,3.46665252e-09,3.46665252e-09
694,40,1399753,0,5769,0,-26,3.46665252e-09,3.46665252e-09
695,43,1405522,0,5769,0,18.446539,3.46665252e-09,3.46665252e-09
696,42,1405522,0,5769,0,11,3.46665252e-09,3.46665252e-09
697,41,1405522,0,5769,0,13,3.46665252e-09,3.46665252e-09
698,40,1405522,0,5769,0,-26,3.46665252e-09,3.46665252e-09
699,43,1411291,0,5769,0,18.446539,3.46665252e-09,3.46665252e-09
700,42,1411291,0,5769,0,10,3.46665252e-09,3.46665252e-09
701,41,1411291,0,5769,0,12,3.46665252e-09,3.46665252e-09
702,40,1411291,0,5769,0,-26,3.46665252e-09,3.46665252e-09
703,43,1417060,0,5769,0,18.446539,3.46665252e-09,3.46665252e-09
704,42,1417060,0,5769,0,11,3.46665252e-09,3.46665252e-09
705,41,1417060,0,5769,0,13,3.46665252e-09,3.46665252e-09
706,40,1417060,0,5769,0,-26,3.46665252e-09,3.46665252e-09
707,43,1422829,0,5769,0,18.446539,3.46665252e-09,3.46665252e-09
708,42,1422829,0,5769,0,10,3.46665252e-09,3.46665252e-09
709,41,1422829,0,5769,0,13,3.46665252e-09,3.46665252e-09
710,40,1422829,0,5769,0,-26,3.46665252e-09,3.46665252e-09
711,43,1428598,0,5769,0,18.446539,3.46665252e-09,3.46665252e-09
712,42,1428598,0,5769,0,11,3.46665252e-09,3.46665252e-09
713,41,1428598,0,5769,0,13,3.46665252e-09,3.46665252e-09
714,40,1428598,0,5769,0,-26,3.46665252e-09,3.46665252e-09
715,43,1434367,0,5769,0,18.446539,3.46665252e-09,3.46665252e-09
716,42,1434367,0,5769,0,10,3.46665252e-09,3.46665252e-09
717,41,1434367,0,5769,0,13,3.46665252e-09,3.46665252e-09
718,40,1434367,0,5769,0,-26,3.46665252e-09,3.46665252e-09
719,43,1440136,0,5769,0,18.446539,3.46665252e-09,3.46665252e-09
720,42,1440136,0,5769,0,11,3.46665252e-09,3.46665252e-09
721,41,1440136,0,5769,0,12,3.46665252e-09,3.46665252e-09
722,40,1440136,0,5769,0,-26,3.46665252e-09,3.46665252e-09
723,43,1445905,0,5769,0,18.446539,3.46665252e-09,3.46665252e-09
724,42,1445905,0,5769,0,10,3.46665252e-09,3.46665252e-09
725,41,1445905,0,5769,0,13,3.46665252e-09,3.46665252e-09
726,40,1445905,0,5769,0,-26,3.46665252e-09,3.46665252e-09
727,43,1451674,0,5769,0,18.446539,3.46665541e-09,3.46665541e-09
728,42,1451674,0,5769,0,11,3.46665541e-09,3.46665541e-09
729,41,1451674,0,5769,0,13,3.46665541e-09,3.46665541e-09
730,40,1451674,0,5769,0,-26,3.46665541e-09,3.46665541e-09
731,43,1457443,0,5769,0,18.446539,3.46665407e-09,3.46665407e-09
732,42,1457443,0,5769,0,11,3.46665407e-09,3.46665407e-09
733,41,1457443,0,5769,0,13,3.46665407e-09,3.46665407e-09
734,40,1457443,0,5769,0,-26,3.46665407e-09,3.46665407e-09
735,43,1463212,0,5769,0,18.446539,3.46665541e-09,3.46665541e-09
736,42,1463212,0,5769,0,10,3.46665541e-09,3.46665541e-09
737,41,1463212,0,5769,0,13,3.46665541e-09,3.46665541e-09
738,40,1463212,0,5769,0,-26,3.46665541e-09,3.46665541e-09
739,43,1468981,0,5769,0,18.446539,3.46667361e-09,3.46667361e-09
740,42,1468981,0,5769,0,11,3.46667361e-09,3.46667361e-09
741,41,1468981,0,5769,0,13,3.46667361e-09,3.46667361e-09
742,40,1468981,0,5769,0,-26,3.46667361e-09,3.46667361e-09
743,43,1474750,0,5769,0,18.446539,3.46667361e-09,3.46667361e-09
744,42,1474750,0,5769,0,10,3.46667361e-09,3.46667361e-09
745,41,1474750,0,5769,0,13,3.46667361e-09,3.46667361e-09
746,40,1474750,0,5769,0,-26,3.46667361e-09,3.46667361e-09
747,43,1480519,0,5769,0,18.446539,3.46667361e-09,3.46667361e-09
748,42,1480519,0,5769,0,11,3.46667361e-09,3.46667361e-09
749,41,1480519,0,5769,0,13,3.46667361e-09,3.46667361e-09
750,40,1480519,0,5769,0,-26,3.46667361e-09,3.46667361e-09
751,43,1486288,0,5769,0,18.446539,3.46667361e-09,3.46667361e-09
752,42,1486288,0,5769,0,11,3.46667361e-09,3.46667361e-09
753,41,1486288,0,5769,0,13,3.46667361e-09,3.46667361e-09
754,40,1486288,0,5769,0,-26,3.46667361e-09,3.46667361e-09
755,43,1492057,0,5769,0,18.446539,3.46667361e-09,3.46667361e-09
756,42,1492057,0,5769,0,10,3.46667361e-09,3.46667361e-09
757,41,1492057,0,5769,0,13,3.46667361e-09,3.46667361e-09
758,40,1492057,0,5769,0,-26,3.46667361e-09,3.46667361e-09
759,43,1497826,0,5769,0,18.446539,3.46667361e-09,3.46667361e-09
760,42,1497826,0,5769,0,11,3.46667361e-09,3.46667361e-09
761,41,1497826,0,5769,0,13,3.46667361e-09,3.46667361e-09
762,40,1497826,0,5769,0,-26,3.46667361e-09,3.46667361e-09
763,43,1503595,0,5769,0,18.446539,3.46667361e-09,3.46667361e-09
764,42,1503595,0,5769,0,11,3.46667361e-09,3.46667361e-09
765,41,1503595,0,5769,0,13,3.46667361e-09,3.46667361e-09
766,40,1503595,0,5769,0,-26,3.46667361e-09,3.46667361e-09
767,43,1509364,0,5769,0,18.446539,3.46667361e-09,3.46667361e-09
768,42,1509364,0,5769,0,11,3.46667361e-09,3.46667361e-09
769,41,1509364,0,5769,0,13,3.46667361e-09,3.46667361e-09
770,40,1509364,0,5769,0,-26,3.46667361e-09,3.46667361e-09
771,43,1515133,0,5769,0,18.446539,3.46667361e-09,3.46667361e-09
772,42,1515133,0,5769,0,10,3.46667361e-09,3.46667361e-09
773,41,1515133,0,5769,0,13,3.46667361e-09,3.46667361e-09
774,40,1515133,0,5769,0,-26,3.46667361e-09,3.46667361e-09
775,43,1520902,0,5769,0,18.446539,3.46667361e-09,3.46667361e-09
776,42,1520902,0,5769,0,11,3.46667361e-09,3.46667361e-09
777,41,1520902,0,5769,0,13,3.46667361e-09,3.46667361e-09
778,40,1520902,0,5769,0,-26,3.46667361e-09,3.46667361e-09
779,43,1526671,0,5769,0,18.446539,3.46667361e-09,3.46667361e-09
780,42,1526671,0,5769,0,11,3.46667361e-09,3.46667361e-09
781,41,1526671,0,5769,0,13,3.46667361e-09,3.46667361e-09
782,40,1526671,0,5769,0,-26,3.46667361e-09,3.46667361e-09
783,43,1532440,0,5769,0,18.446539,3.46667361e-09,3.46667361e-09
784,42,1532440,0,5769,0,11,3.46667361e-09,3.46667361e-09
785,41,1532440,0,5769,0,13,3.46667361e-09,3.46667361e-09
786,40,1532440,0,5769,0,-26,3.46667361e-09,3.46667361e-09
787,43,1538209,0,5769,0,18.446539,3.46667361e-09,3.46667361e-09
788,42,1538209,0,5769,0,11,3.46667361e-09,3.46667361e-09
789,41,1538209,0,5769,0,13,3.46667361e-09,3.46667361e-09
790,40,1538209,0,5769,0,-26,3.46667361e-09,3.46667361e-09
791,43,1543978,0,5769,0,18.446539,3.46667361e-09,3.46667361e-09
792,42,1543978,0,5769,0,10,3.46667361e-09,3.46667361e-09
793,41,1543978,0,5769,0,13,3.46667361e-09,3.46667361e-09
794,40,1543978,0,5769,0,-26,3.46667361e-09,3.46667361e-09
795,43,1549747,0,5769,0,18.446539,3.46667361e-09,3.46667361e-09
796,42,1549747,0,5769,0,11,3.46667361e-09,3.46667361e-09
797,41,1549747,0,5769,0,13,3.46667361e-09,3.46667361e-09
798,40,1549747,0,5769,0,-26,3.46667361e-09,3.46667361e-09
799,43,1555516,0,5769,0,18.446539,3.46667361e-09,3.46667361e-09
800,42,1555516,0,5769,0,11,3.46667361e-09,3.46667361e-09
801,41,1555516,0,5769,0,13,3.46667361e-09,3.46667361e-09
802,40,1555516,0,5769,0,-26,3.46667361e-09,3.46667361e-09
803,43,1561285,0,5769,0,18.446539,3.46667361e-09,3.46667361e-09
804,42,1561285,0,5769,0,11,3.46667361e-09,3.46667361e-09
805,41,1561285,0,5769,0,14,3.46667361e-09,3.46667361e-09
806,40,1561285,0,5769,0,-26,3.46667361e-09,3.46667361e-09
807,43,1567054,0,5769,0,18.446539,3.46667361e-09,3.46667361e-09
808,42,1567054,0,5769,0,11,3.46667361e-09,3.46667361e-09
809,41,1567054,0,5769,0,13,3.46667361e-09,3.46667361e-09
810,40,1567054,0,5769,0,-26,3.46667361e-09,3.46667361e-09
811,43,1572823,0,5769,0,18.446539,3.46667361e-09,3.46667361e-09
812,42,1572823,0,5769,0,11,3.46667361e-09,3.46667361e-09
813,41,1572823,0,5769,0,13,3.46667361e-09,3.46667361e-09
814,40,1572823,0,5769,0,-26,3.46667361e-09,3.46667361e-09
815,43,1578592,0,5769,0,18.446539,3.46667361e-09,3.46667361e-09
816,42,1578592,0,5769,0,11,3.46667361e-09,3.46667361e-09
817,41,1578592,0,5769,0,13,3.46667361e-09,3.46667361e-09
818,40,1578592,0,5769,0,-26,3.46667361e-09,3.46667361e-09
819,43,1584361,0,5769,0,18.446539,3.46667361e-09,3.46667361e-09
820,42,1584361,0,5769,0,11,3.46667361e-09,3.46667361e-09
821,41,1584361,0,5769,0,14,3.46667361e-09,3.46667361e-09
822,40,1584361,0,5769,0,-26,3.46667361e-09,3.46667361e-09
823,43,1590130,0,5769,0,18.446539,3.46667361e-09,3.46667361e-09
824,42,1590130,0,5769,0,11,3.46667361e-09,3.46667361e-09
825,41,1590130,0,5769,0,13,3.46667361e-09,3.46667361e-09
826,40,1590130,0,5769,0,-26,3.46667361e-09,3.46667361e-09
827,43,1595899,0,5769,0,18.446539,3.46667361e-09,3.46667361e-09
828,42,1595899,0,5769,0,11,3.46667361e-09,3.46667361e-09
829,41,1595899,0,5769,0,13,3.46667361e-09,3.46667361e-09
830,40,1595899,0,5769,0,-26,3.46667361e-09,3.46667361e-09
831,43,1601668,0,5769,0,18.446539,3.46667361e-09,3.46667361e-09
832,42,1601668,0,5769,0,11,3.46667361e-09,3.46667361e-09
833,41,1601668,0,5769,0,13,3.46667361e-09,3.46667361e-09
834,40,1601668,0,5769,0,-26,3.46667361e-09,3.46667361e-09
835,43,1607437,0,5769,0,18.446539,3.46667361e-09,3.46667361e-09
836,42,1607437,0,5769,0,11,3.46667361e-09,3.46667361e-09
837,41,1607437,0,5769,0,14,3.46667361e-09,3.46667361e-09
838,40,1607437,0,5769,0,-26,3.46667361e-09,3.46667361e-09
839,43,1613206,0,5769,0,18.446539,3.46667361e-09,3.46667361e-09
840,42,1613206,0,5769,0,11,3.46667361e-09,3.46667361e-09
841,41,1613206,0,5769,0,13,3.46667361e-09,3.46667361e-09
842,40,1613206,0,5769,0,-26,3.46667361e-09,3.46667361e-09
843,43,1618975,0,5769,0,18.446539,3.46667361e-09,3.46667361e-09
844,42,1618975,0,5769,0,11,3.46667361e-09,3.46667361e-09
845,41,1618975,0,5769,0,14,3.46667361e-09,3.46667361e-09
846,40,1618975,0,5769,0,-26,3.46667361e-09,3.46667361e-09
847,43,1624744,0,5769,0,18.446539,3.46667361e-09,3.46667361e-09
848,42,1624744,0,5769,0,11,3.46667361e-09,3.46667361e-09
849,41,1624744,0,5769,0,13,3.46667361e-09,3.46667361e-09
850,40,1624744,0,5769,0,-26,3.46667361e-09,3.46667361e-09
851,43,1630513,0,5769,0,18.446539,3.46667361e-09,3.46667361e-09
852,42,1630513,0,5769,0,11,3.46667361e-09,3.46667361e-09
853,41,1630513,0,5769,0,13,3.46667361e-09,3.46667361e-09
854,40,1630513,0,5769,0,-26,3.46667361e-09,3.46667361e-09
855,43,1636282,0,5769,0,18.446539,3.46667361e-09,3.46667361e-09
856,42,1636282,0,5769,0,11,3.46667361e-09,3.46667361e-09
857,41,1636282,0,5769,0,14,3.46667361e-09,3.46667361e-09
858,40,1636282,0,5769,0,-25,3.46667361e-09,3.46667361e-09
859,43,1642051,0,5769,0,18.446539,3.46667361e-09,3.46667361e-09
860,42,1642051,0,5769,0,11,3.46667361e-09,3.46667361e-09
861,41,1642051,0,5769,0,13,3.46667361e-09,3.46667361e-09
862,40,1642051,0,5769,0,-26,3.46667361e-09,3.46667361e-09
863,43,1647820,0,5769,0,18.446539,3.46667361e-09,3.46667361e-09
864,42,1647820,0,5769,0,11,3.46667361e-09,3.46667361e-09
865,41,1647820,0,5769,0,14,3.46667361e-09,3.46667361e-09
866,40,1647820,0,5769,0,-26,3.46667361e-09,3.46667361e-09
867,43,1653589,0,5769,0,18.446539,3.46667361e-09,3.46667361e-09
868,42,1653589,0,5769,0,11,3.46667361e-09,3.46667361e-09
869,41,1653589,0,5769,0,13,3.46667361e-09,3.46667361e-09
870,40,1653589,0,5769,0,-26,3.46667361e-09,3.46667361e-09
871,43,1659358,0,5769,0,18.446539,3.46667361e-09,3.46667361e-09
872,42,1659358,0,5769,0,12,3.46667361e-09,3.46667361e-09
873,41,1659358,0,5769,0,14,3.46667361e-09,3.46667361e-09
874,40,1659358,0,5769,0,-26,3.46667361e-09,3.46667361e-09
875,43,1665127,0,5769,0,18.446539,3.46667361e-09,3.46667361e-09
876,42,1665127,0,5769,0,11,3.46667361e-09,3.46667361e-09
877,41,1665127,0,5769,0,13,3.46667361e-09,3.46667361e-09
878,40,1665127,0,5769,0,-26,3.46667361e-09,3.46667361e-09
879,43,1670896,0,5769,0,18.446539,3.46667361e-09,3.46667361e-09
880,42,1670896,0,5769,0,11,3.46667361e-09,3.46667361e-09
881,41,1670896,0,5769,0,14,3.46667361e-09,3.46667361e-09
882,40,1670896,0,5769,0,-26,3.46667361e-09,3.46667361e-09
883,43,1676665,0,5769,0,18.446539,3.46667361e-09,3.46667361e-09
884,42,1676665,0,5769,0,11,3.46667361e-09,3.46667361e-09
885,41,1676665,0,5769,0,13,3.46667361e-09,3.46667361e-09
886,40,1676665,0,5769,0,-26,3.46667361e-09,3.46667361e-09
887,43,1682434,0,5769,0,18.446539,3.46667361e-09,3.46667361e-09
888,42,1682434,0,5769,0,11,3.46667361e-09,3.46667361e-09
889,41,1682434,0,5769,0,14,3.46667361e-09,3.46667361e-09
890,40,1682434,0,5769,0,-26,3.46667361e-09,3.46667361e-09
891,43,1688203,0,5769,0,18.446539,3.46667361e-09,3.46667361e-09
892,42,1688203,0,5769,0,12,3.46667361e-09,3.46667361e-09
893,41,1688203,0,5769,0,13,3.46667361e-09,3.46667361e-09
894,40,1688203,0,5769,0,-26,3.46667361e-09,3.46667361e-09
895,43,1693972,0,5769,0,18.446539,3.46667361e-09,3.46667361e-09
896,42,1693972,0,5769,0,11,3.46667361e-09,3.46667361e-09
897,41,1693972,0,5769,0,14,3.46667361e-09,3.46667361e-09
898,40,1693972,0,5769,0,-26,3.46667361e-09,3.46667361e-09
899,43,1699741,0,5769,0,18.446539,3.46667361e-09,3.46667361e-09
900,42,1699741,0,5769,0,11,3.46667361e-09,3.46667361e-09
901,41,1699741,0,5769,0,14,3.46667361e-09,3.46667361e-09
902,40,1699741,0,5769,0,-26,3.46667361e-09,3.46667361e-09
903,43,1705510,0,5769,0,18.446539,3.46667361e-09,3.46667361e-09
904,42,1705510,0,5769,0,11,3.46667361e-09,3.46667361e-09
905,41,1705510,0,5769,0,13,3.46667361e-09,3.46667361e-09
906,40,1705510,0,5769,0,-26,3.46667361e-09,3.46667361e-09
907,43,1711279,0,5769,0,18.446539,3.46667361e-09,3.46667361e-09
908,42,1711279,0,5769,0,12,3.46667361e-09,3.46667361e-09
909,41,1711279,0,5769,0,14,3.46667361e-09,3.46667361e-09
910,40,1711279,0,5769,0,-26,3.46667361e-09,3.46667361e-09
911,43,1717048,0,5769,0,18.446539,3.46667361e-09,3.46667361e-09
912,42,1717048,0,5769,0,11,3.46667361e-09,3.46667361e-09
913,41,1717048,0,5769,0,13,3.46667361e-09,3.46667361e-09
914,40,1717048,0,5769,0,-26,3.46667361e-09,3.46667361e-09
915,43,1722817,0,5769,0,18.446539,3.46667361e-09,3.46667361e-09
916,42,1722817,0,5769,0,11,3.46667361e-09,3.46667361e-09
917,41,1722817,0,5769,0,14,3.46667361e-09,3.46667361e-09
918,40,1722817,0,5769,0,-26,3.46667361e-09,3.46667361e-09
919,43,1728586,0,5769,0,18.446539,3.46667361e-09,3.46667361e-09
920,42,1728586,0,5769,0,12,3.46667361e-09,3.46667361e-09
921,41,1728586,0,5769,0,14,3.46667361e-09,3.46667361e-09
922,40,1728586,0,5769,0,-26,3.46667361e-09,3.46667361e-09
923,43,1734355,0,5769,0,18.446539,3.46667361e-09,3.46667361e-09
924,42,1734355,0,5769,0,11,3.46667361e-09,3.46667361e-09
925,41,1734355,0,5769,0,14,3.46667361e-09,3.46667361e-09
926,40,1734355,0,5769,0,-26,3.46667361e-09,3.46667361e-09
927,43,1740124,0,5769,0,18.446539,3.46667361e-09,3.46667361e-09
928,42,1740124,0,5769,0,11,3.46667361e-09,3.46667361e-09
929,41,1740124,0,5769,0,13,3.46667361e-09,3.46667361e-09
930,40,1740124,0,5769,0,-26,3.46667361e-09,3.46667361e-09
931,43,1745893,0,5769,0,18.446539,3.46667361e-09,3.46667361e-09
932,42,1745893,0,5769,0,12,3.46667361e-09,3.46667361e-09
933,41,1745893,0,5769,0,14,3.46667361e-09,3.46667361e-09
934,40,1745893,0,5769,0,-26,3.46667361e-09,3.46667361e-09
935,43,1751662,0,5769,0,18.446539,3.46667361e-09,3.46667361e-09
936,42,1751662,0,5769,0,11,3.46667361e-09,3.46667361e-09
937,41,1751662,0,5769,0,14,3.46667361e-09,3.46667361e-09
938,40,1751662,0,5769,0,-26,3.46667361e-09,3.46667361e-09
939,43,1757431,0,5769,0,18.446539,3.46667361e-09,3.46667361e-09
940,42,1757431,0,5769,0,12,3.46667361e-09,3.46667361e-09
941,41,1757431,0,5769,0,14,3.46667361e-09,3.46667361e-09
942,40,1757431,0,5769,0,-26,3.46667361e-09,3.46667361e-09
943,43,1763200,0,5769,0,18.446539,3.46667361e-09,3.46667361e-09
944,42,1763200,0,5769,0,11,3.46667361e-09,3.46667361e-09
945,41,1763200,0,5769,0,13,3.46667361e-09,3.46667361e-09
946,40,1763200,0,5769,0,-26,3.46667361e-09,3.46667361e-09
947,43,1768969,0,5769,0,18.446539,3.46667361e-09,3.46667361e-09
948,42,1768969,0,5769,0,12,3.46667361e-09,3.46667361e-09
949,41,1768969,0,5769,0,14,3.46667361e-09,3.46667361e-09
950,40,1768969,0,5769,0,-26,3.46667361e-09,3.46667361e-09
951,43,1774738,0,5769,0,18.446539,3.46667361e-09,3.46667361e-09
952,42,1774738,0,5769,0,11,3.46667361e-09,3.46667361e-09
953,41,1774738,0,5769,0,14,3.46667361e-09,3.46667361e-09
954,40,1774738,0,5769,0,-26,3.46667361e-09,3.46667361e-09
955,43,1780507,0,5769,0,18.446539,3.46667361e-09,3.46667361e-09
956,42,1780507,0,5769,0,12,3.46667361e-09,3.46667361e-09
957,41,1780507,0,5769,0,14,3.46667361e-09,3.46667361e-09
958,40,1780507,0,5769,0,-26,3.46667361e-09,3.46667361e-09
959,43,1786276,0,5769,0,18.446539,3.46667361e-09,3.46667361e-09
960,42,1786276,0,5769,0,11,3.46667361e-09,3.46667361e-09
961,41,1786276,0,5769,0,14,3.46667361e-09,3.46667361e-09
962,40,1786276,0,5769,0,-26,3.46667361e-09,3.46667361e-09
963,43,1792045,0,5769,0,18.446539,3.46667361e-09,3.46667361e-09
964,42,1792045,0,5769,0,12,3.46667361e-09,3.46667361e-09
965,41,1792045,0,5769,0,14,3.46667361e-09,3.46667361e-09
966,40,1792045,0,5769,0,-26,3.46667361e-09,3.46667361e-09
967,43,1797814,0,5769,0,18.446539,3.46667361e-09,3.46667361e-09
968,42,1797814,0,5769,0,11,3.46667361e-09,3.46667361e-09
969,41,1797814,0,5769,0,14,3.46667361e-09,3.46667361e-09
970,40,1797814,0,5769,0,-26,3.46667361e-09,3.46667361e-09
971,43,1803583,0,5769,0,18.446539,3.46667361e-09,3.46667361e-09
972,42,1803583,0,5769,0,12,3.46667361e-09,3.46667361e-09
973,41,1803583,0,5769,0,13,3.46667361e-09,3.46667361e-09
974,40,1803583,0,5769,0,-26,3.46667361e-09,3.46667361e-09
975,43,1809352,0,5769,0,18.446539,3.46667361e-09,3.46667361e-09
976,42,1809352,0,5769,0,11,3.46667361e-09,3.46667361e-09
977,41,1809352,0,5769,0,14,3.46667361e-09,3.46667361e-09
978,40,1809352,0,5769,0,-26,3.46667361e-09,3.46667361e-09
979,43,1815121,0,5769,0,18.446539,3.46667361e-09,3.46667361e-09
980,42,1815121,0,5769,0,12,3.46667361e-09,3.46667361e-09
981,41,1815121,0,5769,0,14,3.46667361e-09,3.46667361e-09
982,40,1815121,0,5769,0,-26,3.46667361e-09,3.46667361e-09
983,43,1820890,0,5769,0,18.446539,3.46667361e-09,3.46667361e-09
984,42,1820890,0,5769,0,11,3.46667361e-09,3.46667361e-09
985,41,1820890,0,5769,0,14,3.46667361e-09,3.46667361e-09
986,40,1820890,0,5769,0,-26,3.46667361e-09,3.46667361e-09
987,43,1826659,0,5769,0,18.446539,3.46667361e-09,3.46667361e-09
988,42,1826659,0,5769,0,12,3.46667361e-09,3.46667361e-09
989,41,1826659,0,5769,0,14,3.46667361e-09,3.46667361e-09
990,40,1826659,0,5769,0,-26,3.46667361e-09,3.46667361e-09
991,43,1832428,0,5769,0,18.446539,3.46667361e-09,3.46667361e-09
992,42,1832428,0,5769,0,12,3.46667361e-09,3.46667361e-09
993,41,1832428,0,5769,0,14,3.46667361e-09,3.46667361e-09
994,40,1832428,0,5769,0,-26,3.46667361e-09,3.46667361e-09
995,43,1838197,0,5769,0,18.446539,3.46667361e-09,3.46667361e-09
996,42,1838197,0,5769,0,11,3.46667361e-09,3.46667361e-09
997,41,1838197,0,5769,0,14,3.46667361e-09,3.46667361e-09
998,40,1838197,0,5769,0,-26,3.46667361e-09,3.46667361e-09
999,43,1843966,0,5769,0,18.446539,3.46667361e-09,3.46667361e-09
1000,42,1843966,0,5769,0,12,3.46667361e-09,3.46667361e-09
1001,41,1843966,0,5769,0,14,3.46667361e-09,3.46667361e-09
1002,40,1843966,0,5769,0,-26,3.46667361e-09,3.46667361e-09
1003,43,1849735,0,5769,0,18.446539,3.46667361e-09,3.46667361e-09
1004,42,1849735,0,5769,0,12,3.46667361e-09,3.46667361e-09
1005,41,1849735,0,5769,0,14,3.46667361e-09,3.46667361e-09
1006,40,1849735,0,5769,0,-26,3.46667361e-09,3.46667361e-09
1007,43,1855504,0,5769,0,18.446539,3.46667361e-09,3.46667361e-09
1008,42,1855504,0,5769,0,11,3.46667361e-09,3.46667361e-09
1009,41,1855504,0,5769,0,14,3.46667361e-09,3.46667361e-09
1010,40,1855504,0,5769,0,-26,3.46667361e-09,3.46667361e-09
1011,43,1861273,0,5769,0,18.446539,3.46667361e-09,3.46667361e-09
1012,42,1861273,0,5769,0,12,3.46667361e-09,3.46667361e-09
1013,41,1861273,0,5769,0,15,3.46667361e-09,3.46667361e-09
1014,40,1861273,0,5769,0,-26,3.46667361e-09,3.46667361e-09
1015,43,1867042,0,5769,0,18.446539,3.46667361e-09,3.46667361e-09
1016,42,1867042,0,5769,0,12,3.46667361e-09,3.46667361e-09
1017,41,1867042,0,5769,0,14,3.46667361e-09,3.46667361e-09
1018,40,1867042,0,5769,0,-26,3.46667361e-09,3.46667361e-09
1019,43,1872811,0,5769,0,18.446539,3.46667206e-09,3.46667206e-09
1020,42,1872811,0,5769,0,12,3.46667206e-09,3.46667206e-09
1021,41,1872811,0,5769,0,14,3.46667206e-09,3.46667206e-09
1022,40,1872811,0,5769,0,-26,3.46667206e-09,3.46667206e-09
1023,43,1878580,0,5769,0,18.446539,3.46667028e-09,3.46667028e-09
1024,42,1878580,0,5769,0,11,3.46667028e-09,3.46667028e-09
1025,41,1878580,0,5769,0,14,3.46667028e-09,3.46667028e-09
1026,40,1878580,0,5769,0,-26,3.46667028e-09,3.46667028e-09
1027,43,1884349,0,5769,0,18.446539,3.46667206e-09,3.46667206e-09
1028,42,1884349,0,5769,0,12,3.46667206e-09,3.46667206e-09
1029,41,1884349,0,5769,0,14,3.46667206e-09,3.46667206e-09
1030,40,1884349,0,5769,0,-26,3.46667206e-09,3.46667206e-09
1031,43,1890118,0,5769,0,18.446537,3.46666762e-09,3.46666762e-09
1032,42,1890118,0,5769,0,12,3.46666762e-09,3.46666762e-09
1033,41,1890118,0,5769,0,14,3.46666762e-09,3.46666762e-09
1034,40,1890118,0,5769,0,-26,3.46666762e-09,3.46666762e-09
1035,43,1895887,0,5769,0,18.446537,3.46666762e-09,3.46666762e-09
1036,42,1895887,0,5769,0,12,3.46666762e-09,3.46666762e-09
1037,41,1895887,0,5769,0,14,3.46666762e-09,3.46666762e-09
1038,40,1895887,0,5769,0,-26,3.46666762e-09,3.46666762e-09
1039,43,1901656,0,5769,0,18.446537,3.46666762e-09,3.46666762e-09
1040,42,1901656,0,5769,0,12,3.46666762e-09,3.46666762e-09
1041,41,1901656,0,5769,0,15,3.46666762e-09,3.46666762e-09
1042,40,1901656,0,5769,0,-26,3.46666762e-09,3.46666762e-09
1043,43,1907425,0,5769,0,18.446537,3.46666762e-09,3.46666762e-09
1044,42,1907425,0,5769,0,11,3.46666762e-09,3.46666762e-09
1045,41,1907425,0,5769,0,14,3.46666762e-09,3.46666762e-09
1046,40,1907425,0,5769,0,-26,3.46666762e-09,3.46666762e-09
1047,43,1913194,0,5769,0,18.446537,3.46666762e-09,3.46666762e-09
1048,42,1913194,0,5769,0,12,3.46666762e-09,3.46666762e-09
1049,41,1913194,0,5769,0,14,3.46666762e-09,3.46666762e-09
1050,40,1913194,0,5769,0,-26,3.46666762e-09,3.46666762e-09
1051,43,1918963,0,5769,0,18.446537,3.46666762e-09,3.46666762e-09
1052,42,1918963,0,5769,0,12,3.46666762e-09,3.46666762e-09
1053,41,1918963,0,5769,0,14,3.46666762e-09,3.46666762e-09
1054,40,1918963,0,5769,0,-26,3.46666762e-09,3.46666762e-09
1055,43,1924732,0,5769,0,18.446537,3.46666895e-09,3.46666895e-09
1056,42,1924732,0,5769,0,12,3.46666895e-09,3.46666895e-09
1057,41,1924732,0,5769,0,15,3.46666895e-09,3.46666895e-09
1058,40,1924732,0,5769,0,-26,3.46666895e-09,3.46666895e-09
1059,43,1930501,0,5769,0,18.446537,3.46666762e-09,3.46666762e-09
1060,42,1930501,0,5769,0,12,3.46666762e-09,3.46666762e-09
1061,41,1930501,0,5769,0,14,3.46666762e-09,3.46666762e-09
1062,40,1930501,0,5769,0,-26,3.46666762e-09,3.46666762e-09
1063,43,1936270,0,5769,0,18.446539,3.46666873e-09,3.46666873e-09
1064,42,1936270,0,5769,0,12,3.46666873e-09,3.46666873e-09
1065,41,1936270,0,5769,0,14,3.46666873e-09,3.46666873e-09
1066,40,1936270,0,5769,0,-26,3.46666873e-09,3.46666873e-09
1067,43,1942039,0,5769,0,18.446539,3.46666873e-09,3.46666873e-09
1068,42,1942039,0,5769,0,12,3.46666873e-09,3.46666873e-09
1069,41,1942039,0,5769,0,14,3.46666873e-09,3.46666873e-09
1070,40,1942039,0,5769,0,-26,3.46666873e-09,3.46666873e-09
1071,43,1947808,0,5769,0,18.446539,3.46666873e-09,3.46666873e-09
1072,42,1947808,0,5769,0,12,3.46666873e-09,3.46666873e-09
1073,41,1947808,0,5769,0,15,3.46666873e-09,3.46666873e-09
1074,40,1947808,0,5769,0,-26,3.46666873e-09,3.46666873e-09
1075,43,1953577,0,5769,0,18.446539,3.46666740e-09,3.46666740e-09
1076,42,1953577,0,5769,0,12,3.46666740e-09,3.46666740e-09
1077,41,1953577,0,5769,0,14,3.46666740e-09,3.46666740e-09
1078,40,1953577,0,5769,0,-26,3.46666740e-09,3.46666740e-09
1079,43,1959346,0,5769,0,18.446539,3.46666873e-09,3.46666873e-09
1080,42,1959346,0,5769,0,12,3.46666873e-09,3.46666873e-09
1081,41,1959346,0,5769,0,14,3.46666873e-09,3.46666873e-09
1082,40,1959346,0,5769,0,-26,3.46666873e-09,3.46666873e-09
1083,43,1965115,0,5769,0,18.446539,3.46666873e-09,3.46666873e-09
1084,42,1965115,0,5769,0,12,3.46666873e-09,3.46666873e-09
1085,41,1965115,0,5769,0,15,3.46666873e-09,3.46666873e-09
1086,40,1965115,0,5769,0,-26,3.46666873e-09,3.46666873e-09
1087,43,1970884,0,5769,0,18.446537,3.46666762e-09,3.46666762e-09
1088,42,1970884,0,5769,0,12,3.46666762e-09,3.46666762e-09
1089,41,1970884,0,5769,0,14,3.46666762e-09,3.46666762e-09
1090,40,1970884,0,5769,0,-26,3.46666762e-09,3.46666762e-09
1091,43,1976653,0,5769,0,18.446539,3.46666984e-09,3.46666984e-09
1092,42,1976653,0,5769,0,12,3.46666984e-09,3.46666984e-09
1093,41,1976653,0,5769,0,15,3.46666984e-09,3.46666984e-09
1094,40,1976653,0,5769,0,-26,3.46666984e-09,3.46666984e-09
1095,43,1982422,0,5769,0,18.446537,3.46666762e-09,3.46666762e-09
1096,42,1982422,0,5769,0,12,3.46666762e-09,3.46666762e-09
1097,41,1982422,0,5769,0,14,3.46666762e-09,3.46666762e-09
1098,40,1982422,0,5769,0,-26,3.46666762e-09,3.46666762e-09
1099,43,1988191,0,5769,0,18.446537,3.46666762e-09,3.46666762e-09
1100,42,1988191,0,5769,0,12,3.46666762e-09,3.46666762e-09
1101,41,1988191,0,5769,0,15,3.46666762e-09,3.46666762e-09
1102,40,1988191,0,5769,0,-26,3.46666762e-09,3.46666762e-09
1103,43,1993960,0,5769,0,18.446537,3.46666762e-09,3.46666762e-09
1104,42,1993960,0,5769,0,12,3.46666762e-09,3.46666762e-09
1105,41,1993960,0,5769,0,14,3.46666762e-09,3.46666762e-09
1106,40,1993960,0,5769,0,-26,3.46666762e-09,3.46666762e-09
1107,43,1999729,0,5769,0,18.446537,3.46666895e-09,3.46666895e-09
1108,42,1999729,0,5769,0,12,3.46666895e-09,3.46666895e-09
1109,41,1999729,0,5769,0,14,3.46666895e-09,3.46666895e-09
1110,40,1999729,0,5769,0,-26,3.46666895e-09,3.46666895e-09
1111,43,2005498,0,5769,0,18.446537,3.46666762e-09,3.46666762e-09
1112,42,2005498,0,5769,0,12,3.46666762e-09,3.46666762e-09
1113,41,2005498,0,5769,0,15,3.46666762e-09,3.46666762e-09
1114,40,2005498,0,5769,0,-26,3.46666762e-09,3.46666762e-09
1115,43,2011267,0,5769,0,18.446537,3.46666895e-09,3.46666895e-09
1116,42,2011267,0,5769,0,12,3.46666895e-09,3.46666895e-09
1117,41,2011267,0,5769,0,14,3.46666895e-09,3.46666895e-09
1118,40,2011267,0,5769,0,-26,3.46666895e-09,3.46666895e-09
1119,43,2017036,0,5769,0,18.446539,3.46667361e-09,3.46667361e-09
1120,42,2017036,0,5769,0,12,3.46667361e-09,3.46667361e-09
1121,41,2017036,0,5769,0,15,3.46667361e-09,3.46667361e-09
1122,40,2017036,0,5769,0,-26,3.46667361e-09,3.46667361e-09
1123,43,2022805,0,5769,0,18.446539,3.46667361e-09,3.46667361e-09
1124,42,2022805,0,5769,0,12,3.46667361e-09,3.46667361e-09
1125,41,2022805,0,5769,0,15,3.46667361e-09,3.46667361e-09
1126,40,2022805,0,5769,0,-25,3.46667361e-09,3.46667361e-09
1127,43,2028574,0,5769,0,18.446539,3.46667361e-09,3.46667361e-09
1128,42,2028574,0,5769,0,13,3.46667361e-09,3.46667361e-09
1129,41,2028574,0,5769,0,14,3.46667361e-09,3.46667361e-09
1130,40,2028574,0,5769,0,-26,3.46667361e-09,3.46667361e-09
1131,43,2034343,0,5769,0,18.446539,3.46667361e-09,3.46667361e-09
1132,42,2034343,0,5769,0,12,3.46667361e-09,3.46667361e-09
1133,41,2034343,0,5769,0,15,3.46667361e-09,3.46667361e-09
1134,40,2034343,0,5769,0,-26,3.46667361e-09,3.46667361e-09
1135,43,2040112,0,5769,0,18.446539,3.46667361e-09,3.46667361e-09
1136,42,2040112,0,5769,0,12,3.46667361e-09,3.46667361e-09
1137,41,2040112,0,5769,0,14,3.46667361e-09,3.46667361e-09
1138,40,2040112,0,5769,0,-26,3.46667361e-09,3.46667361e-09
1139,43,2045881,0,5769,0,18.446539,3.46667361e-09,3.46667361e-09
1140,42,2045881,0,5769,0,12,3.46667361e-09,3.46667361e-09
1141,41,2045881,0,5769,0,15,3.46667361e-09,3.46667361e-09
1142,40,2045881,0,5769,0,-26,3.46667361e-09,3.46667361e-09
1143,43,2051650,0,5769,0,18.446539,3.46667361e-09,3.46667361e-09
1144,42,2051650,0,5769,0,12,3.46667361e-09,3.46667361e-09
1145,41,2051650,0,5769,0,14,3.46667361e-09,3.46667361e-09
1146,40,2051650,0,5769,0,-26,3.46667361e-09,3.46667361e-09
1147,43,2057419,0,5769,0,18.446539,3.46667361e-09,3.46667361e-09
1148,42,2057419,0,5769,0,13,3.46667361e-09,3.46667361e-09
1149,41,2057419,0,5769,0,15,3.46667361e-09,3.46667361e-09
1150,40,2057419,0,5769,0,-26,3.46667361e-09,3.46667361e-09
1151,43,2063188,0,5769,0,18.446539,3.46667361e-09,3.46667361e-09
1152,42,2063188,0,5769,0,12,3.46667361e-09,3.46667361e-09
1153,41,2063188,0,5769,0,15,3.46667361e-09,3.46667361e-09
1154,40,2063188,0,5769,0,-26,3.46667361e-09,3.46667361e-09
1155,43,2068957,0,5769,0,18.446539,3.46667361e-09,3.46667361e-09
1156,42,2068957,0,5769,0,12,3.46667361e-09,3.46667361e-09
1157,41,2068957,0,5769,0,14,3.46667361e-09,3.46667361e-09
1158,40,2068957,0,5769,0,-26,3.46667361e-09,3.46667361e-09
1159,43,2074726,0,5769,0,18.446539,3.46667361e-09,3.46667361e-09
1160,42,2074726,0,5769,0,12,3.46667361e-09,3.46667361e-09
1161,41,2074726,0,5769,0,15,3.46667361e-09,3.46667361e-09
1162,40,2074726,0,5769,0,-26,3.46667361e-09,3.46667361e-09
1163,43,2080495,0,5769,0,18.446539,3.46667361e-09,3.46667361e-09
1164,42,2080495,0,5769,0,13,3.46667361e-09,3.46667361e-09
1165,41,2080495,0,5769,0,15,3.46667361e-09,3.46667361e-09
1166,40,2080495,0,5769,0,-26,3.46667361e-09,3.46667361e-09
1167,43,2086264,0,5769,0,18.446539,3.46667361e-09,3.46667361e-09
1168,42,2086264,0,5769,0,12,3.46667361e-09,3.46667361e-09
1169,41,2086264,0,5769,0,15,3.46667361e-09,3.46667361e-09
1170,40,2086264,0,5769,0,-26,3.46667361e-09,3.46667361e-09
1171,43,2092033,0,5769,0,18.446539,3.46667361e-09,3.46667361e-09
1172,42,2092033,0,5769,0,12,3.46667361e-09,3.46667361e-09
1173,41,2092033,0,5769,0,14,3.46667361e-09,3.46667361e-09
1174,40,2092033,0,5769,0,-26,3.46667361e-09,3.46667361e-09
1175,43,2097802,0,5769,0,18.446539,3.46667361e-09,3.46667361e-09
1176,42,2097802,0,5769,0,13,3.46667361e-09,3.46667361e-09
1177,41,2097802,0,5769,0,15,3.46667361e-09,3.46667361e-09
1178,40,2097802,0,5769,0,-26,3.46667361e-09,3.46667361e-09
1179,43,2103571,0,5769,0,18.446539,3.46667361e-09,3.46667361e-09
1180,42,2103571,0,5769,0,12,3.46667361e-09,3.46667361e-09
1181,41,2103571,0,5769,0,15,3.46667361e-09,3.46667361e-09
1182,40,2103571,0,5769,0,-26,3.46667361e-09,3.46667361e-09
1183,43,2109340,0,5769,0,18.446539,3.46667361e-09,3.46667361e-09
1184,42,2109340,0,5769,0,12,3.46667361e-09,3.46667361e-09
1185,41,2109340,0,5769,0,15,3.46667361e-09,3.46667361e-09
1186,40,2109340,0,5769,0,-26,3.46667361e-09,3.46667361e-09
1187,43,2115109,0,5769,0,18.446539,3.46667361e-09,3.46667361e-09
1188,42,2115109,0,5769,0,13,3.46667361e-09,3.46667361e-09
1189,41,2115109,0,5769,0,14,3.46667361e-09,3.46667361e-09
1190,40,2115109,0,5769,0,-26,3.46667361e-09,3.46667361e-09
1191,43,2120878,0,5769,0,18.446539,3.46667361e-09,3.46667361e-09
1192,42,2120878,0,5769,0,12,3.46667361e-09,3.46667361e-09
1193,41,2120878,0,5769,0,15,3.46667361e-09,3.46667361e-09
1194,40,2120878,0,5769,0,-26,3.46667361e-09,3.46667361e-09
1195,43,2126647,0,5769,0,18.446539,3.46667361e-09,3.46667361e-09
1196,42,2126647,0,5769,0,13,3.46667361e-09,3.46667361e-09
1197,41,2126647,0,5769,0,15,3.46667361e-09,3.46667361e-09
1198,40,2126647,0,5769,0,-26,3.46667361e-09,3.46667361e-09
1199,43,2132416,0,5769,0,18.446539,3.46667361e-09,3.46667361e-09
1200,42,2132416,0,5769,0,12,3.46667361e-09,3.46667361e-09
1201,41,2132416,0,5769,0,15,3.46667361e-09,3.46667361e-09
1202,40,2132416,0,5769,0,-26,3.46667361e-09,3.46667361e-09
1203,43,2138185,0,5769,0,18.446539,3.46667361e-09,3.46667361e-09
1204,42,2138185,0,5769,0,12,3.46667361e-09,3.46667361e-09
1205,41,2138185,0,5769,0,15,3.46667361e-09,3.46667361e-09
1206,40,2138185,0,5769,0,-26,3.46667361e-09,3.46667361e-09
1207,43,2143954,0,5769,0,18.446539,3.46667361e-09,3.46667361e-09
1208,42,2143954,0,5769,0,13,3.46667361e-09,3.46667361e-09
1209,41,2143954,0,5769,0,15,3.46667361e-09,3.46667361e-09
1210,40,2143954,0,5769,0,-26,3.46667361e-09,3.46667361e-09
1211,43,2149723,0,5769,0,18.446539,3.46667361e-09,3.46667361e-09
1212,42,2149723,0,5769,0,12,3.46667361e-09,3.46667361e-09
1213,41,2149723,0,5769,0,14,3.46667361e-09,3.46667361e-09
1214,40,2149723,0,5769,0,-26,3.46667361e-09,3.46667361e-09
1215,43,2155492,0,5769,0,18.446539,3.46667361e-09,3.46667361e-09
1216,42,2155492,0,5769,0,13,3.46667361e-09,3.46667361e-09
1217,41,2155492,0,5769,0,15,3.46667361e-09,3.46667361e-09
1218,40,2155492,0,5769,0,-26,3.46667361e-09,3.46667361e-09
1219,43,2161261,0,5769,0,18.446539,3.46667361e-09,3.46667361e-09
1220,42,2161261,0,5769,0,12,3.46667361e-09,3.46667361e-09
1221,41,2161261,0,5769,0,15,3.46667361e-09,3.46667361e-09
1222,40,2161261,0,5769,0,-26,3.46667361e-09,3.46667361e-09
1223,43,2167030,0,5769,0,18.446539,3.46667361e-09,3.46667361e-09
1224,42,2167030,0,5769,0,13,3.46667361e-09,3.46667361e-09
1225,41,2167030,0,5769,0,15,3.46667361e-09,3.46667361e-09
1226,40,2167030,0,5769,0,-26,3.46667361e-09,3.46667361e-09
1227,43,2172799,0,5769,0,18.446539,3.46667273e-09,3.46667273e-09
1228,42,2172799,0,5769,0,12,3.46667273e-09,3.46667273e-09
1229,41,2172799,0,5769,0,15,3.46667273e-09,3.46667273e-09
1230,40,2172799,0,5769,0,-26,3.46667273e-09,3.46667273e-09
1231,43,2178568,0,5769,0,18.446539,3.46666984e-09,3.46666984e-09
1232,42,2178568,0,5769,0,13,3.46666984e-09,3.46666984e-09
1233,41,2178568,0,5769,0,15,3.46666984e-09,3.46666984e-09
1234,40,2178568,0,5769,0,-26,3.46666984e-09,3.46666984e-09
1235,43,2184337,0,5769,0,18.446539,3.46666984e-09,3.46666984e-09
1236,42,2184337,0,5769,0,12,3.46666984e-09,3.46666984e-09
1237,41,2184337,0,5769,0,15,3.46666984e-09,3.46666984e-09
1238,40,2184337,0,5769,0,-26,3.46666984e-09,3.46666984e-09
1239,43,2190106,0,5769,0,18.446539,3.46665918e-09,3.46665918e-09
1240,42,2190106,0,5769,0,13,3.46665918e-09,3.46665918e-09
1241,41,2190106,0,5769,0,15,3.46665918e-09,3.46665918e-09
1242,40,2190106,0,5769,0,-26,3.46665918e-09,3.46665918e-09
1243,43,2195875,0,5769,0,18.446539,3.46667361e-09,3.46667361e-09
1244,42,2195875,0,5769,0,13,3.46667361e-09,3.46667361e-09
1245,41,2195875,0,5769,0,15,3.46667361e-09,3.46667361e-09
1246,40,2195875,0,5769,0,-26,3.46667361e-09,3.46667361e-09
1247,43,2201644,0,5769,0,18.446539,3.46667361e-09,3.46667361e-09
1248,42,2201644,0,5769,0,12,3.46667361e-09,3.46667361e-09
1249,41,2201644,0,5769,0,15,3.46667361e-09,3.46667361e-09
1250,40,2201644,0,5769,0,-26,3.46667361e-09,3.46667361e-09
1251,43,2207413,0,5769,0,18.446539,3.46667361e-09,3.46667361e-09
1252,42,2207413,0,5769,0,13,3.46667361e-09,3.46667361e-09
1253,41,2207413,0,5769,0,15,3.46667361e-09,3.46667361e-09
1254,40,2207413,0,5769,0,-26,3.46667361e-09,3.46667361e-09
1255,43,2213182,0,5769,0,18.446539,3.46667361e-09,3.46667361e-09
1256,42,2213182,0,5769,0,12,3.46667361e-09,3.46667361e-09
1257,41,2213182,0,5769,0,15,3.46667361e-09,3.46667361e-09
1258,40,2213182,0,5769,0,-26,3.46667361e-09,3.46667361e-09
1259,43,2218951,0,5769,0,18.446539,3.46667361e-09,3.46667361e-09
1260,42,2218951,0,5769,0,13,3.46667361e-09,3.46667361e-09
1261,41,2218951,0,5769,0,15,3.46667361e-09,3.46667361e-09
1262,40,2218951,0,5769,0,-26,3.46667361e-09,3.46667361e-09
1263,43,2224720,0,5769,0,18.446539,3.46667361e-09,3.46667361e-09
1264,42,2224720,0,5769,0,13,3.46667361e-09,3.46667361e-09
1265,41,2224720,0,5769,0,15,3.46667361e-09,3.46667361e-09
1266,40,2224720,0,5769,0,-26,3.46667361e-09,3.46667361e-09
1267,43,2230489,0,5769,0,18.446539,3.46667361e-09,3.46667361e-09
1268,42,2230489,0,5769,0,12,3.46667361e-09,3.46667361e-09
1269,41,2230489,0,5769,0,15,3.46667361e-09,3.46667361e-09
1270,40,2230489,0,5769,0,-25,3.46667361e-09,3.46667361e-09
1271,43,2236258,0,5769,0,18.446539,3.46667361e-09,3.46667361e-09
1272,42,2236258,0,5769,0,13,3.46667361e-09,3.46667361e-09
1273,41,2236258,0,5769,0,16,3.46667361e-09,3.46667361e-09
1274,40,2236258,0,5769,0,-26,3.46667361e-09,3.46667361e-09
1275,43,2242027,0,5769,0,18.446539,3.46667361e-09,3.46667361e-09
1276,42,2242027,0,5769,0,13,3.46667361e-09,3.46667361e-09
1277,41,2242027,0,5769,0,15,3.46667361e-09,3.46667361e-09
1278,40,2242027,0,5769,0,-26,3.46667361e-09,3.46667361e-09
1279,43,2247796,0,5769,0,18.446539,3.46667361e-09,3.46667361e-09
1280,42,2247796,0,5769,0,13,3.46667361e-09,3.46667361e-09
1281,41,2247796,0,5769,0,15,3.46667361e-09,3.46667361e-09
1282,40,2247796,0,5769,0,-26,3.46667361e-09,3.46667361e-09
1283,43,2253565,0,5769,0,18.446539,3.46667361e-09,3.46667361e-09
1284,42,2253565,0,5769,0,12,3.46667361e-09,3.46667361e-09
1285,41,2253565,0,5769,0,15,3.46667361e-09,3.46667361e-09
1286,40,2253565,0,5769,0,-26,3.46667361e-09,3.46667361e-09
1287,43,2259334,0,5769,0,18.446539,3.46667361e-09,3.46667361e-09
1288,42,2259334,0,5769,0,13,3.46667361e-09,3.46667361e-09
1289,41,2259334,0,5769,0,15,3.46667361e-09,3.46667361e-09
1290,40,2259334,0,5769,0,-26,3.46667361e-09,3.46667361e-09
1291,43,2265103,0,5769,0,18.446539,3.46667361e-09,3.46667361e-09
1292,42,2265103,0,5769,0,13,3.46667361e-09,3.46667361e-09
1293,41,2265103,0,5769,0,15,3.46667361e-09,3.46667361e-09
1294,40,2265103,0,5769,0,-26,3.46667361e-09,3.46667361e-09
1295,43,2270872,0,5769,0,18.446539,3.46667361e-09,3.46667361e-09
1296,42,2270872,0,5769,0,13,3.46667361e-09,3.46667361e-09
1297,41,2270872,0,5769,0,16,3.46667361e-09,3.46667361e-09
1298,40,2270872,0,5769,0,-26,3.46667361e-09,3.46667361e-09
1299,43,2276641,0,5769,0,18.446539,3.46667361e-09,3.46667361e-09
1300,42,2276641,0,5769,0,12,3.46667361e-09,3.46667361e-09
1301,41,2276641,0,5769,0,15,3.46667361e-09,3.46667361e-09
1302,40,2276641,0,5769,0,-26,3.46667361e-09,3.46667361e-09
1303,43,2282410,0,5769,0,18.446539,3.46667361e-09,3.46667361e-09
1304,42,2282410,0,5769,0,13,3.46667361e-09,3.46667361e-09
1305,41,2282410,0,5769,0,15,3.46667361e-09,3.46667361e-09
1306,40,2282410,0,5769,0,-26,3.46667361e-09,3.46667361e-09
1307,43,2288179,0,5769,0,18.446539,3.46667361e-09,3.46667361e-09
1308,42,2288179,0,5769,0,13,3.46667361e-09,3.46667361e-09
1309,41,2288179,0,5769,0,15,3.46667361e-09,3.46667361e-09
1310,40,2288179,0,5769,0,-26,3.46667361e-09,3.46667361e-09
1311,43,2293948,0,5769,0,18.446539,3.46667361e-09,3.46667361e-09
1312,42,2293948,0,5769,0,13,3.46667361e-09,3.46667361e-09
1313,41,2293948,0,5769,0,15,3.46667361e-09,3.46667361e-09
1314,40,2293948,0,5769,0,-26,3.46667361e-09,3.46667361e-09
1315,43,2299717,0,5769,0,18.446539,3.46667361e-09,3.46667361e-09
1316,42,2299717,0,5769,0,13,3.46667361e-09,3.46667361e-09
1317,41,2299717,0,5769,0,16,3.46667361e-09,3.46667361e-09
1318,40,2299717,0,5769,0,-26,3.46667361e-09,3.46667361e-09
1319,43,2305486,0,5769,0,18.446539,3.46667361e-09,3.46667361e-09
1320,42,2305486,0,5769,0,13,3.46667361e-09,3.46667361e-09
1321,41,2305486,0,5769,0,15,3.46667361e-09,3.46667361e-09
1322,40,2305486,0,5769,0,-26,3.46667361e-09,3.46667361e-09
1323,43,2311255,0,5769,0,18.446539,3.46667361e-09,3.46667361e-09
1324,42,2311255,0,5769,0,12,3.46667361e-09,3.46667361e-09
1325,41,2311255,0,5769,0,15,3.46667361e-09,3.46667361e-09
1326,40,2311255,0,5769,0,-26,3.46667361e-09,3.46667361e-09
1327,43,2317024,0,5769,0,18.446539,3.46667361e-09,3.46667361e-09
1328,42,2317024,0,5769,0,13,3.46667361e-09,3.46667361e-09
1329,41,2317024,0,5769,0,16,3.46667361e-09,3.46667361e-09
1330,40,2317024,0,5769,0,-26,3.46667361e-09,3.46667361e-09
1331,43,2322793,0,5769,0,18.446539,3.46667361e-09,3.46667361e-09
1332,42,2322793,0,5769,0,13,3.46667361e-09,3.46667361e-09
1333,41,2322793,0,5769,0,15,3.46667361e-09,3.46667361e-09
1334,40,2322793,0,5769,0,-26,3.46667361e-09,3.46667361e-09
1335,43,2328562,0,5769,0,18.446539,3.46667361e-09,3.46667361e-09
1336,42,2328562,0,5769,0,13,3.46667361e-09,3.46667361e-09
1337,41,2328562,0,5769,0,15,3.46667361e-09,3.46667361e-09
1338,40,2328562,0,5769,0,-26,3.46667361e-09,3.46667361e-09
1339,43,2334331,0,5769,0,18.446539,3.46667361e-09,3.46667361e-09
1340,42,2334331,0,5769,0,13,3.46667361e-09,3.46667361e-09
1341,41,2334331,0,5769,0,16,3.46667361e-09,3.46667361e-09
1342,40,2334331,0,5769,0,-26,3.46667361e-09,3.46667361e-09
1343,43,2340100,0,5769,0,18.446539,3.46667361e-09,3.46667361e-09
1344,42,2340100,0,5769,0,13,3.46667361e-09,3.46667361e-09
1345,41,2340100,0,5769,0,15,3.46667361e-09,3.46667361e-09
1346,40,2340100,0,5769,0,-26,3.46667361e-09,3.46667361e-09
1347,43,2345869,0,5769,0,18.446539,3.46667361e-09,3.46667361e-09
1348,42,2345869,0,5769,0,13,3.46667361e-09,3.46667361e-09
1349,41,2345869,0,5769,0,15,3.46667361e-09,3.46667361e-09
1350,40,2345869,0,5769,0,-26,3.46667361e-09,3.46667361e-09
1351,43,2351638,0,5769,0,18.446539,3.46667361e-09,3.46667361e-09
1352,42,2351638,0,5769,0,13,3.46667361e-09,3.46667361e-09
1353,41,2351638,0,5769,0,16,3.46667361e-09,3.46667361e-09
1354,40,2351638,0,5769,0,-26,3.46667361e-09,3.46667361e-09
1355,43,2357407,0,5769,0,18.446539,3.46667361e-09,3.46667361e-09
1356,42,2357407,0,5769,0,13,3.46667361e-09,3.46667361e-09
1357,41,2357407,0,5769,0,15,3.46667361e-09,3.46667361e-09
1358,40,2357407,0,5769,0,-26,3.46667361e-09,3.46667361e-09
1359,43,2363176,0,5769,0,18.446539,3.46667361e-09,3.46667361e-09
1360,42,2363176,0,5769,0,13,3.46667361e-09,3.46667361e-09
1361,41,2363176,0,5769,0,16,3.46667361e-09,3.46667361e-09
1362,40,2363176,0,5769,0,-26,3.46667361e-09,3.46667361e-09
1363,43,2368945,0,5769,0,18.446539,3.46667361e-09,3.46667361e-09
1364,42,2368945,0,5769,0,13,3.46667361e-09,3.46667361e-09
1365,41,2368945,0,5769,0,15,3.46667361e-09,3.46667361e-09
1366,40,2368945,0,5769,0,-26,3.46667361e-09,3.46667361e-09
1367,43,2374714,0,5769,0,18.446539,3.46667361e-09,3.46667361e-09
1368,42,2374714,0,5769,0,13,3.46667361e-09,3.46667361e-09
1369,41,2374714,0,5769,0,16,3.46667361e-09,3.46667361e-09
1370,40,2374714,0,5769,0,-26,3.46667361e-09,3.46667361e-09
1371,43,2380483,0,5769,0,18.446539,3.46667361e-09,3.46667361e-09
1372,42,2380483,0,5769,0,13,3.46667361e-09,3.46667361e-09
1373,41,2380483,0,5769,0,15,3.46667361e-09,3.46667361e-09
1374,40,2380483,0,5769,0,-26,3.46667361e-09,3.46667361e-09
1375,43,2386252,0,5769,0,18.446539,3.46667361e-09,3.46667361e-09
1376,42,2386252,0,5769,0,13,3.46667361e-09,3.46667361e-09
1377,41,2386252,0,5769,0,16,3.46667361e-09,3.46667361e-09
1378,40,2386252,0,5769,0,-25,3.46667361e-09,3.46667361e-09
1379,43,2392021,0,5769,0,18.446539,3.46667361e-09,3.46667361e-09
1380,42,2392021,0,5769,0,13,3.46667361e-09,3.46667361e-09
1381,41,2392021,0,5769,0,15,3.46667361e-09,3.46667361e-09
1382,40,2392021,0,5769,0,-26,3.46667361e-09,3.46667361e-09
1383,43,2397790,0,5769,0,18.446539,3.46667361e-09,3.46667361e-09
1384,42,2397790,0,5769,0,13,3.46667361e-09,3.46667361e-09
1385,41,2397790,0,5769,0,16,3.46667361e-09,3.46667361e-09
1386,40,2397790,0,5769,0,-26,3.46667361e-09,3.46667361e-09
1387,43,2403559,0,5769,0,18.446539,3.46667361e-09,3.46667361e-09
1388,42,2403559,0,5769,0,13,3.46667361e-09,3.46667361e-09
1389,41,2403559,0,5769,0,15,3.46667361e-09,3.46667361e-09
1390,40,2403559,0,5769,0,-26,3.46667361e-09,3.46667361e-09
1391,43,2409328,0,5769,0,18.446539,3.46667361e-09,3.46667361e-09
1392,42,2409328,0,5769,0,14,3.46667361e-09,3.46667361e-09
1393,41,2409328,0,5769,0,16,3.46667361e-09,3.46667361e-09
1394,40,2409328,0,5769,0,-26,3.46667361e-09,3.46667361e-09
1395,43,2415097,0,5769,0,18.446539,3.46667361e-09,3.46667361e-09
1396,42,2415097,0,5769,0,13,3.46667361e-09,3.46667361e-09
1397,41,2415097,0,5769,0,15,3.46667361e-09,3.46667361e-09
1398,40,2415097,0,5769,0,-26,3.46667361e-09,3.46667361e-09
1399,43,2420866,0,5769,0,18.446539,3.46667273e-09,3.46667273e-09
1400,42,2420866,0,5769,0,13,3.46667273e-09,3.46667273e-09
1401,41,2420866,0,5769,0,16,3.46667273e-09,3.46667273e-09
1402,40,2420866,0,5769,0,-26,3.46667273e-09,3.46667273e-09
1403,43,2426635,0,5769,0,18.446539,3.46667206e-09,3.46667206e-09
1404,42,2426635,0,5769,0,13,3.46667206e-09,3.46667206e-09
1405,41,2426635,0,5769,0,16,3.46667206e-09,3.46667206e-09
1406,40,2426635,0,5769,0,-26,3.46667206e-09,3.46667206e-09
1407,43,2432404,0,5769,0,18.446539,3.46665252e-09,3.46665252e-09
1408,42,2432404,0,5769,0,13,3.46665252e-09,3.46665252e-09
1409,41,2432404,0,5769,0,15,3.46665252e-09,3.46665252e-09
1410,40,2432404,0,5769,0,-26,3.46665252e-09,3.46665252e-09
1411,43,2438173,0,5769,0,18.446539,3.46665252e-09,3.46665252e-09
1412,42,2438173,0,5769,0,13,3.46665252e-09,3.46665252e-09
1413,41,2438173,0,5769,0,16,3.46665252e-09,3.46665252e-09
1414,40,2438173,0,5769,0,-26,3.46665252e-09,3.46665252e-09
1415,43,2443942,0,5769,0,18.446539,3.46665252e-09,3.46665252e-09
1416,42,2443942,0,5769,0,14,3.46665252e-09,3.46665252e-09
1417,41,2443942,0,5769,0,15,3.46665252e-09,3.46665252e-09
1418,40,2443942,0,5769,0,-26,3.46665252e-09,3.46665252e-09
1419,43,2449711,0,5769,0,18.446539,3.46665252e-09,3.46665252e-09
1420,42,2449711,0,5769,0,13,3.46665252e-09,3.46665252e-09
1421,41,2449711,0,5769,0,16,3.46665252e-09,3.46665252e-09
1422,40,2449711,0,5769,0,-26,3.46665252e-09,3.46665252e-09
1423,43,2455480,0,5769,0,18.446539,3.46665252e-09,3.46665252e-09
1424,42,2455480,0,5769,0,13,3.46665252e-09,3.46665252e-09
1425,41,2455480,0,5769,0,16,3.46665252e-09,3.46665252e-09
1426,40,2455480,0,5769,0,-26,3.46665252e-09,3.46665252e-09
1427,43,2461249,0,5769,0,18.446539,3.46665252e-09,3.46665252e-09
1428,42,2461249,0,5769,0,13,3.46665252e-09,3.46665252e-09
1429,41,2461249,0,5769,0,15,3.46665252e-09,3.46665252e-09
1430,40,2461249,0,5769,0,-26,3.46665252e-09,3.46665252e-09
1431,43,2467018,0,5769,0,18.446539,3.46665252e-09,3.46665252e-09
1432,42,2467018,0,5769,0,13,3.46665252e-09,3.46665252e-09
1433,41,2467018,0,5769,0,16,3.46665252e-09,3.46665252e-09
1434,40,2467018,0,5769,0,-26,3.46665252e-09,3.46665252e-09
1435,43,2472787,0,5769,0,18.446539,3.46665252e-09,3.46665252e-09
1436,42,2472787,0,5769,0,14,3.46665252e-09,3.46665252e-09
1437,41,2472787,0,5769,0,16,3.46665252e-09,3.46665252e-09
1438,40,2472787,0,5769,0,-26,3.46665252e-09,3.46665252e-09
1439,43,2478556,0,5769,0,18.446539,3.46665541e-09,3.46665541e-09
1440,42,2478556,0,5769,0,13,3.46665541e-09,3.46665541e-09
1441,41,2478556,0,5769,0,16,3.46665541e-09,3.46665541e-09
1442,40,2478556,0,5769,0,-26,3.46665541e-09,3.46665541e-09
1443,43,2484325,0,5769,0,18.446539,3.46665541e-09,3.46665541e-09
1444,42,2484325,0,5769,0,13,3.46665541e-09,3.46665541e-09
1445,41,2484325,0,5769,0,15,3.46665541e-09,3.46665541e-09
1446,40,2484325,0,5769,0,-26,3.46665541e-09,3.46665541e-09
1447,43,2490094,0,5769,0,18.446539,3.46665541e-09,3.46665541e-09
1448,42,2490094,0,5769,0,14,3.46665541e-09,3.46665541e-09
1449,41,2490094,0,5769,0,16,3.46665541e-09,3.46665541e-09
1450,40,2490094,0,5769,0,-26,3.46665541e-09,3.46665541e-09
1451,43,2495863,0,5769,0,18.446537,3.46668982e-09,3.46668982e-09
1452,42,2495863,0,5769,0,13,3.46668982e-09,3.46668982e-09
1453,41,2495863,0,5769,0,16,3.46668982e-09,3.46668982e-09
1454,40,2495863,0,5769,0,-26,3.46668982e-09,3.46668982e-09
1455,43,2501632,0,5769,0,18.446539,3.46665407e-09,3.46665407e-09
1456,42,2501632,0,5769,0,13,3.46665407e-09,3.46665407e-09
1457,41,2501632,0,5769,0,16,3.46665407e-09,3.46665407e-09
1458,40,2501632,0,5769,0,-26,3.46665407e-09,3.46665407e-09
1459,43,2507401,0,5769,0,18.446539,3.46665407e-09,3.46665407e-09
1460,42,2507401,0,5769,0,14,3.46665407e-09,3.46665407e-09
1461,41,2507401,0,5769,0,15,3.46665407e-09,3.46665407e-09
1462,40,2507401,0,5769,0,-26,3.46665407e-09,3.46665407e-09
1463,43,2513170,0,5769,0,18.446537,3.46668982e-09,3.46668982e-09
1464,42,2513170,0,5769,0,13,3.46668982e-09,3.46668982e-09
1465,41,2513170,0,5769,0,16,3.46668982e-09,3.46668982e-09
1466,40,2513170,0,5769,0,-26,3.46668982e-09,3.46668982e-09
1467,43,2518939,0,5769,0,18.446537,3.46668982e-09,3.46668982e-09
1468,42,2518939,0,5769,0,13,3.46668982e-09,3.46668982e-09
1469,41,2518939,0,5769,0,16,3.46668982e-09,3.46668982e-09
1470,40,2518939,0,5769,0,-25,3.46668982e-09,3.46668982e-09
1471,43,2524708,0,5769,0,18.446539,3.46665407e-09,3.46665407e-09
1472,42,2524708,0,5769,0,14,3.46665407e-09,3.46665407e-09
1473,41,2524708,0,5769,0,16,3.46665407e-09,3.46665407e-09
1474,40,2524708,0,5769,0,-26,3.46665407e-09,3.46665407e-09
1475,43,2530477,0,5769,0,18.446539,3.46665407e-09,3.46665407e-09
1476,42,2530477,0,5769,0,13,3.46665407e-09,3.46665407e-09
1477,41,2530477,0,5769,0,16,3.46665407e-09,3.46665407e-09
1478,40,2530477,0,5769,0,-26,3.46665407e-09,3.46665407e-09
1479,43,2536246,0,5769,0,18.446537,3.46668982e-09,3.46668982e-09
1480,42,2536246,0,5769,0,14,3.46668982e-09,3.46668982e-09
1481,41,2536246,0,5769,0,16,3.46668982e-09,3.46668982e-09
1482,40,2536246,0,5769,0,-26,3.46668982e-09,3.46668982e-09
1483,43,2542015,0,5769,0,18.446537,3.46668982e-09,3.46668982e-09
1484,42,2542015,0,5769,0,13,3.46668982e-09,3.46668982e-09
1485,41,2542015,0,5769,0,15,3.46668982e-09,3.46668982e-09
1486,40,2542015,0,5769,0,-26,3.46668982e-09,3.46668982e-09
1487,43,2547784,0,5769,0,18.446539,3.46665407e-09,3.46665407e-09
1488,42,2547784,0,5769,0,14,3.46665407e-09,3.46665407e-09
1489,41,2547784,0,5769,0,16,3.46665407e-09,3.46665407e-09
1490,40,2547784,0,5769,0,-26,3.46665407e-09,3.46665407e-09
1491,43,2553553,0,5769,0,18.446539,3.46665407e-09,3.46665407e-09
1492,42,2553553,0,5769,0,13,3.46665407e-09,3.46665407e-09
1493,41,2553553,0,5769,0,16,3.46665407e-09,3.46665407e-09
1494,40,2553553,0,5769,0,-26,3.46665407e-09,3.46665407e-09
1495,43,2559322,0,5769,0,18.446537,3.46668982e-09,3.46668982e-09
1496,42,2559322,0,5769,0,14,3.46668982e-09,3.46668982e-09
1497,41,2559322,0,5769,0,16,3.46668982e-09,3.46668982e-09
1498,40,2559322,0,5769,0,-26,3.46668982e-09,3.46668982e-09
1499,43,2565091,0,5769,0,18.446537,3.46668982e-09,3.46668982e-09
1500,42,2565091,0,5769,0,13,3.46668982e-09,3.46668982e-09
1501,41,2565091,0,5769,0,16,3.46668982e-09,3.46668982e-09
1502,40,2565091,0,5769,0,-26,3.46668982e-09,3.46668982e-09
1503,43,2570860,0,5769,0,18.446539,3.46665407e-09,3.46665407e-09
1504,42,2570860,0,5769,0,14,3.46665407e-09,3.46665407e-09
1505,41,2570860,0,5769,0,16,3.46665407e-09,3.46665407e-09
1506,40,2570860,0,5769,0,-26,3.46665407e-09,3.46665407e-09
1507,43,2576629,0,5769,0,18.446539,3.46665407e-09,3.46665407e-09
1508,42,2576629,0,5769,0,13,3.46665407e-09,3.46665407e-09
1509,41,2576629,0,5769,0,16,3.46665407e-09,3.46665407e-09
1510,40,2576629,0,5769,0,-26,3.46665407e-09,3.46665407e-09
1511,43,2582398,0,5769,0,18.446537,3.46668982e-09,3.46668982e-09
1512,42,2582398,0,5769,0,14,3.46668982e-09,3.46668982e-09
1513,41,2582398,0,5769,0,16,3.46668982e-09,3.46668982e-09
1514,40,2582398,0,5769,0,-26,3.46668982e-09,3.46668982e-09
1515,43,2588167,0,5769,0,18.446537,3.46668982e-09,3.46668982e-09
1516,42,2588167,0,5769,0,13,3.46668982e-09,3.46668982e-09
1517,41,2588167,0,5769,0,16,3.46668982e-09,3.46668982e-09
1518,40,2588167,0,5769,0,-26,3.46668982e-09,3.46668982e-09
1519,43,2593936,0,5769,0,18.446539,3.46665407e-09,3.46665407e-09
1520,42,2593936,0,5769,0,14,3.46665407e-09,3.46665407e-09
1521,41,2593936,0,5769,0,16,3.46665407e-09,3.46665407e-09
1522,40,2593936,0,5769,0,-26,3.46665407e-09,3.46665407e-09
1523,43,2599705,0,5769,0,18.446539,3.46665407e-09,3.46665407e-09
1524,42,2599705,0,5769,0,13,3.46665407e-09,3.46665407e-09
1525,41,2599705,0,5769,0,16,3.46665407e-09,3.46665407e-09
1526,40,2599705,0,5769,0,-26,3.46665407e-09,3.46665407e-09
1527,43,2605474,0,5769,0,18.446537,3.46668982e-09,3.46668982e-09
1528,42,2605474,0,5769,0,14,3.46668982e-09,3.46668982e-09
1529,41,2605474,0,5769,0,16,3.46668982e-09,3.46668982e-09
1530,40,2605474,0,5769,0,-26,3.46668982e-09,3.46668982e-09
1531,43,2611243,0,5769,0,18.446537,3.46668982e-09,3.46668982e-09
1532,42,2611243,0,5769,0,13,3.46668982e-09,3.46668982e-09
1533,41,2611243,0,5769,0,16,3.46668982e-09,3.46668982e-09
1534,40,2611243,0,5769,0,-26,3.46668982e-09,3.46668982e-09
1535,43,2617012,0,5769,0,18.446539,3.46665407e-09,3.46665407e-09
1536,42,2617012,0,5769,0,14,3.46665407e-09,3.46665407e-09
1537,41,2617012,0,5769,0,16,3.46665407e-09,3.46665407e-09
1538,40,2617012,0,5769,0,-26,3.46665407e-09,3.46665407e-09
1539,43,2622781,0,5769,0,18.446539,3.46665407e-09,3.46665407e-09
1540,42,2622781,0,5769,0,14,3.46665407e-09,3.46665407e-09
1541,41,2622781,0,5769,0,16,3.46665407e-09,3.46665407e-09
1542,40,2622781,0,5769,0,-26,3.46665407e-09,3.46665407e-09
1543,43,2628550,0,5769,0,18.446537,3.46668982e-09,3.46668982e-09
1544,42,2628550,0,5769,0,13,3.46668982e-09,3.46668982e-09
1545,41,2628550,0,5769,0,16,3.46668982e-09,3.46668982e-09
1546,40,2628550,0,5769,0,-26,3.46668982e-09,3.46668982e-09
1547,43,2634319,0,5769,0,18.446537,3.46668982e-09,3.46668982e-09
1548,42,2634319,0,5769,0,14,3.46668982e-09,3.46668982e-09
1549,41,2634319,0,5769,0,16,3.46668982e-09,3.46668982e-09
1550,40,2634319,0,5769,0,-25,3.46668982e-09,3.46668982e-09
1551,43,2640088,0,5769,0,18.446539,3.46665407e-09,3.46665407e-09
1552,42,2640088,0,5769,0,14,3.46665407e-09,3.46665407e-09
1553,41,2640088,0,5769,0,17,3.46665407e-09,3.46665407e-09
1554,40,2640088,0,5769,0,-26,3.46665407e-09,3.46665407e-09
1555,43,2645857,0,5769,0,18.446539,3.46665407e-09,3.46665407e-09
1556,42,2645857,0,5769,0,13,3.46665407e-09,3.46665407e-09
1557,41,2645857,0,5769,0,16,3.46665407e-09,3.46665407e-09
1558,40,2645857,0,5769,0,-26,3.46665407e-09,3.46665407e-09
1559,43,2651626,0,5769,0,18.446537,3.46668982e-09,3.46668982e-09
1560,42,2651626,0,5769,0,14,3.46668982e-09,3.46668982e-09
1561,41,2651626,0,5769,0,16,3.46668982e-09,3.46668982e-09
1562,40,2651626,0,5769,0,-26,3.46668982e-09,3.46668982e-09
1563,43,2657395,0,5769,0,18.446537,3.46668982e-09,3.46668982e-09
1564,42,2657395,0,5769,0,14,3.46668982e-09,3.46668982e-09
1565,41,2657395,0,5769,0,16,3.46668982e-09,3.46668982e-09
1566,40,2657395,0,5769,0,-26,3.46668982e-09,3.46668982e-09
1567,43,2663164,0,5769,0,18.446539,3.46665407e-09,3.46665407e-09
1568,42,2663164,0,5769,0,13,3.46665407e-09,3.46665407e-09
1569,41,2663164,0,5769,0,16,3.46665407e-09,3.46665407e-09
1570,40,2663164,0,5769,0,-26,3.46665407e-09,3.46665407e-09
1571,43,2668933,0,5769,0,18.446539,3.46665407e-09,3.46665407e-09
1572,42,2668933,0,5769,0,14,3.46665407e-09,3.46665407e-09
1573,41,2668933,0,5769,0,16,3.46665407e-09,3.46665407e-09
1574,40,2668933,0,5769,0,-26,3.46665407e-09,3.46665407e-09
1575,43,2674702,0,3862,1945,18.446537,3.46668982e-09,3.46668982e-09
1576,42,2674702,0,3862,1945,14,3.46668982e-09,3.46668982e-09
1577,41,2674702,0,3862,1945,16,3.46668982e-09,3.46668982e-09
1578,40,2674702,0,3862,1945,-26,3.46668982e-09,3.46668982e-09
1579,43,2680509,0,0,6433,18.446537,3.46668982e-09,3.46668982e-09
1580,42,2680509,0,0,6433,14,3.46668982e-09,3.46668982e-09
1581,41,2680509,0,0,6433,17,3.46668982e-09,3.46668982e-09
1582,40,2680509,0,0,6433,-26,3.46668982e-09,3.46668982e-09
1583,43,2686942,0,0,7630,18.446539,3.46665341e-09,3.46665341e-09
1584,42,2686942,0,0,7630,14,3.46665341e-09,3.46665341e-09
1585,41,2686942,0,0,7630,16,3.46665341e-09,3.46665341e-09
1586,40,2686942,0,0,7630,-26,3.46665341e-09,3.46665341e-09
1587,43,2694572,0,0,9940,18.446539,3.46665252e-09,3.46665252e-09
1588,42,2694572,0,0,9940,13,3.46665252e-09,3.46665252e-09
1589,41,2694572,0,0,9940,16,3.46665252e-09,3.46665252e-09
1590,40,2694572,0,0,9940,-26,3.46665252e-09,3.46665252e-09
1591,43,2704512,0,0,22802,18.446537,3.46668849e-09,3.46668849e-09
1592,42,2704512,0,0,22802,14,3.46668849e-09,3.46668849e-09
1593,41,2704512,0,0,22802,16,3.46668849e-09,3.46668849e-09
1594,40,2704512,0,0,22802,-26,3.46668849e-09,3.46668849e-09
1595,43,2727314,22802,0,0,18.446539,3.46665341e-09,3.46665341e-09
1596,42,2727314,22802,0,0,-22,3.46665341e-09,3.46665341e-09
1597,41,2727314,22802,0,0,21,3.46665341e-09,3.46665341e-09
1598,40,2727314,22802,0,0,-3,3.46665341e-09,3.46665341e-09
1599,43,2750116,9940,0,0,18.446539,3.46665341e-09,3.46665341e-09
1600,42,2750116,9940,0,0,-22,3.46665341e-09,3.46665341e-09
1601,41,2750116,9940,0,0,20,3.46665341e-09,3.46665341e-09
1602,40,2750116,9940,0,0,-3,3.46665341e-09,3.46665341e-09
1603,43,2760056,7630,0,0,18.446539,3.46665407e-09,3.46665407e-09
1604,42,2760056,7630,0,0,-22,3.46665407e-09,3.46665407e-09
1605,41,2760056,7630,0,0,21,3.46665407e-09,3.46665407e-09
1606,40,2760056,7630,0,0,-3,3.46665407e-09,3.46665407e-09
1607,43,2767686,6433,0,0,18.446539,3.46665407e-09,3.46665407e-09
1608,42,2767686,6433,0,0,-22,3.46665407e-09,3.46665407e-09
1609,41,2767686,6433,0,0,20,3.46665407e-09,3.46665407e-09
1610,40,2767686,6433,0,0,-3,3.46665407e-09,3.46665407e-09
1611,43,2774119,1945,3862,0,18.446539,3.46665252e-09,3.46665252e-09
1612,42,2774119,1945,3862,0,-23,3.46665252e-09,3.46665252e-09
1613,41,2774119,1945,3862,0,21,3.46665252e-09,3.46665252e-09
1614,40,2774119,1945,3862,0,-3,3.46665252e-09,3.46665252e-09
1615,43,2779926,0,5769,0,18.446539,3.46665252e-09,3.46665252e-09
1616,42,2779926,0,5769,0,-22,3.46665252e-09,3.46665252e-09
1617,41,2779926,0,5769,0,20,3.46665252e-09,3.46665252e-09
1618,40,2779926,0,5769,0,-3,3.46665252e-09,3.46665252e-09
1619,43,2785695,0,5769,0,18.446539,3.46665252e-09,3.46665252e-09
1620,42,2785695,0,5769,0,-22,3.46665252e-09,3.46665252e-09
1621,41,2785695,0,5769,0,21,3.46665252e-09,3.46665252e-09
1622,40,2785695,0,5769,0,-3,3.46665252e-09,3.46665252e-09
1623,43,2791464,0,5769,0,18.446539,3.46665252e-09,3.46665252e-09
1624,42,2791464,0,5769,0,-22,3.46665252e-09,3.46665252e-09
1625,41,2791464,0,5769,0,20,3.46665252e-09,3.46665252e-09
1626,40,2791464,0,5769,0,-2,3.46665252e-09,3.46665252e-09
1627,43,2797233,0,5769,0,18.446539,3.46665252e-09,3.46665252e-09
1628,42,2797233,0,5769,0,-22,3.46665252e-09,3.46665252e-09
1629,41,2797233,0,5769,0,21,3.46665252e-09,3.46665252e-09
1630,40,2797233,0,5769,0,-3,3.46665252e-09,3.46665252e-09
1631,43,2803002,0,5769,0,18.446539,3.46665252e-09,3.46665252e-09
1632,42,2803002,0,5769,0,-22,3.46665252e-09,3.46665252e-09
1633,41,2803002,0,5769,0,20,3.46665252e-09,3.46665252e-09
1634,40,2803002,0,5769,0,-3,3.46665252e-09,3.46665252e-09
1635,43,2808771,0,5769,0,18.446539,3.46665252e-09,3.46665252e-09
1636,42,2808771,0,5769,0,-22,3.46665252e-09,3.46665252e-09
1637,41,2808771,0,5769,0,21,3.46665252e-09,3.46665252e-09
1638,40,2808771,0,5769,0,-3,3.46665252e-09,3.46665252e-09
1639,43,2814540,0,5769,0,18.446539,3.46665252e-09,3.46665252e-09
1640,42,2814540,0,5769,0,-22,3.46665252e-09,3.46665252e-09
1641,41,2814540,0,5769,0,20,3.46665252e-09,3.46665252e-09
1642,40,2814540,0,5769,0,-3,3.46665252e-09,3.46665252e-09
1643,43,2820309,0,5769,0,18.446539,3.46665252e-09,3.46665252e-09
1644,42,2820309,0,5769,0,-23,3.46665252e-09,3.46665252e-09
1645,41,2820309,0,5769,0,21,3.46665252e-09,3.46665252e-09
1646,40,2820309,0,5769,0,-2,3.46665252e-09,3.46665252e-09
1647,43,2826078,0,5769,0,18.446539,3.46665252e-09,3.46665252e-09
1648,42,2826078,0,5769,0,-22,3.46665252e-09,3.46665252e-09
1649,41,2826078,0,5769,0,21,3.46665252e-09,3.46665252e-09
1650,40,2826078,0,5769,0,-3,3.46665252e-09,3.46665252e-09
1651,43,2831847,0,5769,0,18.446539,3.46665252e-09,3.46665252e-09
1652,42,2831847,0,5769,0,-22,3.46665252e-09,3.46665252e-09
1653,41,2831847,0,5769,0,20,3.46665252e-09,3.46665252e-09
1654,40,2831847,0,5769,0,-3,3.46665252e-09,3.46665252e-09
1655,43,2837616,0,5769,0,18.446539,3.46665252e-09,3.46665252e-09
1656,42,2837616,0,5769,0,-22,3.46665252e-09,3.46665252e-09
1657,41,2837616,0,5769,0,21,3.46665252e-09,3.46665252e-09
1658,40,2837616,0,5769,0,-3,3.46665252e-09,3.46665252e-09
1659,43,2843385,0,5769,0,18.446539,3.46665252e-09,3.46665252e-09
1660,42,2843385,0,5769,0,-22,3.46665252e-09,3.46665252e-09
1661,41,2843385,0,5769,0,20,3.46665252e-09,3.46665252e-09
1662,40,2843385,0,5769,0,-2,3.46665252e-09,3.46665252e-09
1663,43,2849154,0,5769,0,18.446539,3.46665252e-09,3.46665252e-09
1664,42,2849154,0,5769,0,-22,3.46665252e-09,3.46665252e-09
1665,41,2849154,0,5769,0,21,3.46665252e-09,3.46665252e-09
1666,40,2849154,0,5769,0,-3,3.46665252e-09,3.46665252e-09
1667,43,2854923,0,5769,0,18.446539,3.46665252e-09,3.46665252e-09
1668,42,2854923,0,5769,0,-22,3.46665252e-09,3.46665252e-09
1669,41,2854923,0,5769,0,20,3.46665252e-09,3.46665252e-09
1670,40,2854923,0,5769,0,-2,3.46665252e-09,3.46665252e-09
1671,43,2860692,0,5769,0,18.446539,3.46665252e-09,3.46665252e-09
1672,42,2860692,0,5769,0,-22,3.46665252e-09,3.46665252e-09
1673,41,2860692,0,5769,0,21,3.46665252e-09,3.46665252e-09
1674,40,2860692,0,5769,0,-3,3.46665252e-09,3.46665252e-09
1675,43,2866461,0,5769,0,18.446539,3.46665252e-09,3.46665252e-09
1676,42,2866461,0,5769,0,-22,3.46665252e-09,3.46665252e-09
1677,41,2866461,0,5769,0,21,3.46665252e-09,3.46665252e-09
1678,40,2866461,0,5769,0,-3,3.46665252e-09,3.46665252e-09
1679,43,2872230,0,5769,0,18.446539,3.46665252e-09,3.46665252e-09
1680,42,2872230,0,5769,0,-22,3.46665252e-09,3.46665252e-09
1681,41,2872230,0,5769,0,20,3.46665252e-09,3.46665252e-09
1682,40,2872230,0,5769,0,-2,3.46665252e-09,3.46665252e-09
1683,43,2877999,0,5769,0,18.446539,3.46665252e-09,3.46665252e-09
1684,42,2877999,0,5769,0,-22,3.46665252e-09,3.46665252e-09
1685,41,2877999,0,5769,0,21,3.46665252e-09,3.46665252e-09
1686,40,2877999,0,5769,0,-3,3.46665252e-09,3.46665252e-09
1687,43,2883768,0,5769,0,18.446539,3.46665252e-09,3.46665252e-09
1688,42,2883768,0,5769,0,-22,3.46665252e-09,3.46665252e-09
1689,41,2883768,0,5769,0,21,3.46665252e-09,3.46665252e-09
1690,40,2883768,0,5769,0,-2,3.46665252e-09,3.46665252e-09
1691,43,2889537,0,5769,0,18.446539,3.46665252e-09,3.46665252e-09
1692,42,2889537,0,5769,0,-22,3.46665252e-09,3.46665252e-09
1693,41,2889537,0,5769,0,20,3.46665252e-09,3.46665252e-09
1694,40,2889537,0,5769,0,-3,3.46665252e-09,3.46665252e-09
1695,43,2895306,0,5769,0,18.446539,3.46665252e-09,3.46665252e-09
1696,42,2895306,0,5769,0,-22,3.46665252e-09,3.46665252e-09
1697,41,2895306,0,5769,0,21,3.46665252e-09,3.46665252e-09
1698,40,2895306,0,5769,0,-2,3.46665252e-09,3.46665252e-09
1699,43,2901075,0,5769,0,18.446539,3.46665252e-09,3.46665252e-09
1700,42,2901075,0,5769,0,-22,3.46665252e-09,3.46665252e-09
1701,41,2901075,0,5769,0,21,3.46665252e-09,3.46665252e-09
1702,40,2901075,0,5769,0,-3,3.46665252e-09,3.46665252e-09
1703,43,2906844,0,5769,0,18.446539,3.46665252e-09,3.46665252e-09
1704,42,2906844,0,5769,0,-22,3.46665252e-09,3.46665252e-09
1705,41,2906844,0,5769,0,20,3.46665252e-09,3.46665252e-09
1706,40,2906844,0,5769,0,-2,3.46665252e-09,3.46665252e-09
1707,43,2912613,0,5769,0,18.446539,3.46665252e-09,3.46665252e-09
1708,42,2912613,0,5769,0,-22,3.46665252e-09,3.46665252e-09
1709,41,2912613,0,5769,0,21,3.46665252e-09,3.46665252e-09
1710,40,2912613,0,5769,0,-2,3.46665252e-09,3.46665252e-09
1711,43,2918382,0,5769,0,18.446539,3.46665252e-09,3.46665252e-09
1712,42,2918382,0,5769,0,-22,3.46665252e-09,3.46665252e-09
1713,41,2918382,0,5769,0,21,3.46665252e-09,3.46665252e-09
1714,40,2918382,0,5769,0,-3,3.46665252e-09,3.46665252e-09
1715,43,2924151,0,5769,0,18.446539,3.46665252e-09,3.46665252e-09
1716,42,2924151,0,5769,0,-22,3.46665252e-09,3.46665252e-09
1717,41,2924151,0,5769,0,20,3.46665252e-09,3.46665252e-09
1718,40,2924151,0,5769,0,-2,3.46665252e-09,3.46665252e-09
1719,43,2929920,0,5769,0,18.446539,3.46665252e-09,3.46665252e-09
1720,42,2929920,0,5769,0,-22,3.46665252e-09,3.46665252e-09
1721,41,2929920,0,5769,0,21,3.46665252e-09,3.46665252e-09
1722,40,2929920,0,5769,0,-2,3.46665252e-09,3.46665252e-09
1723,43,2935689,0,5769,0,18.446539,3.46665252e-09,3.46665252e-09
1724,42,2935689,0,5769,0,-22,3.46665252e-09,3.46665252e-09
1725,41,2935689,0,5769,0,21,3.46665252e-09,3.46665252e-09
1726,40,2935689,0,5769,0,-3,3.46665252e-09,3.46665252e-09
1727,43,2941458,0,5769,0,18.446539,3.46665252e-09,3.46665252e-09
1728,42,2941458,0,5769,0,-22,3.46665252e-09,3.46665252e-09
1729,41,2941458,0,5769,0,20,3.46665252e-09,3.46665252e-09
1730,40,2941458,0,5769,0,-2,3.46665252e-09,3.46665252e-09
1731,43,2947227,0,5769,0,18.446539,3.46665252e-09,3.46665252e-09
1732,42,2947227,0,5769,0,-22,3.46665252e-09,3.46665252e-09
1733,41,2947227,0,5769,0,21,3.46665252e-09,3.46665252e-09
1734,40,2947227,0,5769,0,-2,3.46665252e-09,3.46665252e-09
1735,43,2952996,0,5769,0,18.446539,3.46665252e-09,3.46665252e-09
1736,42,2952996,0,5769,0,-22,3.46665252e-09,3.46665252e-09
1737,41,2952996,0,5769,0,21,3.46665252e-09,3.46665252e-09
1738,40,2952996,0,5769,0,-2,3.46665252e-09,3.46665252e-09
1739,43,2958765,0,5769,0,18.446539,3.46665252e-09,3.46665252e-09
1740,42,2958765,0,5769,0,-22,3.46665252e-09,3.46665252e-09
1741,41,2958765,0,5769,0,21,3.46665252e-09,3.46665252e-09
1742,40,2958765,0,5769,0,-2,3.46665252e-09,3.46665252e-09
1743,43,2964534,0,5769,0,18.446539,3.46665252e-09,3.46665252e-09
1744,42,2964534,0,5769,0,-22,3.46665252e-09,3.46665252e-09
1745,41,2964534,0,5769,0,20,3.46665252e-09,3.46665252e-09
1746,40,2964534,0,5769,0,-3,3.46665252e-09,3.46665252e-09
1747,43,2970303,0,5769,0,18.446539,3.46665252e-09,3.46665252e-09
1748,42,2970303,0,5769,0,-22,3.46665252e-09,3.46665252e-09
1749,41,2970303,0,5769,0,21,3.46665252e-09,3.46665252e-09
1750,40,2970303,0,5769,0,-2,3.46665252e-09,3.46665252e-09
1751,43,2976072,0,5769,0,18.446539,3.46665252e-09,3.46665252e-09
1752,42,2976072,0,5769,0,-22,3.46665252e-09,3.46665252e-09
1753,41,2976072,0,5769,0,21,3.46665252e-09,3.46665252e-09
1754,40,2976072,0,5769,0,-2,3.46665252e-09,3.46665252e-09
1755,43,2981841,0,5769,0,18.446539,3.46665252e-09,3.46665252e-09
1756,42,2981841,0,5769,0,-22,3.46665252e-09,3.46665252e-09
1757,41,2981841,0,5769,0,21,3.46665252e-09,3.46665252e-09
1758,40,2981841,0,5769,0,-2,3.46665252e-09,3.46665252e-09
1759,43,2987610,0,5769,0,18.446539,3.46665252e-09,3.46665252e-09
1760,42,2987610,0,5769,0,-22,3.46665252e-09,3.46665252e-09
1761,41,2987610,0,5769,0,21,3.46665252e-09,3.46665252e-09
1762,40,2987610,0,5769,0,-2,3.46665252e-09,3.46665252e-09
1763,43,2993379,0,5769,0,18.446539,3.46665252e-09,3.46665252e-09
1764,42,2993379,0,5769,0,-22,3.46665252e-09,3.46665252e-09
1765,41,2993379,0,5769,0,20,3.46665252e-09,3.46665252e-09
1766,40,2993379,0,5769,0,-2,3.46665252e-09,3.46665252e-09
1767,43,2999148,0,5769,0,18.446539,3.46665541e-09,3.46665541e-09
1768,42,2999148,0,5769,0,-22,3.46665541e-09,3.46665541e-09
1769,41,2999148,0,5769,0,21,3.46665541e-09,3.46665541e-09
1770,40,2999148,0,5769,0,-2,3.46665541e-09,3.46665541e-09
1771,43,3004917,0,5769,0,18.446539,3.46665407e-09,3.46665407e-09
1772,42,3004917,0,5769,0,-22,3.46665407e-09,3.46665407e-09
1773,41,3004917,0,5769,0,21,3.46665407e-09,3.46665407e-09
1774,40,3004917,0,5769,0,-2,3.46665407e-09,3.46665407e-09
1775,43,3010686,0,5769,0,18.446539,3.46665541e-09,3.46665541e-09
1776,42,3010686,0,5769,0,-22,3.46665541e-09,3.46665541e-09
1777,41,3010686,0,5769,0,21,3.46665541e-09,3.46665541e-09
1778,40,3010686,0,5769,0,-2,3.46665541e-09,3.46665541e-09
1779,43,3016455,0,5769,0,18.446539,3.46667361e-09,3.46667361e-09
1780,42,3016455,0,5769,0,-22,3.46667361e-09,3.46667361e-09
1781,41,3016455,0,5769,0,21,3.46667361e-09,3.46667361e-09
1782,40,3016455,0,5769,0,-2,3.46667361e-09,3.46667361e-09
1783,43,3022224,0,5769,0,18.446539,3.46667361e-09,3.46667361e-09
1784,42,3022224,0,5769,0,-22,3.46667361e-09,3.46667361e-09
1785,41,3022224,0,5769,0,20,3.46667361e-09,3.46667361e-09
1786,40,3022224,0,5769,0,-2,3.46667361e-09,3.46667361e-09
1787,43,3027993,0,5769,0,18.446539,3.46667361e-09,3.46667361e-09
1788,42,3027993,0,5769,0,-21,3.46667361e-09,3.46667361e-09
1789,41,3027993,0,5769,0,21,3.46667361e-09,3.46667361e-09
1790,40,3027993,0,5769,0,-2,3.46667361e-09,3.46667361e-09
1791,43,3033762,0,5769,0,18.446539,3.46667361e-09,3.46667361e-09
1792,42,3033762,0,5769,0,-22,3.46667361e-09,3.46667361e-09
1793,41,3033762,0,5769,0,21,3.46667361e-09,3.46667361e-09
1794,40,3033762,0,5769,0,-2,3.46667361e-09,3.46667361e-09
1795,43,3039531,0,5769,0,18.446539,3.46667361e-09,3.46667361e-09
1796,42,3039531,0,5769,0,-22,3.46667361e-09,3.46667361e-09
1797,41,3039531,0,5769,0,21,3.46667361e-09,3.46667361e-09
1798,40,3039531,0,5769,0,-2,3.46667361e-09,3.46667361e-09
1799,43,3045300,0,5769,0,18.446539,3.46667361e-09,3.46667361e-09
1800,42,3045300,0,5769,0,-22,3.46667361e-09,3.46667361e-09
1801,41,3045300,0,5769,0,21,3.46667361e-09,3.46667361e-09
1802,40,3045300,0,5769,0,-2,3.46667361e-09,3.46667361e-09
1803,43,3051069,0,5769,0,18.446539,3.46667361e-09,3.46667361e-09
1804,42,3051069,0,5769,0,-22,3.46667361e-09,3.46667361e-09
1805,41,3051069,0,5769,0,21,3.46667361e-09,3.46667361e-09
1806,40,3051069,0,5769,0,-1,3.46667361e-09,3.46667361e-09
1807,43,3056838,0,5769,0,18.446539,3.46667361e-09,3.46667361e-09
1808,42,3056838,0,5769,0,-22,3.46667361e-09,3.46667361e-09
1809,41,3056838,0,5769,0,21,3.46667361e-09,3.46667361e-09
1810,40,3056838,0,5769,0,-2,3.46667361e-09,3.46667361e-09
1811,43,3062607,0,5769,0,18.446539,3.46667361e-09,3.46667361e-09
1812,42,3062607,0,5769,0,-22,3.46667361e-09,3.46667361e-09
1813,41,3062607,0,5769,0,20,3.46667361e-09,3.46667361e-09
1814,40,3062607,0,5769,0,-2,3.46667361e-09,3.46667361e-09
1815,43,3068376,0,5769,0,18.446539,3.46667361e-09,3.46667361e-09
1816,42,3068376,0,5769,0,-22,3.46667361e-09,3.46667361e-09
1817,41,3068376,0,5769,0,21,3.46667361e-09,3.46667361e-09
1818,40,3068376,0,5769,0,-2,3.46667361e-09,3.46667361e-09
1819,43,3074145,0,5769,0,18.446539,3.46667361e-09,3.46667361e-09
1820,42,3074145,0,5769,0,-21,3.46667361e-09,3.46667361e-09
1821,41,3074145,0,5769,0,21,3.46667361e-09,3.46667361e-09
1822,40,3074145,0,5769,0,-1,3.46667361e-09,3.46667361e-09
1823,43,3079914,0,5769,0,18.446539,3.46667361e-09,3.46667361e-09
1824,42,3079914,0,5769,0,-22,3.46667361e-09,3.46667361e-09
1825,41,3079914,0,5769,0,21,3.46667361e-09,3.46667361e-09
1826,40,3079914,0,5769,0,-2,3.46667361e-09,3.46667361e-09
1827,43,3085683,0,5769,0,18.446539,3.46667361e-09,3.46667361e-09
1828,42,3085683,0,5769,0,-22,3.46667361e-09,3.46667361e-09
1829,41,3085683,0,5769,0,21,3.46667361e-09,3.46667361e-09
1830,40,3085683,0,5769,0,-2,3.46667361e-09,3.46667361e-09
1831,43,3091452,0,5769,0,18.446539,3.46667361e-09,3.46667361e-09
1832,42,3091452,0,5769,0,-22,3.46667361e-09,3.46667361e-09
1833,41,3091452,0,5769,0,21,3.46667361e-09,3.46667361e-09
1834,40,3091452,0,5769,0,-1,3.46667361e-09,3.46667361e-09
1835,43,3097221,0,5769,0,18.446539,3.46667361e-09,3.46667361e-09
1836,42,3097221,0,5769,0,-22,3.46667361e-09,3.46667361e-09
1837,41,3097221,0,5769,0,21,3.46667361e-09,3.46667361e-09
1838,40,3097221,0,5769,0,-2,3.46667361e-09,3.46667361e-09
1839,43,3102990,0,5769,0,18.446539,3.46667361e-09,3.46667361e-09
1840,42,3102990,0,5769,0,-22,3.46667361e-09,3.46667361e-09
1841,41,3102990,0,5769,0,21,3.46667361e-09,3.46667361e-09
1842,40,3102990,0,5769,0,-2,3.46667361e-09,3.46667361e-09
1843,43,3108759,0,5769,0,18.446539,3.46667361e-09,3.46667361e-09
1844,42,3108759,0,5769,0,-21,3.46667361e-09,3.46667361e-09
1845,41,3108759,0,5769,0,21,3.46667361e-09,3.46667361e-09
1846,40,3108759,0,5769,0,-1,3.46667361e-09,3.46667361e-09
1847,43,3114528,0,5769,0,18.446539,3.46667361e-09,3.46667361e-09
1848,42,3114528,0,5769,0,-22,3.46667361e-09,3.46667361e-09
1849,41,3114528,0,5769,0,21,3.46667361e-09,3.46667361e-09
1850,40,3114528,0,5769,0,-2,3.46667361e-09,3.46667361e-09
1851,43,3120297,0,5769,0,18.446539,3.46667361e-09,3.46667361e-09
1852,42,3120297,0,5769,0,-22,3.46667361e-09,3.46667361e-09
1853,41,3120297,0,5769,0,21,3.46667361e-09,3.46667361e-09
1854,40,3120297,0,5769,0,-1,3.46667361e-09,3.46667361e-09
1855,43,3126066,0,5769,0,18.446539,3.46667361e-09,3.46667361e-09
1856,42,3126066,0,5769,0,-22,3.46667361e-09,3.46667361e-09
1857,41,3126066,0,5769,0,21,3.46667361e-09,3.46667361e-09
1858,40,3126066,0,5769,0,-2,3.46667361e-09,3.46667361e-09
1859,43,3131835,0,5769,0,18.446539,3.46667361e-09,3.46667361e-09
1860,42,3131835,0,5769,0,-22,3.46667361e-09,3.46667361e-09
1861,41,3131835,0,5769,0,21,3.46667361e-09,3.46667361e-09
1862,40,3131835,0,5769,0,-1,3.46667361e-09,3.46667361e-09
1863,43,3137604,0,5769,0,18.446539,3.46667361e-09,3.46667361e-09
1864,42,3137604,0,5769,0,-22,3.46667361e-09,3.46667361e-09
1865,41,3137604,0,5769,0,21,3.46667361e-09,3.46667361e-09
1866,40,3137604,0,5769,0,-2,3.46667361e-09,3.46667361e-09
1867,43,3143373,0,5769,0,18.446539,3.46667361e-09,3.46667361e-09
1868,42,3143373,0,5769,0,-21,3.46667361e-09,3.46667361e-09
1869,41,3143373,0,5769,0,21,3.46667361e-09,3.46667361e-09
1870,40,3143373,0,5769,0,-1,3.46667361e-09,3.46667361e-09
1871,43,3149142,0,5769,0,18.446539,3.46667361e-09,3.46667361e-09
1872,42,3149142,0,5769,0,-22,3.46667361e-09,3.46667361e-09
1873,41,3149142,0,5769,0,21,3.46667361e-09,3.46667361e-09
1874,40,3149142,0,5769,0,-2,3.46667361e-09,3.46667361e-09
1875,43,3154911,0,5769,0,18.446539,3.46667361e-09,3.46667361e-09
1876,42,3154911,0,5769,0,-22,3.46667361e-09,3.46667361e-09
1877,41,3154911,0,5769,0,21,3.46667361e-09,3.46667361e-09
1878,40,3154911,0,5769,0,-1,3.46667361e-09,3.46667361e-09
1879,43,3160680,0,5769,0,18.446539,3.46667361e-09,3.46667361e-09
1880,42,3160680,0,5769,0,-22,3.46667361e-09,3.46667361e-09
1881,41,3160680,0,5769,0,21,3.46667361e-09,3.46667361e-09
1882,40,3160680,0,5769,0,-1,3.46667361e-09,3.46667361e-09
1883,43,3166449,0,5769,0,18.446539,3.46667361e-09,3.46667361e-09
1884,42,3166449,0,5769,0,-21,3.46667361e-09,3.46667361e-09
1885,41,3166449,0,5769,0,21,3.46667361e-09,3.46667361e-09
1886,40,3166449,0,5769,0,-2,3.46667361e-09,3.46667361e-09
1887,43,3172218,0,5769,0,18.446539,3.46667361e-09,3.46667361e-09
1888,42,3172218,0,5769,0,-22,3.46667361e-09,3.46667361e-09
1889,41,3172218,0,5769,0,21,3.46667361e-09,3.46667361e-09
1890,40,3172218,0,5769,0,-1,3.46667361e-09,3.46667361e-09
1891,43,3177987,0,5769,0,18.446539,3.46667361e-09,3.46667361e-09
1892,42,3177987,0,5769,0,-22,3.46667361e-09,3.46667361e-09
1893,41,3177987,0,5769,0,21,3.46667361e-09,3.46667361e-09
1894,40,3177987,0,5769,0,-1,3.46667361e-09,3.46667361e-09
1895,43,3183756,0,5769,0,18.446539,3.46667361e-09,3.46667361e-09
1896,42,3183756,0,5769,0,-22,3.46667361e-09,3.46667361e-09
1897,41,3183756,0,5769,0,21,3.46667361e-09,3.46667361e-09
1898,40,3183756,0,5769,0,-2,3.46667361e-09,3.46667361e-09
1899,43,3189525,0,5769,0,18.446539,3.46667361e-09,3.46667361e-09
1900,42,3189525,0,5769,0,-21,3.46667361e-09,3.46667361e-09
1901,41,3189525,0,5769,0,21,3.46667361e-09,3.46667361e-09
1902,40,3189525,0,5769,0,-1,3.46667361e-09,3.46667361e-09
1903,43,3195294,0,5769,0,18.446539,3.46667361e-09,3.46667361e-09
1904,42,3195294,0,5769,0,-22,3.46667361e-09,3.46667361e-09
1905,41,3195294,0,5769,0,21,3.46667361e-09,3.46667361e-09
1906,40,3195294,0,5769,0,-1,3.46667361e-09,3.46667361e-09
1907,43,3201063,0,5769,0,18.446539,3.46667361e-09,3.46667361e-09
1908,42,3201063,0,5769,0,-22,3.46667361e-09,3.46667361e-09
1909,41,3201063,0,5769,0,21,3.46667361e-09,3.46667361e-09
1910,40,3201063,0,5769,0,-1,3.46667361e-09,3.46667361e-09
1911,43,3206832,0,5769,0,18.446539,3.46667361e-09,3.46667361e-09
1912,42,3206832,0,5769,0,-22,3.46667361e-09,3.46667361e-09
1913,41,3206832,0,5769,0,21,3.46667361e-09,3.46667361e-09
1914,40,3206832,0,5769,0,-2,3.46667361e-09,3.46667361e-09
1915,43,3212601,0,5769,0,18.446539,3.46667361e-09,3.46667361e-09
1916,42,3212601,0,5769,0,-21,3.46667361e-09,3.46667361e-09
1917,41,3212601,0,5769,0,21,3.46667361e-09,3.46667361e-09
1918,40,3212601,0,5769,0,-1,3.46667361e-09,3.46667361e-09
1919,43,3218370,0,5769,0,18.446539,3.46667361e-09,3.46667361e-09
1920,42,3218370,0,5769,0,-22,3.46667361e-09,3.46667361e-09
1921,41,3218370,0,5769,0,21,3.46667361e-09,3.46667361e-09
1922,40,3218370,0,5769,0,-1,3.46667361e-09,3.46667361e-09
1923,43,3224139,0,5769,0,18.446539,3.46667361e-09,3.46667361e-09
1924,42,3224139,0,5769,0,-22,3.46667361e-09,3.46667361e-09
1925,41,3224139,0,5769,0,21,3.46667361e-09,3.46667361e-09
1926,40,3224139,0,5769,0,-1,3.46667361e-09,3.46667361e-09
1927,43,3229908,0,5769,0,18.446539,3.46667361e-09,3.46667361e-09
1928,42,3229908,0,5769,0,-21,3.46667361e-09,3.46667361e-09
1929,41,3229908,0,5769,0,21,3.46667361e-09,3.46667361e-09
1930,40,3229908,0,5769,0,-1,3.46667361e-09,3.46667361e-09
1931,43,3235677,0,5769,0,18.446539,3.46667361e-09,3.46667361e-09
1932,42,3235677,0,5769,0,-22,3.46667361e-09,3.46667361e-09
1933,41,3235677,0,5769,0,21,3.46667361e-09,3.46667361e-09
1934,40,3235677,0,5769,0,-1,3.46667361e-09,3.46667361e-09
1935,43,3241446,0,5769,0,18.446539,3.46667361e-09,3.46667361e-09
1936,42,3241446,0,5769,0,-22,3.46667361e-09,3.46667361e-09
1937,41,3241446,0,5769,0,22,3.46667361e-09,3.46667361e-09
1938,40,3241446,0,5769,0,-1,3.46667361e-09,3.46667361e-09
1939,43,3247215,0,5769,0,18.446539,3.46667361e-09,3.46667361e-09
1940,42,3247215,0,5769,0,-21,3.46667361e-09,3.46667361e-09
1941,41,3247215,0,5769,0,21,3.46667361e-09,3.46667361e-09
1942,40,3247215,0,5769,0,-1,3.46667361e-09,3.46667361e-09
1943,43,3252984,0,5769,0,18.446539,3.46667361e-09,3.46667361e-09
1944,42,3252984,0,5769,0,-22,3.46667361e-09,3.46667361e-09
1945,41,3252984,0,5769,0,21,3.46667361e-09,3.46667361e-09
1946,40,3252984,0,5769,0,-1,3.46667361e-09,3.46667361e-09
1947,43,3258753,0,5769,0,18.446539,3.46667361e-09,3.46667361e-09
1948,42,3258753,0,5769,0,-22,3.46667361e-09,3.46667361e-09
1949,41,3258753,0,5769,0,21,3.46667361e-09,3.46667361e-09
1950,40,3258753,0,5769,0,-1,3.46667361e-09,3.46667361e-09
1951,43,3264522,0,5769,0,18.446539,3.46667361e-09,3.46667361e-09
1952,42,3264522,0,5769,0,-21,3.46667361e-09,3.46667361e-09
1953,41,3264522,0,5769,0,21,3.46667361e-09,3.46667361e-09
1954,40,3264522,0,5769,0,-1,3.46667361e-09,3.46667361e-09
1955,43,3270291,0,5769,0,18.446539,3.46667361e-09,3.46667361e-09
1956,42,3270291,0,5769,0,-22,3.46667361e-09,3.46667361e-09
1957,41,3270291,0,5769,0,21,3.46667361e-09,3.46667361e-09
1958,40,3270291,0,5769,0,-1,3.46667361e-09,3.46667361e-09
1959,43,3276060,0,5769,0,18.446539,3.46667361e-09,3.46667361e-09
1960,42,3276060,0,5769,0,-22,3.46667361e-09,3.46667361e-09
1961,41,3276060,0,5769,0,21,3.46667361e-09,3.46667361e-09
1962,40,3276060,0,5769,0,-1,3.46667361e-09,3.46667361e-09
1963,43,3281829,0,5769,0,18.446539,3.46667361e-09,3.46667361e-09
1964,42,3281829,0,5769,0,-21,3.46667361e-09,3.46667361e-09
1965,41,3281829,0,5769,0,21,3.46667361e-09,3.46667361e-09
1966,40,3281829,0,5769,0,-1,3.46667361e-09,3.46667361e-09
1967,43,3287598,0,5769,0,18.446539,3.46667361e-09,3.46667361e-09
1968,42,3287598,0,5769,0,-22,3.46667361e-09,3.46667361e-09
1969,41,3287598,0,5769,0,22,3.46667361e-09,3.46667361e-09
1970,40,3287598,0,5769,0,-1,3.46667361e-09,3.46667361e-09
1971,43,3293367,0,5769,0,18.446539,3.46667361e-09,3.46667361e-09
1972,42,3293367,0,5769,0,-22,3.46667361e-09,3.46667361e-09
1973,41,3293367,0,5769,0,21,3.46667361e-09,3.46667361e-09
1974,40,3293367,0,5769,0,-1,3.46667361e-09,3.46667361e-09
1975,43,3299136,0,5769,0,18.446539,3.46667361e-09,3.46667361e-09
1976,42,3299136,0,5769,0,-21,3.46667361e-09,3.46667361e-09
1977,41,3299136,0,5769,0,21,3.46667361e-09,3.46667361e-09
1978,43,3304905,0,5769,0,18.446539,3.46667361e-09,3.46667361e-09
1979,42,3304905,0,5769,0,-22,3.46667361e-09,3.46667361e-09
1980,41,3304905,0,5769,0,21,3.46667361e-09,3.46667361e-09
1981,40,3304905,0,5769,0,-1,3.46667361e-09,3.46667361e-09
1982,43,3310674,0,5769,0,18.446539,3.46667361e-09,3.46667361e-09
1983,42,3310674,0,5769,0,-21,3.46667361e-09,3.46667361e-09
1984,41,3310674,0,5769,0,21,3.46667361e-09,3.46667361e-09
1985,40,3310674,0,5769,0,-1,3.46667361e-09,3.46667361e-09
1986,43,3316443,0,5769,0,18.446539,3.46667361e-09,3.46667361e-09
1987,42,3316443,0,5769,0,-22,3.46667361e-09,3.46667361e-09
1988,41,3316443,0,5769,0,22,3.46667361e-09,3.46667361e-09
1989,40,3316443,0,5769,0,-1,3.46667361e-09,3.46667361e-09
1990,43,3322212,0,5769,0,18.446539,3.46667361e-09,3.46667361e-09
1991,42,3322212,0,5769,0,-22,3.46667361e-09,3.46667361e-09
1992,41,3322212,0,5769,0,21,3.46667361e-09,3.46667361e-09
1993,43,3327981,0,5769,0,18.446539,3.46667361e-09,3.46667361e-09
1994,42,3327981,0,5769,0,-21,3.46667361e-09,3.46667361e-09
1995,41,3327981,0,5769,0,21,3.46667361e-09,3.46667361e-09
1996,40,3327981,0,5769,0,-1,3.46667361e-09,3.46667361e-09
1997,43,3333750,0,5769,0,18.446539,3.46667361e-09,3.46667361e-09
1998,42,3333750,0,5769,0,-22,3.46667361e-09,3.46667361e-09
1999,41,3333750,0,5769,0,21,3.46667361e-09,3.46667361e-09
2000,40,3333750,0,5769,0,-1,3.46667361e-09,3.46667361e-09
2001,43,3339519,0,5769,0,18.446539,3.46667361e-09,3.46667361e-09
2002,42,3339519,0,5769,0,-21,3.46667361e-09,3.46667361e-09
2003,41,3339519,0,5769,0,21,3.46667361e-09,3.46667361e-09
2004,43,3345288,0,5769,0,18.446539,3.46667361e-09,3.46667361e-09
2005,42,3345288,0,5769,0,-22,3.46667361e-09,3.46667361e-09
2006,41,3345288,0,5769,0,22,3.46667361e-09,3.46667361e-09
2007,40,3345288,0,5769,0,-1,3.46667361e-09,3.46667361e-09
2008,43,3351057,0,5769,0,18.446539,3.46667361e-09,3.46667361e-09
2009,42,3351057,0,5769,0,-22,3.46667361e-09,3.46667361e-09
2010,41,3351057,0,5769,0,21,3.46667361e-09,3.46667361e-09
2011,40,3351057,0,5769,0,-1,3.46667361e-09,3.46667361e-09
2012,43,3356826,0,5769,0,18.446539,3.46667361e-09,3.46667361e-09
2013,42,3356826,0,5769,0,-21,3.46667361e-09,3.46667361e-09
2014,41,3356826,0,5769,0,21,3.46667361e-09,3.46667361e-09
2015,43,3362595,0,5769,0,18.446539,3.46667361e-09,3.46667361e-09
2016,42,3362595,0,5769,0,-22,3.46667361e-09,3.46667361e-09
2017,41,3362595,0,5769,0,21,3.46667361e-09,3.46667361e-09
2018,40,3362595,0,5769,0,-1,3.46667361e-09,3.46667361e-09
2019,43,3368364,0,5769,0,18.446539,3.46667361e-09,3.46667361e-09
2020,42,3368364,0,5769,0,-21,3.46667361e-09,3.46667361e-09
2021,41,3368364,0,5769,0,22,3.46667361e-09,3.46667361e-09
2022,43,3374133,0,5769,0,18.446539,3.46667361e-09,3.46667361e-09
2023,42,3374133,0,5769,0,-22,3.46667361e-09,3.46667361e-09
2024,41,3374133,0,5769,0,21,3.46667361e-09,3.46667361e-09
2025,40,3374133,0,5769,0,-1,3.46667361e-09,3.46667361e-09
2026,43,3379902,0,5769,0,18.446539,3.46667361e-09,3.46667361e-09
2027,42,3379902,0,5769,0,-21,3.46667361e-09,3.46667361e-09
2028,41,3379902,0,5769,0,21,3.46667361e-09,3.46667361e-09
2029,43,3385671,0,5769,0,18.446539,3.46667361e-09,3.46667361e-09
2030,42,3385671,0,5769,0,-22,3.46667361e-09,3.46667361e-09
2031,41,3385671,0,5769,0,22,3.46667361e-09,3.46667361e-09
2032,40,3385671,0,5769,0,-1,3.46667361e-09,3.46667361e-09
2033,43,3391440,0,5769,0,18.446539,3.46667361e-09,3.46667361e-09
2034,42,3391440,0,5769,0,-21,3.46667361e-09,3.46667361e-09
2035,41,3391440,0,5769,0,21,3.46667361e-09,3.46667361e-09
2036,43,3397209,0,5769,0,18.446539,3.46667361e-09,3.46667361e-09
2037,42,3397209,0,5769,0,-22,3.46667361e-09,3.46667361e-09
2038,41,3397209,0,5769,0,21,3.46667361e-09,3.46667361e-09
2039,43,3402978,0,5769,0,18.446539,3.46667361e-09,3.46667361e-09
2040,42,3402978,0,5769,0,-21,3.46667361e-09,3.46667361e-09
2041,41,3402978,0,5769,0,21,3.46667361e-09,3.46667361e-09
2042,40,3402978,0,5769,0,-1,3.46667361e-09,3.46667361e-09
2043,43,3408747,0,5769,0,18.446539,3.46667361e-09,3.46667361e-09
2044,42,3408747,0,5769,0,-22,3.46667361e-09,3.46667361e-09
2045,41,3408747,0,5769,0,22,3.46667361e-09,3.46667361e-09
2046,43,3414516,0,5769,0,18.446539,3.46667361e-09,3.46667361e-09
2047,42,3414516,0,5769,0,-21,3.46667361e-09,3.46667361e-09
2048,41,3414516,0,5769,0,21,3.46667361e-09,3.46667361e-09
2049,40,3414516,0,5769,0,-1,3.46667361e-09,3.46667361e-09
2050,43,3420285,0,5769,0,18.446539,3.46667206e-09,3.46667206e-09
2051,42,3420285,0,5769,0,-22,3.46667206e-09,3.46667206e-09
2052,41,3420285,0,5769,0,21,3.46667206e-09,3.46667206e-09
2053,43,3426054,0,5769,0,18.446539,3.46667028e-09,3.46667028e-09
2054,42,3426054,0,5769,0,-21,3.46667028e-09,3.46667028e-09
2055,41,3426054,0,5769,0,22,3.46667028e-09,3.46667028e-09
2056,43,3431823,0,5769,0,18.446539,3.46667206e-09,3.46667206e-09
2057,42,3431823,0,5769,0,-22,3.46667206e-09,3.46667206e-09
2058,41,3431823,0,5769,0,21,3.46667206e-09,3.46667206e-09
2059,43,3437592,0,5769,0,18.446537,3.46666762e-09,3.46666762e-09
2060,42,3437592,0,5769,0,-21,3.46666762e-09,3.46666762e-09
2061,41,3437592,0,5769,0,21,3.46666762e-09,3.46666762e-09
2062,40,3437592,0,5769,0,-1,3.46666762e-09,3.46666762e-09
2063,43,3443361,0,5769,0,18.446537,3.46666762e-09,3.46666762e-09
2064,42,3443361,0,5769,0,-22,3.46666762e-09,3.46666762e-09
2065,41,3443361,0,5769,0,22,3.46666762e-09,3.46666762e-09
2066,43,3449130,0,5769,0,18.446537,3.46666762e-09,3.46666762e-09
2067,42,3449130,0,5769,0,-21,3.46666762e-09,3.46666762e-09
2068,41,3449130,0,5769,0,21,3.46666762e-09,3.46666762e-09
2069,43,3454899,0,5769,0,18.446537,3.46666762e-09,3.46666762e-09
2070,42,3454899,0,5769,0,-22,3.46666762e-09,3.46666762e-09
2071,41,3454899,0,5769,0,22,3.46666762e-09,3.46666762e-09
2072,43,3460668,0,5769,0,18.446537,3.46666762e-09,3.46666762e-09
2073,42,3460668,0,5769,0,-21,3.46666762e-09,3.46666762e-09
2074,41,3460668,0,5769,0,21,3.46666762e-09,3.46666762e-09
2075,43,3466437,0,5769,0,18.446537,3.46666762e-09,3.46666762e-09
2076,42,3466437,0,5769,0,-22,3.46666762e-09,3.46666762e-09
2077,41,3466437,0,5769,0,21,3.46666762e-09,3.46666762e-09
2078,40,3466437,0,5769,0,-1,3.46666762e-09,3.46666762e-09
2079,43,3472206,0,5769,0,18.446537,3.46666895e-09,3.46666895e-09
2080,42,3472206,0,5769,0,-21,3.46666895e-09,3.46666895e-09
2081,41,3472206,0,5769,0,22,3.46666895e-09,3.46666895e-09
2082,43,3477975,0,5769,0,18.446537,3.46666762e-09,3.46666762e-09
2083,42,3477975,0,5769,0,-21,3.46666762e-09,3.46666762e-09
2084,41,3477975,0,5769,0,21,3.46666762e-09,3.46666762e-09
2085,43,3483744,0,5769,0,18.446539,3.46666873e-09,3.46666873e-09
2086,42,3483744,0,5769,0,-22,3.46666873e-09,3.46666873e-09
2087,41,3483744,0,5769,0,21,3.46666873e-09,3.46666873e-09
2088,43,3489513,0,5769,0,18.446539,3.46666873e-09,3.46666873e-09
2089,42,3489513,0,5769,0,-21,3.46666873e-09,3.46666873e-09
2090,41,3489513,0,5769,0,22,3.46666873e-09,3.46666873e-09
2091,43,3495282,0,5769,0,18.446539,3.46666873e-09,3.46666873e-09
2092,42,3495282,0,5769,0,-22,3.46666873e-09,3.46666873e-09
2093,41,3495282,0,5769,0,21,3.46666873e-09,3.46666873e-09
2094,43,3501051,0,5769,0,18.446539,3.46666740e-09,3.46666740e-09
2095,42,3501051,0,5769,0,-21,3.46666740e-09,3.46666740e-09
2096,41,3501051,0,5769,0,22,3.46666740e-09,3.46666740e-09
2097,43,3506820,0,5769,0,18.446539,3.46666873e-09,3.46666873e-09
2098,42,3506820,0,5769,0,-22,3.46666873e-09,3.46666873e-09
2099,41,3506820,0,5769,0,21,3.46666873e-09,3.46666873e-09
2100,43,3512589,0,5769,0,18.446539,3.46666873e-09,3.46666873e-09
2101,42,3512589,0,5769,0,-21,3.46666873e-09,3.46666873e-09
2102,41,3512589,0,5769,0,22,3.46666873e-09,3.46666873e-09
2103,43,3518358,0,5769,0,18.446537,3.46666762e-09,3.46666762e-09
2104,42,3518358,0,5769,0,-21,3.46666762e-09,3.46666762e-09
2105,41,3518358,0,5769,0,21,3.46666762e-09,3.46666762e-09
2106,43,3524127,0,5769,0,18.446539,3.46666984e-09,3.46666984e-09
2107,42,3524127,0,5769,0,-22,3.46666984e-09,3.46666984e-09
2108,41,3524127,0,5769,0,21,3.46666984e-09,3.46666984e-09
2109,43,3529896,0,5769,0,18.446537,3.46666762e-09,3.46666762e-09
2110,42,3529896,0,5769,0,-21,3.46666762e-09,3.46666762e-09
2111,41,3529896,0,5769,0,22,3.46666762e-09,3.46666762e-09
2112,40,3529896,0,5769,0,1,3.46666762e-09,3.46666762e-09
2113,43,3535665,0,5769,0,18.446537,3.46666762e-09,3.46666762e-09
2114,42,3535665,0,5769,0,-21,3.46666762e-09,3.46666762e-09
2115,41,3535665,0,5769,0,21,3.46666762e-09,3.46666762e-09
2116,43,3541434,0,5769,0,18.446537,3.46666762e-09,3.46666762e-09
2117,42,3541434,0,5769,0,-22,3.46666762e-09,3.46666762e-09
2118,41,3541434,0,5769,0,22,3.46666762e-09,3.46666762e-09
2119,43,3547203,0,5769,0,18.446537,3.46666895e-09,3.46666895e-09
2120,42,3547203,0,5769,0,-21,3.46666895e-09,3.46666895e-09
2121,41,3547203,0,5769,0,21,3.46666895e-09,3.46666895e-09
2122,43,3552972,0,5769,0,18.446537,3.46666762e-09,3.46666762e-09
2123,42,3552972,0,5769,0,-22,3.46666762e-09,3.46666762e-09
2124,41,3552972,0,5769,0,22,3.46666762e-09,3.46666762e-09
2125,43,3558741,0,5769,0,18.446537,3.46666895e-09,3.46666895e-09
2126,42,3558741,0,5769,0,-21,3.46666895e-09,3.46666895e-09
2127,41,3558741,0,5769,0,21,3.46666895e-09,3.46666895e-09
2128,40,3558741,0,5769,0,1,3.46666895e-09,3.46666895e-09
2129,43,3564510,0,5769,0,18.446539,3.46667361e-09,3.46667361e-09
2130,42,3564510,0,5769,0,-21,3.46667361e-09,3.46667361e-09
2131,41,3564510,0,5769,0,22,3.46667361e-09,3.46667361e-09
2132,43,3570279,0,5769,0,18.446539,3.46667361e-09,3.46667361e-09
2133,42,3570279,0,5769,0,-22,3.46667361e-09,3.46667361e-09
2134,41,3570279,0,5769,0,21,3.46667361e-09,3.46667361e-09
2135,43,3576048,0,5769,0,18.446539,3.46667361e-09,3.46667361e-09
2136,42,3576048,0,5769,0,-21,3.46667361e-09,3.46667361e-09
2137,41,3576048,0,5769,0,22,3.46667361e-09,3.46667361e-09
2138,43,3581817,0,5769,0,18.446539,3.46667361e-09,3.46667361e-09
2139,42,3581817,0,5769,0,-21,3.46667361e-09,3.46667361e-09
2140,41,3581817,0,5769,0,21,3.46667361e-09,3.46667361e-09
2141,40,3581817,0,5769,0,1,3.46667361e-09,3.46667361e-09
2142,43,3587586,0,5769,0,18.446539,3.46667361e-09,3.46667361e-09
2143,42,3587586,0,5769,0,-22,3.46667361e-09,3.46667361e-09
2144,41,3587586,0,5769,0,22,3.46667361e-09,3.46667361e-09
2145,43,3593355,0,5769,0,18.446539,3.46667361e-09,3.46667361e-09
2146,42,3593355,0,5769,0,-21,3.46667361e-09,3.46667361e-09
2147,41,3593355,0,5769,0,21,3.46667361e-09,3.46667361e-09
2148,40,3593355,0,5769,0,1,3.46667361e-09,3.46667361e-09
2149,43,3599124,0,5769,0,18.446539,3.46667361e-09,3.46667361e-09
2150,42,3599124,0,5769,0,-21,3.46667361e-09,3.46667361e-09
2151,41,3599124,0,5769,0,22,3.46667361e-09,3.46667361e-09
2152,43,3604893,0,5769,0,18.446539,3.46667361e-09,3.46667361e-09
2153,42,3604893,0,5769,0,-21,3.46667361e-09,3.46667361e-09
2154,41,3604893,0,5769,0,21,3.46667361e-09,3.46667361e-09
2155,43,3610662,0,5769,0,18.446539,3.46667361e-09,3.46667361e-09
2156,42,3610662,0,5769,0,-22,3.46667361e-09,3.46667361e-09
2157,41,3610662,0,5769,0,22,3.46667361e-09,3.46667361e-09
2158,40,3610662,0,5769,0,1,3.46667361e-09,3.46667361e-09
2159,43,3616431,0,5769,0,18.446539,3.46667361e-09,3.46667361e-09
2160,42,3616431,0,5769,0,-21,3.46667361e-09,3.46667361e-09
2161,41,3616431,0,5769,0,21,3.46667361e-09,3.46667361e-09
2162,43,3622200,0,5769,0,18.446539,3.46667361e-09,3.46667361e-09
2163,42,3622200,0,5769,0,-21,3.46667361e-09,3.46667361e-09
2164,41,3622200,0,5769,0,22,3.46667361e-09,3.46667361e-09
2165,40,3622200,0,5769,0,1,3.46667361e-09,3.46667361e-09
2166,43,3627969,0,5769,0,18.446539,3.46667361e-09,3.46667361e-09
2167,42,3627969,0,5769,0,-22,3.46667361e-09,3.46667361e-09
2168,41,3627969,0,5769,0,21,3.46667361e-09,3.46667361e-09
2169,43,3633738,0,5769,0,18.446539,3.46667361e-09,3.46667361e-09
2170,42,3633738,0,5769,0,-21,3.46667361e-09,3.46667361e-09
2171,41,3633738,0,5769,0,22,3.46667361e-09,3.46667361e-09
2172,40,3633738,0,5769,0,1,3.46667361e-09,3.46667361e-09
2173,43,3639507,0,5769,0,18.446539,3.46667361e-09,3.46667361e-09
2174,42,3639507,0,5769,0,-21,3.46667361e-09,3.46667361e-09
2175,41,3639507,0,5769,0,21,3.46667361e-09,3.46667361e-09
2176,43,3645276,0,5769,0,18.446539,3.46667361e-09,3.46667361e-09
2177,42,3645276,0,5769,0,-21,3.46667361e-09,3.46667361e-09
2178,41,3645276,0,5769,0,22,3.46667361e-09,3.46667361e-09
2179,40,3645276,0,5769,0,1,3.46667361e-09,3.46667361e-09
2180,43,3651045,0,5769,0,18.446539,3.46667361e-09,3.46667361e-09
2181,42,3651045,0,5769,0,-22,3.46667361e-09,3.46667361e-09
2182,41,3651045,0,5769,0,22,3.46667361e-09,3.46667361e-09
2183,40,3651045,0,5769,0,1,3.46667361e-09,3.46667361e-09
2184,43,3656814,0,5769,0,18.446539,3.46667361e-09,3.46667361e-09
2185,42,3656814,0,5769,0,-21,3.46667361e-09,3.46667361e-09
2186,41,3656814,0,5769,0,21,3.46667361e-09,3.46667361e-09
2187,43,3662583,0,5769,0,18.446539,3.46667361e-09,3.46667361e-09
2188,42,3662583,0,5769,0,-21,3.46667361e-09,3.46667361e-09
2189,41,3662583,0,5769,0,22,3.46667361e-09,3.46667361e-09
2190,40,3662583,0,5769,0,1,3.46667361e-09,3.46667361e-09
2191,43,3668352,0,5769,0,18.446539,3.46667361e-09,3.46667361e-09
2192,42,3668352,0,5769,0,-21,3.46667361e-09,3.46667361e-09
2193,41,3668352,0,5769,0,21,3.46667361e-09,3.46667361e-09
2194,40,3668352,0,5769,0,1,3.46667361e-09,3.46667361e-09
2195,43,3674121,0,5769,0,18.446539,3.46667361e-09,3.46667361e-09
2196,42,3674121,0,5769,0,-21,3.46667361e-09,3.46667361e-09
2197,41,3674121,0,5769,0,22,3.46667361e-09,3.46667361e-09
2198,43,3679890,0,5769,0,18.446539,3.46667361e-09,3.46667361e-09
2199,42,3679890,0,5769,0,-22,3.46667361e-09,3.46667361e-09
2200,41,3679890,0,5769,0,22,3.46667361e-09,3.46667361e-09
2201,40,3679890,0,5769,0,1,3.46667361e-09,3.46667361e-09
2202,43,3685659,0,5769,0,18.446539,3.46667361e-09,3.46667361e-09
2203,42,3685659,0,5769,0,-21,3.46667361e-09,3.46667361e-09
2204,41,3685659,0,5769,0,21,3.46667361e-09,3.46667361e-09
2205,40,3685659,0,5769,0,1,3.46667361e-09,3.46667361e-09
2206,43,3691428,0,5769,0,18.446539,3.46667361e-09,3.46667361e-09
2207,42,3691428,0,5769,0,-21,3.46667361e-09,3.46667361e-09
2208,41,3691428,0,5769,0,22,3.46667361e-09,3.46667361e-09
2209,40,3691428,0,5769,0,1,3.46667361e-09,3.46667361e-09
2210,43,3697197,0,5769,0,18.446539,3.46667361e-09,3.46667361e-09
2211,42,3697197,0,5769,0,-21,3.46667361e-09,3.46667361e-09
2212,41,3697197,0,5769,0,21,3.46667361e-09,3.46667361e-09
2213,43,3702966,0,5769,0,18.446539,3.46667361e-09,3.46667361e-09
2214,42,3702966,0,5769,0,-21,3.46667361e-09,3.46667361e-09
2215,41,3702966,0,5769,0,22,3.46667361e-09,3.46667361e-09
2216,40,3702966,0,5769,0,1,3.46667361e-09,3.46667361e-09
2217,43,3708735,0,5769,0,18.446539,3.46667361e-09,3.46667361e-09
2218,42,3708735,0,5769,0,-22,3.46667361e-09,3.46667361e-09
2219,41,3708735,0,5769,0,22,3.46667361e-09,3.46667361e-09
2220,40,3708735,0,5769,0,1,3.46667361e-09,3.46667361e-09
2221,43,3714504,0,5769,0,18.446539,3.46667361e-09,3.46667361e-09
2222,42,3714504,0,5769,0,-21,3.46667361e-09,3.46667361e-09
2223,41,3714504,0,5769,0,21,3.46667361e-09,3.46667361e-09
2224,40,3714504,0,5769,0,1,3.46667361e-09,3.46667361e-09
2225,43,3720273,0,5769,0,18.446539,3.46667273e-09,3.46667273e-09
2226,42,3720273,0,5769,0,-21,3.46667273e-09,3.46667273e-09
2227,41,3720273,0,5769,0,22,3.46667273e-09,3.46667273e-09
2228,40,3720273,0,5769,0,1,3.46667273e-09,3.46667273e-09
2229,43,3726042,0,5769,0,18.446539,3.46666984e-09,3.46666984e-09
2230,42,3726042,0,5769,0,-21,3.46666984e-09,3.46666984e-09
2231,41,3726042,0,5769,0,22,3.46666984e-09,3.46666984e-09
2232,40,3726042,0,5769,0,1,3.46666984e-09,3.46666984e-09
2233,43,3731811,0,5769,0,18.446539,3.46666984e-09,3.46666984e-09
2234,42,3731811,0,5769,0,-21,3.46666984e-09,3.46666984e-09
2235,41,3731811,0,5769,0,21,3.46666984e-09,3.46666984e-09
2236,40,3731811,0,5769,0,1,3.46666984e-09,3.46666984e-09
2237,43,3737580,0,5769,0,18.446539,3.46665918e-09,3.46665918e-09
2238,42,3737580,0,5769,0,-21,3.46665918e-09,3.46665918e-09
2239,41,3737580,0,5769,0,22,3.46665918e-09,3.46665918e-09
2240,40,3737580,0,5769,0,1,3.46665918e-09,3.46665918e-09
2241,43,3743349,0,5769,0,18.446539,3.46667361e-09,3.46667361e-09
2242,42,3743349,0,5769,0,-21,3.46667361e-09,3.46667361e-09
2243,41,3743349,0,5769,0,22,3.46667361e-09,3.46667361e-09
2244,40,3743349,0,5769,0,1,3.46667361e-09,3.46667361e-09
2245,43,3749118,0,5769,0,18.446539,3.46667361e-09,3.46667361e-09
2246,42,3749118,0,5769,0,-22,3.46667361e-09,3.46667361e-09
2247,41,3749118,0,5769,0,21,3.46667361e-09,3.46667361e-09
2248,40,3749118,0,5769,0,1,3.46667361e-09,3.46667361e-09
2249,43,3754887,0,5769,0,18.446539,3.46667361e-09,3.46667361e-09
2250,42,3754887,0,5769,0,-21,3.46667361e-09,3.46667361e-09
2251,41,3754887,0,5769,0,22,3.46667361e-09,3.46667361e-09
2252,40,3754887,0,5769,0,1,3.46667361e-09,3.46667361e-09
2253,43,3760656,0,5769,0,18.446539,3.46667361e-09,3.46667361e-09
2254,42,3760656,0,5769,0,-21,3.46667361e-09,3.46667361e-09
2255,41,3760656,0,5769,0,22,3.46667361e-09,3.46667361e-09
2256,40,3760656,0,5769,0,1,3.46667361e-09,3.46667361e-09
2257,43,3766425,0,5769,0,18.446539,3.46667361e-09,3.46667361e-09
2258,42,3766425,0,5769,0,-21,3.46667361e-09,3.46667361e-09
2259,41,3766425,0,5769,0,21,3.46667361e-09,3.46667361e-09
2260,40,3766425,0,5769,0,1,3.46667361e-09,3.46667361e-09
2261,43,3772194,0,5769,0,18.446539,3.46667361e-09,3.46667361e-09
2262,42,3772194,0,5769,0,-21,3.46667361e-09,3.46667361e-09
2263,41,3772194,0,5769,0,22,3.46667361e-09,3.46667361e-09
2264,40,3772194,0,5769,0,1,3.46667361e-09,3.46667361e-09
2265,43,3777963,0,5769,0,18.446539,3.46667361e-09,3.46667361e-09
2266,42,3777963,0,5769,0,-21,3.46667361e-09,3.46667361e-09
2267,41,3777963,0,5769,0,22,3.46667361e-09,3.46667361e-09
2268,40,3777963,0,5769,0,1,3.46667361e-09,3.46667361e-09
2269,43,3783732,0,5769,0,18.446539,3.46667361e-09,3.46667361e-09
2270,42,3783732,0,5769,0,-21,3.46667361e-09,3.46667361e-09
2271,41,3783732,0,5769,0,21,3.46667361e-09,3.46667361e-09
2272,40,3783732,0,5769,0,1,3.46667361e-09,3.46667361e-09
2273,43,3789501,0,5769,0,18.446539,3.46667361e-09,3.46667361e-09
2274,42,3789501,0,5769,0,-21,3.46667361e-09,3.46667361e-09
2275,41,3789501,0,5769,0,22,3.46667361e-09,3.46667361e-09
2276,40,3789501,0,5769,0,2,3.46667361e-09,3.46667361e-09
2277,43,3795270,0,5769,0,18.446539,3.46667361e-09,3.46667361e-09
2278,42,3795270,0,5769,0,-21,3.46667361e-09,3.46667361e-09
2279,41,3795270,0,5769,0,22,3.46667361e-09,3.46667361e-09
2280,40,3795270,0,5769,0,1,3.46667361e-09,3.46667361e-09
2281,43,3801039,0,5769,0,18.446539,3.46667361e-09,3.46667361e-09
2282,42,3801039,0,5769,0,-21,3.46667361e-09,3.46667361e-09
2283,41,3801039,0,5769,0,22,3.46667361e-09,3.46667361e-09
2284,40,3801039,0,5769,0,1,3.46667361e-09,3.46667361e-09
2285,43,3806808,0,5769,0,18.446539,3.46667361e-09,3.46667361e-09
2286,42,3806808,0,5769,0,-21,3.46667361e-09,3.46667361e-09
2287,41,3806808,0,5769,0,21,3.46667361e-09,3.46667361e-09
2288,40,3806808,0,5769,0,1,3.46667361e-09,3.46667361e-09
2289,43,3812577,0,5769,0,18.446539,3.46667361e-09,3.46667361e-09
2290,42,3812577,0,5769,0,-21,3.46667361e-09,3.46667361e-09
2291,41,3812577,0,5769,0,22,3.46667361e-09,3.46667361e-09
2292,40,3812577,0,5769,0,2,3.46667361e-09,3.46667361e-09
2293,43,3818346,0,5769,0,18.446539,3.46667361e-09,3.46667361e-09
2294,42,3818346,0,5769,0,-21,3.46667361e-09,3.46667361e-09
2295,41,3818346,0,5769,0,22,3.46667361e-09,3.46667361e-09
2296,40,3818346,0,5769,0,1,3.46667361e-09,3.46667361e-09
2297,43,3824115,0,5769,0,18.446539,3.46667361e-09,3.46667361e-09
2298,42,3824115,0,5769,0,-21,3.46667361e-09,3.46667361e-09
2299,41,3824115,0,5769,0,22,3.46667361e-09,3.46667361e-09
2300,40,3824115,0,5769,0,1,3.46667361e-09,3.46667361e-09
2301,43,3829884,0,5769,0,18.446539,3.46667361e-09,3.46667361e-09
2302,42,3829884,0,5769,0,-21,3.46667361e-09,3.46667361e-09
2303,41,3829884,0,5769,0,21,3.46667361e-09,3.46667361e-09
2304,40,3829884,0,5769,0,2,3.46667361e-09,3.46667361e-09
2305,43,3835653,0,5769,0,18.446539,3.46667361e-09,3.46667361e-09
2306,42,3835653,0,5769,0,-21,3.46667361e-09,3.46667361e-09
2307,41,3835653,0,5769,0,22,3.46667361e-09,3.46667361e-09
2308,40,3835653,0,5769,0,1,3.46667361e-09,3.46667361e-09
2309,43,3841422,0,5769,0,18.446539,3.46667361e-09,3.46667361e-09
2310,42,3841422,0,5769,0,-21,3.46667361e-09,3.46667361e-09
2311,41,3841422,0,5769,0,22,3.46667361e-09,3.46667361e-09
2312,40,3841422,0,5769,0,1,3.46667361e-09,3.46667361e-09
2313,43,3847191,0,5769,0,18.446539,3.46667361e-09,3.46667361e-09
2314,42,3847191,0,5769,0,-21,3.46667361e-09,3.46667361e-09
2315,41,3847191,0,5769,0,22,3.46667361e-09,3.46667361e-09
2316,40,3847191,0,5769,0,2,3.46667361e-09,3.46667361e-09
2317,43,3852960,0,5769,0,18.446539,3.46667361e-09,3.46667361e-09
2318,42,3852960,0,5769,0,-21,3.46667361e-09,3.46667361e-09
2319,41,3852960,0,5769,0,21,3.46667361e-09,3.46667361e-09
2320,40,3852960,0,5769,0,1,3.46667361e-09,3.46667361e-09
2321,43,3858729,0,5769,0,18.446539,3.46667361e-09,3.46667361e-09
2322,42,3858729,0,5769,0,-21,3.46667361e-09,3.46667361e-09
2323,41,3858729,0,5769,0,22,3.46667361e-09,3.46667361e-09
2324,40,3858729,0,5769,0,2,3.46667361e-09,3.46667361e-09
2325,43,3864498,0,5769,0,18.446539,3.46667361e-09,3.46667361e-09
2326,42,3864498,0,5769,0,-21,3.46667361e-09,3.46667361e-09
2327,41,3864498,0,5769,0,22,3.46667361e-09,3.46667361e-09
2328,40,3864498,0,5769,0,1,3.46667361e-09,3.46667361e-09
2329,43,3870267,0,5769,0,18.446539,3.46667361e-09,3.46667361e-09
2330,42,3870267,0,5769,0,-21,3.46667361e-09,3.46667361e-09
2331,41,3870267,0,5769,0,22,3.46667361e-09,3.46667361e-09
2332,40,3870267,0,5769,0,2,3.46667361e-09,3.46667361e-09
2333,43,3876036,0,5769,0,18.446539,3.46667361e-09,3.46667361e-09
2334,42,3876036,0,5769,0,-21,3.46667361e-09,3.46667361e-09
2335,41,3876036,0,5769,0,22,3.46667361e-09,3.46667361e-09
2336,40,3876036,0,5769,0,1,3.46667361e-09,3.46667361e-09
2337,43,3881805,0,5769,0,18.446539,3.46667361e-09,3.46667361e-09
2338,42,3881805,0,5769,0,-21,3.46667361e-09,3.46667361e-09
2339,41,3881805,0,5769,0,22,3.46667361e-09,3.46667361e-09
2340,40,3881805,0,5769,0,2,3.46667361e-09,3.46667361e-09
2341,43,3887574,0,5769,0,18.446539,3.46667361e-09,3.46667361e-09
2342,42,3887574,0,5769,0,-21,3.46667361e-09,3.46667361e-09
2343,41,3887574,0,5769,0,21,3.46667361e-09,3.46667361e-09
2344,40,3887574,0,5769,0,1,3.46667361e-09,3.46667361e-09
2345,43,3893343,0,5769,0,18.446539,3.46667361e-09,3.46667361e-09
2346,42,3893343,0,5769,0,-21,3.46667361e-09,3.46667361e-09
2347,41,3893343,0,5769,0,22,3.46667361e-09,3.46667361e-09
2348,40,3893343,0,5769,0,2,3.46667361e-09,3.46667361e-09
2349,43,3899112,0,5769,0,18.446539,3.46667361e-09,3.46667361e-09
2350,42,3899112,0,5769,0,-21,3.46667361e-09,3.46667361e-09
2351,41,3899112,0,5769,0,22,3.46667361e-09,3.46667361e-09
2352,40,3899112,0,5769,0,2,3.46667361e-09,3.46667361e-09
2353,43,3904881,0,5769,0,18.446539,3.46667361e-09,3.46667361e-09
2354,42,3904881,0,5769,0,-21,3.46667361e-09,3.46667361e-09
2355,41,3904881,0,5769,0,22,3.46667361e-09,3.46667361e-09
2356,40,3904881,0,5769,0,1,3.46667361e-09,3.46667361e-09
2357,43,3910650,0,5769,0,18.446539,3.46667361e-09,3.46667361e-09
2358,42,3910650,0,5769,0,-21,3.46667361e-09,3.46667361e-09
2359,41,3910650,0,5769,0,22,3.46667361e-09,3.46667361e-09
2360,40,3910650,0,5769,0,2,3.46667361e-09,3.46667361e-09
2361,43,3916419,0,5769,0,18.446539,3.46667361e-09,3.46667361e-09
2362,42,3916419,0,5769,0,-21,3.46667361e-09,3.46667361e-09
2363,41,3916419,0,5769,0,22,3.46667361e-09,3.46667361e-09
2364,40,3916419,0,5769,0,2,3.46667361e-09,3.46667361e-09
2365,43,3922188,0,5769,0,18.446539,3.46667361e-09,3.46667361e-09
2366,42,3922188,0,5769,0,-21,3.46667361e-09,3.46667361e-09
2367,41,3922188,0,5769,0,21,3.46667361e-09,3.46667361e-09
2368,40,3922188,0,5769,0,1,3.46667361e-09,3.46667361e-09
2369,43,3927957,0,5769,0,18.446539,3.46667361e-09,3.46667361e-09
2370,42,3927957,0,5769,0,-21,3.46667361e-09,3.46667361e-09
2371,41,3927957,0,5769,0,22,3.46667361e-09,3.46667361e-09
2372,40,3927957,0,5769,0,2,3.46667361e-09,3.46667361e-09
2373,43,3933726,0,5769,0,18.446539,3.46667361e-09,3.46667361e-09
2374,42,3933726,0,5769,0,-20,3.46667361e-09,3.46667361e-09
2375,41,3933726,0,5769,0,22,3.46667361e-09,3.46667361e-09
2376,40,3933726,0,5769,0,2,3.46667361e-09,3.46667361e-09
2377,43,3939495,0,5769,0,18.446539,3.46667361e-09,3.46667361e-09
2378,42,3939495,0,5769,0,-21,3.46667361e-09,3.46667361e-09
2379,41,3939495,0,5769,0,22,3.46667361e-09,3.46667361e-09
2380,40,3939495,0,5769,0,2,3.46667361e-09,3.46667361e-09
2381,43,3945264,0,5769,0,18.446539,3.46667361e-09,3.46667361e-09
2382,42,3945264,0,5769,0,-21,3.46667361e-09,3.46667361e-09
2383,41,3945264,0,5769,0,22,3.46667361e-09,3.46667361e-09
2384,40,3945264,0,5769,0,1,3.46667361e-09,3.46667361e-09
2385,43,3951033,0,5769,0,18.446539,3.46667361e-09,3.46667361e-09
2386,42,3951033,0,5769,0,-21,3.46667361e-09,3.46667361e-09
2387,41,3951033,0,5769,0,22,3.46667361e-09,3.46667361e-09
2388,40,3951033,0,5769,0,2,3.46667361e-09,3.46667361e-09
2389,43,3956802,0,5769,0,18.446539,3.46667361e-09,3.46667361e-09
2390,42,3956802,0,5769,0,-21,3.46667361e-09,3.46667361e-09
2391,41,3956802,0,5769,0,22,3.46667361e-09,3.46667361e-09
2392,40,3956802,0,5769,0,2,3.46667361e-09,3.46667361e-09
2393,43,3962571,0,5769,0,18.446539,3.46667361e-09,3.46667361e-09
2394,42,3962571,0,5769,0,-21,3.46667361e-09,3.46667361e-09
2395,41,3962571,0,5769,0,22,3.46667361e-09,3.46667361e-09
2396,40,3962571,0,5769,0,2,3.46667361e-09,3.46667361e-09
2397,43,3968340,0,5769,0,18.446539,3.46667273e-09,3.46667273e-09
2398,42,3968340,0,5769,0,-21,3.46667273e-09,3.46667273e-09
2399,41,3968340,0,5769,0,21,3.46667273e-09,3.46667273e-09
2400,40,3968340,0,5769,0,2,3.46667273e-09,3.46667273e-09
2401,43,3974109,0,5769,0,18.446539,3.46667206e-09,3.46667206e-09
2402,42,3974109,0,5769,0,-20,3.46667206e-09,3.46667206e-09
2403,41,3974109,0,5769,0,22,3.46667206e-09,3.46667206e-09
2404,40,3974109,0,5769,0,2,3.46667206e-09,3.46667206e-09
2405,43,3979878,0,5769,0,18.446539,3.46665252e-09,3.46665252e-09
2406,42,3979878,0,5769,0,-21,3.46665252e-09,3.46665252e-09
2407,41,3979878,0,5769,0,22,3.46665252e-09,3.46665252e-09
2408,40,3979878,0,5769,0,2,3.46665252e-09,3.46665252e-09
2409,43,3985647,0,5769,0,18.446539,3.46665252e-09,3.46665252e-09
2410,42,3985647,0,5769,0,-21,3.46665252e-09,3.46665252e-09
2411,41,3985647,0,5769,0,22,3.46665252e-09,3.46665252e-09
2412,40,3985647,0,5769,0,2,3.46665252e-09,3.46665252e-09
2413,43,3991416,0,5769,0,18.446539,3.46665252e-09,3.46665252e-09
2414,42,3991416,0,5769,0,-21,3.46665252e-09,3.46665252e-09
2415,41,3991416,0,5769,0,22,3.46665252e-09,3.46665252e-09
2416,40,3991416,0,5769,0,2,3.46665252e-09,3.46665252e-09
2417,43,3997185,0,5769,0,18.446539,3.46665252e-09,3.46665252e-09
2418,42,3997185,0,5769,0,-21,3.46665252e-09,3.46665252e-09
2419,41,3997185,0,5769,0,22,3.46665252e-09,3.46665252e-09
2420,40,3997185,0,5769,0,2,3.46665252e-09,3.46665252e-09
2421,43,4002954,0,5769,0,18.446539,3.46665252e-09,3.46665252e-09
2422,42,4002954,0,5769,0,-20,3.46665252e-09,3.46665252e-09
2423,41,4002954,0,5769,0,22,3.46665252e-09,3.46665252e-09
2424,40,4002954,0,5769,0,2,3.46665252e-09,3.46665252e-09
2425,43,4008723,0,5769,0,18.446539,3.46665252e-09,3.46665252e-09
2426,42,4008723,0,5769,0,-21,3.46665252e-09,3.46665252e-09
2427,41,4008723,0,5769,0,22,3.46665252e-09,3.46665252e-09
2428,40,4008723,0,5769,0,2,3.46665252e-09,3.46665252e-09
2429,43,4014492,0,5769,0,18.446539,3.46665252e-09,3.46665252e-09
2430,42,4014492,0,5769,0,-21,3.46665252e-09,3.46665252e-09
2431,41,4014492,0,5769,0,22,3.46665252e-09,3.46665252e-09
2432,40,4014492,0,5769,0,2,3.46665252e-09,3.46665252e-09
2433,43,4020261,0,5769,0,18.446539,3.46665252e-09,3.46665252e-09
2434,42,4020261,0,5769,0,-21,3.46665252e-09,3.46665252e-09
2435,41,4020261,0,5769,0,22,3.46665252e-09,3.46665252e-09
2436,40,4020261,0,5769,0,2,3.46665252e-09,3.46665252e-09
2437,43,4026030,0,5769,0,18.446539,3.46665541e-09,3.46665541e-09
2438,42,4026030,0,5769,0,-21,3.46665541e-09,3.46665541e-09
2439,41,4026030,0,5769,0,22,3.46665541e-09,3.46665541e-09
2440,40,4026030,0,5769,0,2,3.46665541e-09,3.46665541e-09
2441,43,4031799,0,5769,0,18.446539,3.46665541e-09,3.46665541e-09
2442,42,4031799,0,5769,0,-20,3.46665541e-09,3.46665541e-09
2443,41,4031799,0,5769,0,22,3.46665541e-09,3.46665541e-09
2444,40,4031799,0,5769,0,3,3.46665541e-09,3.46665541e-09
2445,43,4037568,0,5769,0,18.446539,3.46665541e-09,3.46665541e-09
2446,42,4037568,0,5769,0,-21,3.46665541e-09,3.46665541e-09
2447,41,4037568,0,5769,0,22,3.46665541e-09,3.46665541e-09
2448,40,4037568,0,5769,0,2,3.46665541e-09,3.46665541e-09
2449,43,4043337,0,5769,0,18.446537,3.46668982e-09,3.46668982e-09
2450,42,4043337,0,5769,0,-21,3.46668982e-09,3.46668982e-09
2451,41,4043337,0,5769,0,22,3.46668982e-09,3.46668982e-09
2452,40,4043337,0,5769,0,2,3.46668982e-09,3.46668982e-09
2453,43,4049106,0,5769,0,18.446539,3.46665407e-09,3.46665407e-09
2454,42,4049106,0,5769,0,-21,3.46665407e-09,3.46665407e-09
2455,41,4049106,0,5769,0,22,3.46665407e-09,3.46665407e-09
2456,40,4049106,0,5769,0,2,3.46665407e-09,3.46665407e-09
2457,43,4054875,0,5769,0,18.446539,3.46665407e-09,3.46665407e-09
2458,42,4054875,0,5769,0,-20,3.46665407e-09,3.46665407e-09
2459,41,4054875,0,5769,0,22,3.46665407e-09,3.46665407e-09
2460,40,4054875,0,5769,0,2,3.46665407e-09,3.46665407e-09
2461,43,4060644,0,5769,0,18.446537,3.46668982e-09,3.46668982e-09
2462,42,4060644,0,5769,0,-21,3.46668982e-09,3.46668982e-09
2463,41,4060644,0,5769,0,22,3.46668982e-09,3.46668982e-09
2464,40,4060644,0,5769,0,3,3.46668982e-09,3.46668982e-09
2465,43,4066413,0,5769,0,18.446537,3.46668982e-09,3.46668982e-09
2466,42,4066413,0,5769,0,-21,3.46668982e-09,3.46668982e-09
2467,41,4066413,0,5769,0,22,3.46668982e-09,3.46668982e-09
2468,40,4066413,0,5769,0,2,3.46668982e-09,3.46668982e-09
2469,43,4072182,0,5769,0,18.446539,3.46665407e-09,3.46665407e-09
2470,42,4072182,0,5769,0,-20,3.46665407e-09,3.46665407e-09
2471,41,4072182,0,5769,0,22,3.46665407e-09,3.46665407e-09
2472,40,4072182,0,5769,0,2,3.46665407e-09,3.46665407e-09
2473,43,4077951,0,5769,0,18.446539,3.46665407e-09,3.46665407e-09
2474,42,4077951,0,5769,0,-21,3.46665407e-09,3.46665407e-09
2475,41,4077951,0,5769,0,22,3.46665407e-09,3.46665407e-09
2476,40,4077951,0,5769,0,3,3.46665407e-09,3.46665407e-09
2477,43,4083720,0,5769,0,18.446537,3.46668982e-09,3.46668982e-09
2478,42,4083720,0,5769,0,-21,3.46668982e-09,3.46668982e-09
2479,41,4083720,0,5769,0,22,3.46668982e-09,3.46668982e-09
2480,40,4083720,0,5769,0,2,3.46668982e-09,3.46668982e-09
2481,43,4089489,0,5769,0,18.446537,3.46668982e-09,3.46668982e-09
2482,42,4089489,0,5769,0,-20,3.46668982e-09,3.46668982e-09
2483,41,4089489,0,5769,0,22,3.46668982e-09,3.46668982e-09
2484,40,4089489,0,5769,0,2,3.46668982e-09,3.46668982e-09
2485,43,4095258,0,5769,0,18.446539,3.46665407e-09,3.46665407e-09
2486,42,4095258,0,5769,0,-21,3.46665407e-09,3.46665407e-09
2487,41,4095258,0,5769,0,22,3.46665407e-09,3.46665407e-09
2488,40,4095258,0,5769,0,3,3.46665407e-09,3.46665407e-09
2489,43,4101027,0,5769,0,18.446539,3.46665407e-09,3.46665407e-09
2490,42,4101027,0,5769,0,-21,3.46665407e-09,3.46665407e-09
2491,41,4101027,0,5769,0,22,3.46665407e-09,3.46665407e-09
2492,40,4101027,0,5769,0,2,3.46665407e-09,3.46665407e-09
2493,43,4106796,0,5769,0,18.446537,3.46668982e-09,3.46668982e-09
2494,42,4106796,0,5769,0,-20,3.46668982e-09,3.46668982e-09
2495,41,4106796,0,5769,0,22,3.46668982e-09,3.46668982e-09
2496,40,4106796,0,5769,0,3,3.46668982e-09,3.46668982e-09
2497,43,4112565,0,5769,0,18.446537,3.46668982e-09,3.46668982e-09
2498,42,4112565,0,5769,0,-21,3.46668982e-09,3.46668982e-09
2499,41,4112565,0,5769,0,22,3.46668982e-09,3.46668982e-09
2500,40,4112565,0,5769,0,2,3.46668982e-09,3.46668982e-09
2501,43,4118334,0,5769,0,18.446539,3.46665407e-09,3.46665407e-09
2502,42,4118334,0,5769,0,-21,3.46665407e-09,3.46665407e-09
2503,41,4118334,0,5769,0,22,3.46665407e-09,3.46665407e-09
2504,40,4118334,0,5769,0,3,3.46665407e-09,3.46665407e-09
2505,43,4124103,0,5769,0,18.446539,3.46665407e-09,3.46665407e-09
2506,42,4124103,0,5769,0,-20,3.46665407e-09,3.46665407e-09
2507,41,4124103,0,5769,0,22,3.46665407e-09,3.46665407e-09
2508,40,4124103,0,5769,0,2,3.46665407e-09,3.46665407e-09
2509,43,4129872,0,5769,0,18.446537,3.46668982e-09,3.46668982e-09
2510,42,4129872,0,5769,0,-21,3.46668982e-09,3.46668982e-09
2511,41,4129872,0,5769,0,22,3.46668982e-09,3.46668982e-09
2512,40,4129872,0,5769,0,3,3.46668982e-09,3.46668982e-09
2513,43,4135641,0,5769,0,18.446537,3.46668982e-09,3.46668982e-09
2514,42,4135641,0,5769,0,-21,3.46668982e-09,3.46668982e-09
2515,41,4135641,0,5769,0,22,3.46668982e-09,3.46668982e-09
2516,40,4135641,0,5769,0,3,3.46668982e-09,3.46668982e-09
2517,43,4141410,0,5769,0,18.446539,3.46665407e-09,3.46665407e-09
2518,42,4141410,0,5769,0,-20,3.46665407e-09,3.46665407e-09
2519,41,4141410,0,5769,0,22,3.46665407e-09,3.46665407e-09
2520,40,4141410,0,5769,0,2,3.46665407e-09,3.46665407e-09
2521,43,4147179,0,5769,0,18.446539,3.46665407e-09,3.46665407e-09
2522,42,4147179,0,5769,0,-21,3.46665407e-09,3.46665407e-09
2523,41,4147179,0,5769,0,22,3.46665407e-09,3.46665407e-09
2524,40,4147179,0,5769,0,3,3.46665407e-09,3.46665407e-09
2525,43,4152948,0,5769,0,18.446537,3.46668982e-09,3.46668982e-09
2526,42,4152948,0,5769,0,-20,3.46668982e-09,3.46668982e-09
2527,41,4152948,0,5769,0,22,3.46668982e-09,3.46668982e-09
2528,40,4152948,0,5769,0,2,3.46668982e-09,3.46668982e-09
2529,43,4158717,0,5769,0,18.446537,3.46668982e-09,3.46668982e-09
2530,42,4158717,0,5769,0,-21,3.46668982e-09,3.46668982e-09
2531,41,4158717,0,5769,0,22,3.46668982e-09,3.46668982e-09
2532,40,4158717,0,5769,0,3,3.46668982e-09,3.46668982e-09
2533,43,4164486,0,5769,0,18.446539,3.46665407e-09,3.46665407e-09
2534,42,4164486,0,5769,0,-20,3.46665407e-09,3.46665407e-09
2535,41,4164486,0,5769,0,22,3.46665407e-09,3.46665407e-09
2536,40,4164486,0,5769,0,3,3.46665407e-09,3.46665407e-09
2537,43,4170255,0,5769,0,18.446539,3.46665407e-09,3.46665407e-09
2538,42,4170255,0,5769,0,-21,3.46665407e-09,3.46665407e-09
2539,41,4170255,0,5769,0,22,3.46665407e-09,3.46665407e-09
2540,40,4170255,0,5769,0,3,3.46665407e-09,3.46665407e-09
2541,43,4176024,0,5769,0,18.446537,3.46668982e-09,3.46668982e-09
2542,42,4176024,0,5769,0,-21,3.46668982e-09,3.46668982e-09
2543,41,4176024,0,5769,0,23,3.46668982e-09,3.46668982e-09
2544,40,4176024,0,5769,0,2,3.46668982e-09,3.46668982e-09
2545,43,4181793,0,5769,0,18.446537,3.46668982e-09,3.46668982e-09
2546,42,4181793,0,5769,0,-20,3.46668982e-09,3.46668982e-09
2547,41,4181793,0,5769,0,22,3.46668982e-09,3.46668982e-09
2548,40,4181793,0,5769,0,3,3.46668982e-09,3.46668982e-09
2549,43,4187562,0,5769,0,18.446539,3.46665407e-09,3.46665407e-09
2550,42,4187562,0,5769,0,-21,3.46665407e-09,3.46665407e-09
2551,41,4187562,0,5769,0,22,3.46665407e-09,3.46665407e-09
2552,40,4187562,0,5769,0,3,3.46665407e-09,3.46665407e-09
2553,43,4193331,0,5769,0,18.446539,3.46665407e-09,3.46665407e-09
2554,42,4193331,0,5769,0,-20,3.46665407e-09,3.46665407e-09
2555,41,4193331,0,5769,0,22,3.46665407e-09,3.46665407e-09
2556,40,4193331,0,5769,0,3,3.46665407e-09,3.46665407e-09
2557,43,4199100,0,5769,0,18.446537,3.46668982e-09,3.46668982e-09
2558,42,4199100,0,5769,0,-21,3.46668982e-09,3.46668982e-09
2559,41,4199100,0,5769,0,22,3.46668982e-09,3.46668982e-09
2560,40,4199100,0,5769,0,3,3.46668982e-09,3.46668982e-09
2561,43,4204869,0,5769,0,18.446537,3.46668982e-09,3.46668982e-09
2562,42,4204869,0,5769,0,-20,3.46668982e-09,3.46668982e-09
2563,41,4204869,0,5769,0,22,3.46668982e-09,3.46668982e-09
2564,40,4204869,0,5769,0,2,3.46668982e-09,3.46668982e-09
2565,43,4210638,0,5769,0,18.446539,3.46665407e-09,3.46665407e-09
2566,42,4210638,0,5769,0,-21,3.46665407e-09,3.46665407e-09
2567,41,4210638,0,5769,0,22,3.46665407e-09,3.46665407e-09
2568,40,4210638,0,5769,0,3,3.46665407e-09,3.46665407e-09
2569,43,4216407,0,5769,0,18.446539,3.46665407e-09,3.46665407e-09
2570,42,4216407,0,5769,0,-20,3.46665407e-09,3.46665407e-09
2571,41,4216407,0,5769,0,22,3.46665407e-09,3.46665407e-09
2572,40,4216407,0,5769,0,3,3.46665407e-09,3.46665407e-09
2573,43,4222176,0,3862,1945,18.446537,3.46668982e-09,3.46668982e-09
2574,42,4222176,0,3862,1945,-21,3.46668982e-09,3.46668982e-09
2575,41,4222176,0,3862,1945,23,3.46668982e-09,3.46668982e-09
2576,40,4222176,0,3862,1945,3,3.46668982e-09,3.46668982e-09
2577,43,4227983,0,0,6433,18.446537,3.46668982e-09,3.46668982e-09
2578,42,4227983,0,0,6433,-20,3.46668982e-09,3.46668982e-09
2579,41,4227983,0,0,6433,22,3.46668982e-09,3.46668982e-09
2580,40,4227983,0,0,6433,3,3.46668982e-09,3.46668982e-09
2581,43,4234416,0,0,7630,18.446539,3.46665341e-09,3.46665341e-09
2582,42,4234416,0,0,7630,-21,3.46665341e-09,3.46665341e-09
2583,41,4234416,0,0,7630,22,3.46665341e-09,3.46665341e-09
2584,40,4234416,0,0,7630,3,3.46665341e-09,3.46665341e-09
2585,43,4242046,0,0,9940,18.446539,3.46665252e-09,3.46665252e-09
2586,42,4242046,0,0,9940,-20,3.46665252e-09,3.46665252e-09
2587,41,4242046,0,0,9940,22,3.46665252e-09,3.46665252e-09
2588,40,4242046,0,0,9940,3,3.46665252e-09,3.46665252e-09
2589,43,4251986,0,0,22802,18.446537,3.46668849e-09,3.46668849e-09
2590,42,4251986,0,0,22802,-21,3.46668849e-09,3.46668849e-09
2591,41,4251986,0,0,22802,22,3.46668849e-09,3.46668849e-09
2592,40,4251986,0,0,22802,3,3.46668849e-09,3.46668849e-09
2593,43,4274788,22802,0,0,18.446539,3.46665341e-09,3.46665341e-09
2594,42,4274788,22802,0,0,-16,3.46665341e-09,3.46665341e-09
2595,41,4274788,22802,0,0,-14,3.46665341e-09,3.46665341e-09
2596,40,4274788,22802,0,0,26,3.46665341e-09,3.46665341e-09
2597,43,4297590,9940,0,0,18.446539,3.46665341e-09,3.46665341e-09
2598,42,4297590,9940,0,0,-16,3.46665341e-09,3.46665341e-09
2599,41,4297590,9940,0,0,-13,3.46665341e-09,3.46665341e-09
2600,40,4297590,9940,0,0,26,3.46665341e-09,3.46665341e-09
2601,43,4307530,7630,0,0,18.446539,3.46665407e-09,3.46665407e-09
2602,42,4307530,7630,0,0,-16,3.46665407e-09,3.46665407e-09
2603,41,4307530,7630,0,0,-14,3.46665407e-09,3.46665407e-09
2604,40,4307530,7630,0,0,26,3.46665407e-09,3.46665407e-09
2605,43,4315160,6433,0,0,18.446539,3.46665407e-09,3.46665407e-09
2606,42,4315160,6433,0,0,-17,3.46665407e-09,3.46665407e-09
2607,41,4315160,6433,0,0,-14,3.46665407e-09,3.46665407e-09
2608,40,4315160,6433,0,0,26,3.46665407e-09,3.46665407e-09
2609,43,4321593,1945,3862,0,18.446539,3.46665252e-09,3.46665252e-09
2610,42,4321593,1945,3862,0,-16,3.46665252e-09,3.46665252e-09
2611,41,4321593,1945,3862,0,-14,3.46665252e-09,3.46665252e-09
2612,40,4321593,1945,3862,0,26,3.46665252e-09,3.46665252e-09
2613,43,4327400,0,5769,0,18.446539,3.46665252e-09,3.46665252e-09
2614,42,4327400,0,5769,0,-16,3.46665252e-09,3.46665252e-09
2615,41,4327400,0,5769,0,-14,3.46665252e-09,3.46665252e-09
2616,40,4327400,0,5769,0,26,3.46665252e-09,3.46665252e-09
2617,43,4333169,0,5769,0,18.446539,3.46665252e-09,3.46665252e-09
2618,42,4333169,0,5769,0,-16,3.46665252e-09,3.46665252e-09
2619,41,4333169,0,5769,0,-13,3.46665252e-09,3.46665252e-09
2620,40,4333169,0,5769,0,26,3.46665252e-09,3.46665252e-09
2621,43,4338938,0,5769,0,18.446539,3.46665252e-09,3.46665252e-09
2622,42,4338938,0,5769,0,-16,3.46665252e-09,3.46665252e-09
2623,41,4338938,0,5769,0,-14,3.46665252e-09,3.46665252e-09
2624,40,4338938,0,5769,0,26,3.46665252e-09,3.46665252e-09
2625,43,4344707,0,5769,0,18.446539,3.46665252e-09,3.46665252e-09
2626,42,4344707,0,5769,0,-16,3.46665252e-09,3.46665252e-09
2627,41,4344707,0,5769,0,-14,3.46665252e-09,3.46665252e-09
2628,40,4344707,0,5769,0,26,3.46665252e-09,3.46665252e-09
2629,43,4350476,0,5769,0,18.446539,3.46665252e-09,3.46665252e-09
2630,42,4350476,0,5769,0,-16,3.46665252e-09,3.46665252e-09
2631,41,4350476,0,5769,0,-13,3.46665252e-09,3.46665252e-09
2632,40,4350476,0,5769,0,26,3.46665252e-09,3.46665252e-09
2633,43,4356245,0,5769,0,18.446539,3.46665252e-09,3.46665252e-09
2634,42,4356245,0,5769,0,-17,3.46665252e-09,3.46665252e-09
2635,41,4356245,0,5769,0,-14,3.46665252e-09,3.46665252e-09
2636,40,4356245,0,5769,0,26,3.46665252e-09,3.46665252e-09
2637,43,4362014,0,5769,0,18.446539,3.46665252e-09,3.46665252e-09
2638,42,4362014,0,5769,0,-16,3.46665252e-09,3.46665252e-09
2639,41,4362014,0,5769,0,-14,3.46665252e-09,3.46665252e-09
2640,40,4362014,0,5769,0,25,3.46665252e-09,3.46665252e-09
2641,43,4367783,0,5769,0,18.446539,3.46665252e-09,3.46665252e-09
2642,42,4367783,0,5769,0,-16,3.46665252e-09,3.46665252e-09
2643,41,4367783,0,5769,0,-13,3.46665252e-09,3.46665252e-09
2644,40,4367783,0,5769,0,26,3.46665252e-09,3.46665252e-09
2645,43,4373552,0,5769,0,18.446539,3.46665252e-09,3.46665252e-09
2646,42,4373552,0,5769,0,-16,3.46665252e-09,3.46665252e-09
2647,41,4373552,0,5769,0,-14,3.46665252e-09,3.46665252e-09
2648,40,4373552,0,5769,0,26,3.46665252e-09,3.46665252e-09
2649,43,4379321,0,5769,0,18.446539,3.46665252e-09,3.46665252e-09
2650,42,4379321,0,5769,0,-16,3.46665252e-09,3.46665252e-09
2651,41,4379321,0,5769,0,-14,3.46665252e-09,3.46665252e-09
2652,40,4379321,0,5769,0,26,3.46665252e-09,3.46665252e-09
2653,43,4385090,0,5769,0,18.446539,3.46665252e-09,3.46665252e-09
2654,42,4385090,0,5769,0,-16,3.46665252e-09,3.46665252e-09
2655,41,4385090,0,5769,0,-13,3.46665252e-09,3.46665252e-09
2656,40,4385090,0,5769,0,26,3.46665252e-09,3.46665252e-09
2657,43,4390859,0,5769,0,18.446539,3.46665252e-09,3.46665252e-09
2658,42,4390859,0,5769,0,-16,3.46665252e-09,3.46665252e-09
2659,41,4390859,0,5769,0,-14,3.46665252e-09,3.46665252e-09
2660,40,4390859,0,5769,0,26,3.46665252e-09,3.46665252e-09
2661,43,4396628,0,5769,0,18.446539,3.46665252e-09,3.46665252e-09
2662,42,4396628,0,5769,0,-16,3.46665252e-09,3.46665252e-09
2663,41,4396628,0,5769,0,-13,3.46665252e-09,3.46665252e-09
2664,40,4396628,0,5769,0,26,3.46665252e-09,3.46665252e-09
2665,43,4402397,0,5769,0,18.446539,3.46665252e-09,3.46665252e-09
2666,42,4402397,0,5769,0,-16,3.46665252e-09,3.46665252e-09
2667,41,4402397,0,5769,0,-14,3.46665252e-09,3.46665252e-09
2668,40,4402397,0,5769,0,26,3.46665252e-09,3.46665252e-09
2669,43,4408166,0,5769,0,18.446539,3.46665252e-09,3.46665252e-09
2670,42,4408166,0,5769,0,-16,3.46665252e-09,3.46665252e-09
2671,41,4408166,0,5769,0,-13,3.46665252e-09,3.46665252e-09
2672,40,4408166,0,5769,0,26,3.46665252e-09,3.46665252e-09
2673,43,4413935,0,5769,0,18.446539,3.46665252e-09,3.46665252e-09
2674,42,4413935,0,5769,0,-16,3.46665252e-09,3.46665252e-09
2675,41,4413935,0,5769,0,-14,3.46665252e-09,3.46665252e-09
2676,40,4413935,0,5769,0,26,3.46665252e-09,3.46665252e-09
2677,43,4419704,0,5769,0,18.446539,3.46665252e-09,3.46665252e-09
2678,42,4419704,0,5769,0,-16,3.46665252e-09,3.46665252e-09
2679,41,4419704,0,5769,0,-13,3.46665252e-09,3.46665252e-09
2680,40,4419704,0,5769,0,26,3.46665252e-09,3.46665252e-09
2681,43,4425473,0,5769,0,18.446539,3.46665252e-09,3.46665252e-09
2682,42,4425473,0,5769,0,-16,3.46665252e-09,3.46665252e-09
2683,41,4425473,0,5769,0,-14,3.46665252e-09,3.46665252e-09
2684,40,4425473,0,5769,0,26,3.46665252e-09,3.46665252e-09
2685,43,4431242,0,5769,0,18.446539,3.46665252e-09,3.46665252e-09
2686,42,4431242,0,5769,0,-16,3.46665252e-09,3.46665252e-09
2687,41,4431242,0,5769,0,-13,3.46665252e-09,3.46665252e-09
2688,40,4431242,0,5769,0,26,3.46665252e-09,3.46665252e-09
2689,43,4437011,0,5769,0,18.446539,3.46665252e-09,3.46665252e-09
2690,42,4437011,0,5769,0,-16,3.46665252e-09,3.46665252e-09
2691,41,4437011,0,5769,0,-14,3.46665252e-09,3.46665252e-09
2692,40,4437011,0,5769,0,26,3.46665252e-09,3.46665252e-09
2693,43,4442780,0,5769,0,18.446539,3.46665252e-09,3.46665252e-09
2694,42,4442780,0,5769,0,-16,3.46665252e-09,3.46665252e-09
2695,41,4442780,0,5769,0,-13,3.46665252e-09,3.46665252e-09
2696,40,4442780,0,5769,0,26,3.46665252e-09,3.46665252e-09
2697,43,4448549,0,5769,0,18.446539,3.46665252e-09,3.46665252e-09
2698,42,4448549,0,5769,0,-16,3.46665252e-09,3.46665252e-09
2699,41,4448549,0,5769,0,-14,3.46665252e-09,3.46665252e-09
2700,40,4448549,0,5769,0,26,3.46665252e-09,3.46665252e-09
2701,43,4454318,0,5769,0,18.446539,3.46665252e-09,3.46665252e-09
2702,42,4454318,0,5769,0,-15,3.46665252e-09,3.46665252e-09
2703,41,4454318,0,5769,0,-13,3.46665252e-09,3.46665252e-09
2704,40,4454318,0,5769,0,26,3.46665252e-09,3.46665252e-09
2705,43,4460087,0,5769,0,18.446539,3.46665252e-09,3.46665252e-09
2706,42,4460087,0,5769,0,-16,3.46665252e-09,3.46665252e-09
2707,41,4460087,0,5769,0,-14,3.46665252e-09,3.46665252e-09
2708,40,4460087,0,5769,0,26,3.46665252e-09,3.46665252e-09
2709,43,4465856,0,5769,0,18.446539,3.46665252e-09,3.46665252e-09
2710,42,4465856,0,5769,0,-16,3.46665252e-09,3.46665252e-09
2711,41,4465856,0,5769,0,-13,3.46665252e-09,3.46665252e-09
2712,40,4465856,0,5769,0,26,3.46665252e-09,3.46665252e-09
2713,43,4471625,0,5769,0,18.446539,3.46665252e-09,3.46665252e-09
2714,42,4471625,0,5769,0,-16,3.46665252e-09,3.46665252e-09
2715,41,4471625,0,5769,0,-14,3.46665252e-09,3.46665252e-09
2716,40,4471625,0,5769,0,26,3.46665252e-09,3.46665252e-09
2717,43,4477394,0,5769,0,18.446539,3.46665252e-09,3.46665252e-09
2718,42,4477394,0,5769,0,-16,3.46665252e-09,3.46665252e-09
2719,41,4477394,0,5769,0,-13,3.46665252e-09,3.46665252e-09
2720,40,4477394,0,5769,0,25,3.46665252e-09,3.46665252e-09
2721,43,4483163,0,5769,0,18.446539,3.46665252e-09,3.46665252e-09
2722,42,4483163,0,5769,0,-16,3.46665252e-09,3.46665252e-09
2723,41,4483163,0,5769,0,-13,3.46665252e-09,3.46665252e-09
2724,40,4483163,0,5769,0,26,3.46665252e-09,3.46665252e-09
2725,43,4488932,0,5769,0,18.446539,3.46665252e-09,3.46665252e-09
2726,42,4488932,0,5769,0,-15,3.46665252e-09,3.46665252e-09
2727,41,4488932,0,5769,0,-14,3.46665252e-09,3.46665252e-09
2728,40,4488932,0,5769,0,26,3.46665252e-09,3.46665252e-09
2729,43,4494701,0,5769,0,18.446539,3.46665252e-09,3.46665252e-09
2730,42,4494701,0,5769,0,-16,3.46665252e-09,3.46665252e-09
2731,41,4494701,0,5769,0,-13,3.46665252e-09,3.46665252e-09
2732,40,4494701,0,5769,0,26,3.46665252e-09,3.46665252e-09
2733,43,4500470,0,5769,0,18.446539,3.46665252e-09,3.46665252e-09
2734,42,4500470,0,5769,0,-16,3.46665252e-09,3.46665252e-09
2735,41,4500470,0,5769,0,-13,3.46665252e-09,3.46665252e-09
2736,40,4500470,0,5769,0,26,3.46665252e-09,3.46665252e-09
2737,43,4506239,0,5769,0,18.446539,3.46665252e-09,3.46665252e-09
2738,42,4506239,0,5769,0,-16,3.46665252e-09,3.46665252e-09
2739,41,4506239,0,5769,0,-14,3.46665252e-09,3.46665252e-09
2740,40,4506239,0,5769,0,26,3.46665252e-09,3.46665252e-09
2741,43,4512008,0,5769,0,18.446539,3.46665252e-09,3.46665252e-09
2742,42,4512008,0,5769,0,-15,3.46665252e-09,3.46665252e-09
2743,41,4512008,0,5769,0,-13,3.46665252e-09,3.46665252e-09
2744,40,4512008,0,5769,0,26,3.46665252e-09,3.46665252e-09
2745,43,4517777,0,5769,0,18.446539,3.46665252e-09,3.46665252e-09
2746,42,4517777,0,5769,0,-16,3.46665252e-09,3.46665252e-09
2747,41,4517777,0,5769,0,-13,3.46665252e-09,3.46665252e-09
2748,40,4517777,0,5769,0,26,3.46665252e-09,3.46665252e-09
2749,43,4523546,0,5769,0,18.446539,3.46665252e-09,3.46665252e-09
2750,42,4523546,0,5769,0,-16,3.46665252e-09,3.46665252e-09
2751,41,4523546,0,5769,0,-14,3.46665252e-09,3.46665252e-09
2752,40,4523546,0,5769,0,26,3.46665252e-09,3.46665252e-09
2753,43,4529315,0,5769,0,18.446539,3.46665252e-09,3.46665252e-09
2754,42,4529315,0,5769,0,-16,3.46665252e-09,3.46665252e-09
2755,41,4529315,0,5769,0,-13,3.46665252e-09,3.46665252e-09
2756,40,4529315,0,5769,0,26,3.46665252e-09,3.46665252e-09
2757,43,4535084,0,5769,0,18.446539,3.46665252e-09,3.46665252e-09
2758,42,4535084,0,5769,0,-15,3.46665252e-09,3.46665252e-09
2759,41,4535084,0,5769,0,-13,3.46665252e-09,3.46665252e-09
2760,40,4535084,0,5769,0,26,3.46665252e-09,3.46665252e-09
2761,43,4540853,0,5769,0,18.446539,3.46665252e-09,3.46665252e-09
2762,42,4540853,0,5769,0,-16,3.46665252e-09,3.46665252e-09
2763,41,4540853,0,5769,0,-13,3.46665252e-09,3.46665252e-09
2764,40,4540853,0,5769,0,26,3.46665252e-09,3.46665252e-09
2765,43,4546622,0,5769,0,18.446539,3.46665541e-09,3.46665541e-09
2766,42,4546622,0,5769,0,-16,3.46665541e-09,3.46665541e-09
2767,41,4546622,0,5769,0,-13,3.46665541e-09,3.46665541e-09
2768,40,4546622,0,5769,0,26,3.46665541e-09,3.46665541e-09
2769,43,4552391,0,5769,0,18.446539,3.46665407e-09,3.46665407e-09
2770,42,4552391,0,5769,0,-15,3.46665407e-09,3.46665407e-09
2771,41,4552391,0,5769,0,-14,3.46665407e-09,3.46665407e-09
2772,40,4552391,0,5769,0,26,3.46665407e-09,3.46665407e-09
2773,43,4558160,0,5769,0,18.446539,3.46665541e-09,3.46665541e-09
2774,42,4558160,0,5769,0,-16,3.46665541e-09,3.46665541e-09
2775,41,4558160,0,5769,0,-13,3.46665541e-09,3.46665541e-09
2776,40,4558160,0,5769,0,26,3.46665541e-09,3.46665541e-09
2777,43,4563929,0,5769,0,18.446539,3.46667361e-09,3.46667361e-09
2778,42,4563929,0,5769,0,-15,3.46667361e-09,3.46667361e-09
2779,41,4563929,0,5769,0,-13,3.46667361e-09,3.46667361e-09
2780,40,4563929,0,5769,0,26,3.46667361e-09,3.46667361e-09
2781,43,4569698,0,5769,0,18.446539,3.46667361e-09,3.46667361e-09
2782,42,4569698,0,5769,0,-16,3.46667361e-09,3.46667361e-09
2783,41,4569698,0,5769,0,-13,3.46667361e-09,3.46667361e-09
2784,40,4569698,0,5769,0,26,3.46667361e-09,3.46667361e-09
2785,43,4575467,0,5769,0,18.446539,3.46667361e-09,3.46667361e-09
2786,42,4575467,0,5769,0,-16,3.46667361e-09,3.46667361e-09
2787,41,4575467,0,5769,0,-13,3.46667361e-09,3.46667361e-09
2788,40,4575467,0,5769,0,26,3.46667361e-09,3.46667361e-09
2789,43,4581236,0,5769,0,18.446539,3.46667361e-09,3.46667361e-09
2790,42,4581236,0,5769,0,-15,3.46667361e-09,3.46667361e-09
2791,41,4581236,0,5769,0,-13,3.46667361e-09,3.46667361e-09
2792,40,4581236,0,5769,0,26,3.46667361e-09,3.46667361e-09
2793,43,4587005,0,5769,0,18.446539,3.46667361e-09,3.46667361e-09
2794,42,4587005,0,5769,0,-16,3.46667361e-09,3.46667361e-09
2795,41,4587005,0,5769,0,-14,3.46667361e-09,3.46667361e-09
2796,40,4587005,0,5769,0,26,3.46667361e-09,3.46667361e-09
2797,43,4592774,0,5769,0,18.446539,3.46667361e-09,3.46667361e-09
2798,42,4592774,0,5769,0,-15,3.46667361e-09,3.46667361e-09
2799,41,4592774,0,5769,0,-13,3.46667361e-09,3.46667361e-09
2800,40,4592774,0,5769,0,26,3.46667361e-09,3.46667361e-09
2801,43,4598543,0,5769,0,18.446539,3.46667361e-09,3.46667361e-09
2802,42,4598543,0,5769,0,-16,3.46667361e-09,3.46667361e-09
2803,41,4598543,0,5769,0,-13,3.46667361e-09,3.46667361e-09
2804,40,4598543,0,5769,0,26,3.46667361e-09,3.46667361e-09
2805,43,4604312,0,5769,0,18.446539,3.46667361e-09,3.46667361e-09
2806,42,4604312,0,5769,0,-15,3.46667361e-09,3.46667361e-09
2807,41,4604312,0,5769,0,-13,3.46667361e-09,3.46667361e-09
2808,40,4604312,0,5769,0,26,3.46667361e-09,3.46667361e-09
2809,43,4610081,0,5769,0,18.446539,3.46667361e-09,3.46667361e-09
2810,42,4610081,0,5769,0,-16,3.46667361e-09,3.46667361e-09
2811,41,4610081,0,5769,0,-13,3.46667361e-09,3.46667361e-09
2812,40,4610081,0,5769,0,25,3.46667361e-09,3.46667361e-09
2813,43,4615850,0,5769,0,18.446539,3.46667361e-09,3.46667361e-09
2814,42,4615850,0,5769,0,-15,3.46667361e-09,3.46667361e-09
2815,41,4615850,0,5769,0,-13,3.46667361e-09,3.46667361e-09
2816,40,4615850,0,5769,0,26,3.46667361e-09,3.46667361e-09
2817,43,4621619,0,5769,0,18.446539,3.46667361e-09,3.46667361e-09
2818,42,4621619,0,5769,0,-16,3.46667361e-09,3.46667361e-09
2819,41,4621619,0,5769,0,-13,3.46667361e-09,3.46667361e-09
2820,40,4621619,0,5769,0,26,3.46667361e-09,3.46667361e-09
2821,43,4627388,0,5769,0,18.446539,3.46667361e-09,3.46667361e-09
2822,42,4627388,0,5769,0,-15,3.46667361e-09,3.46667361e-09
2823,41,4627388,0,5769,0,-13,3.46667361e-09,3.46667361e-09
2824,40,4627388,0,5769,0,26,3.46667361e-09,3.46667361e-09
2825,43,4633157,0,5769,0,18.446539,3.46667361e-09,3.46667361e-09
2826,42,4633157,0,5769,0,-16,3.46667361e-09,3.46667361e-09
2827,41,4633157,0,5769,0,-13,3.46667361e-09,3.46667361e-09
2828,40,4633157,0,5769,0,26,3.46667361e-09,3.46667361e-09
2829,43,4638926,0,5769,0,18.446539,3.46667361e-09,3.46667361e-09
2830,42,4638926,0,5769,0,-15,3.46667361e-09,3.46667361e-09
2831,41,4638926,0,5769,0,-13,3.46667361e-09,3.46667361e-09
2832,40,4638926,0,5769,0,26,3.46667361e-09,3.46667361e-09
2833,43,4644695,0,5769,0,18.446539,3.46667361e-09,3.46667361e-09
2834,42,4644695,0,5769,0,-16,3.46667361e-09,3.46667361e-09
2835,41,4644695,0,5769,0,-13,3.46667361e-09,3.46667361e-09
2836,40,4644695,0,5769,0,26,3.46667361e-09,3.46667361e-09
2837,43,4650464,0,5769,0,18.446539,3.46667361e-09,3.46667361e-09
2838,42,4650464,0,5769,0,-15,3.46667361e-09,3.46667361e-09
2839,41,4650464,0,5769,0,-13,3.46667361e-09,3.46667361e-09
2840,40,4650464,0,5769,0,26,3.46667361e-09,3.46667361e-09
2841,43,4656233,0,5769,0,18.446539,3.46667361e-09,3.46667361e-09
2842,42,4656233,0,5769,0,-15,3.46667361e-09,3.46667361e-09
2843,41,4656233,0,5769,0,-13,3.46667361e-09,3.46667361e-09
2844,40,4656233,0,5769,0,26,3.46667361e-09,3.46667361e-09
2845,43,4662002,0,5769,0,18.446539,3.46667361e-09,3.46667361e-09
2846,42,4662002,0,5769,0,-16,3.46667361e-09,3.46667361e-09
2847,41,4662002,0,5769,0,-13,3.46667361e-09,3.46667361e-09
2848,40,4662002,0,5769,0,26,3.46667361e-09,3.46667361e-09
2849,43,4667771,0,5769,0,18.446539,3.46667361e-09,3.46667361e-09
2850,42,4667771,0,5769,0,-15,3.46667361e-09,3.46667361e-09
2851,41,4667771,0,5769,0,-13,3.46667361e-09,3.46667361e-09
2852,40,4667771,0,5769,0,26,3.46667361e-09,3.46667361e-09
2853,43,4673540,0,5769,0,18.446539,3.46667361e-09,3.46667361e-09
2854,42,4673540,0,5769,0,-15,3.46667361e-09,3.46667361e-09
2855,41,4673540,0,5769,0,-13,3.46667361e-09,3.46667361e-09
2856,40,4673540,0,5769,0,26,3.46667361e-09,3.46667361e-09
2857,43,4679309,0,5769,0,18.446539,3.46667361e-09,3.46667361e-09
2858,42,4679309,0,5769,0,-16,3.46667361e-09,3.46667361e-09
2859,41,4679309,0,5769,0,-13,3.46667361e-09,3.46667361e-09
2860,40,4679309,0,5769,0,26,3.46667361e-09,3.46667361e-09
2861,43,4685078,0,5769,0,18.446539,3.46667361e-09,3.46667361e-09
2862,42,4685078,0,5769,0,-15,3.46667361e-09,3.46667361e-09
2863,41,4685078,0,5769,0,-12,3.46667361e-09,3.46667361e-09
2864,40,4685078,0,5769,0,26,3.46667361e-09,3.46667361e-09
2865,43,4690847,0,5769,0,18.446539,3.46667361e-09,3.46667361e-09
2866,42,4690847,0,5769,0,-15,3.46667361e-09,3.46667361e-09
2867,41,4690847,0,5769,0,-13,3.46667361e-09,3.46667361e-09
2868,40,4690847,0,5769,0,26,3.46667361e-09,3.46667361e-09
2869,43,4696616,0,5769,0,18.446539,3.46667361e-09,3.46667361e-09
2870,42,4696616,0,5769,0,-16,3.46667361e-09,3.46667361e-09
2871,41,4696616,0,5769,0,-13,3.46667361e-09,3.46667361e-09
2872,40,4696616,0,5769,0,26,3.46667361e-09,3.46667361e-09
2873,43,4702385,0,5769,0,18.446539,3.46667361e-09,3.46667361e-09
2874,42,4702385,0,5769,0,-15,3.46667361e-09,3.46667361e-09
2875,41,4702385,0,5769,0,-13,3.46667361e-09,3.46667361e-09
2876,40,4702385,0,5769,0,26,3.46667361e-09,3.46667361e-09
2877,43,4708154,0,5769,0,18.446539,3.46667361e-09,3.46667361e-09
2878,42,4708154,0,5769,0,-15,3.46667361e-09,3.46667361e-09
2879,41,4708154,0,5769,0,-13,3.46667361e-09,3.46667361e-09
2880,40,4708154,0,5769,0,26,3.46667361e-09,3.46667361e-09
2881,43,4713923,0,5769,0,18.446539,3.46667361e-09,3.46667361e-09
2882,42,4713923,0,5769,0,-15,3.46667361e-09,3.46667361e-09
2883,41,4713923,0,5769,0,-13,3.46667361e-09,3.46667361e-09
2884,40,4713923,0,5769,0,26,3.46667361e-09,3.46667361e-09
2885,43,4719692,0,5769,0,18.446539,3.46667361e-09,3.46667361e-09
2886,42,4719692,0,5769,0,-15,3.46667361e-09,3.46667361e-09
2887,41,4719692,0,5769,0,-12,3.46667361e-09,3.46667361e-09
2888,40,4719692,0,5769,0,26,3.46667361e-09,3.46667361e-09
2889,43,4725461,0,5769,0,18.446539,3.46667361e-09,3.46667361e-09
2890,42,4725461,0,5769,0,-16,3.46667361e-09,3.46667361e-09
2891,41,4725461,0,5769,0,-13,3.46667361e-09,3.46667361e-09
2892,40,4725461,0,5769,0,26,3.46667361e-09,3.46667361e-09
2893,43,4731230,0,5769,0,18.446539,3.46667361e-09,3.46667361e-09
2894,42,4731230,0,5769,0,-15,3.46667361e-09,3.46667361e-09
2895,41,4731230,0,5769,0,-13,3.46667361e-09,3.46667361e-09
2896,40,4731230,0,5769,0,26,3.46667361e-09,3.46667361e-09
2897,43,4736999,0,5769,0,18.446539,3.46667361e-09,3.46667361e-09
2898,42,4736999,0,5769,0,-15,3.46667361e-09,3.46667361e-09
2899,41,4736999,0,5769,0,-13,3.46667361e-09,3.46667361e-09
2900,40,4736999,0,5769,0,26,3.46667361e-09,3.46667361e-09
2901,43,4742768,0,5769,0,18.446539,3.46667361e-09,3.46667361e-09
2902,42,4742768,0,5769,0,-15,3.46667361e-09,3.46667361e-09
2903,41,4742768,0,5769,0,-12,3.46667361e-09,3.46667361e-09
2904,40,4742768,0,5769,0,26,3.46667361e-09,3.46667361e-09
2905,43,4748537,0,5769,0,18.446539,3.46667361e-09,3.46667361e-09
2906,42,4748537,0,5769,0,-15,3.46667361e-09,3.46667361e-09
2907,41,4748537,0,5769,0,-13,3.46667361e-09,3.46667361e-09
2908,40,4748537,0,5769,0,26,3.46667361e-09,3.46667361e-09
2909,43,4754306,0,5769,0,18.446539,3.46667361e-09,3.46667361e-09
2910,42,4754306,0,5769,0,-15,3.46667361e-09,3.46667361e-09
2911,41,4754306,0,5769,0,-13,3.46667361e-09,3.46667361e-09
2912,40,4754306,0,5769,0,26,3.46667361e-09,3.46667361e-09
2913,43,4760075,0,5769,0,18.446539,3.46667361e-09,3.46667361e-09
2914,42,4760075,0,5769,0,-16,3.46667361e-09,3.46667361e-09
2915,41,4760075,0,5769,0,-13,3.46667361e-09,3.46667361e-09
2916,40,4760075,0,5769,0,26,3.46667361e-09,3.46667361e-09
2917,43,4765844,0,5769,0,18.446539,3.46667361e-09,3.46667361e-09
2918,42,4765844,0,5769,0,-15,3.46667361e-09,3.46667361e-09
2919,41,4765844,0,5769,0,-12,3.46667361e-09,3.46667361e-09
2920,40,4765844,0,5769,0,25,3.46667361e-09,3.46667361e-09
2921,43,4771613,0,5769,0,18.446539,3.46667361e-09,3.46667361e-09
2922,42,4771613,0,5769,0,-15,3.46667361e-09,3.46667361e-09
2923,41,4771613,0,5769,0,-13,3.46667361e-09,3.46667361e-09
2924,40,4771613,0,5769,0,26,3.46667361e-09,3.46667361e-09
2925,43,4777382,0,5769,0,18.446539,3.46667361e-09,3.46667361e-09
2926,42,4777382,0,5769,0,-15,3.46667361e-09,3.46667361e-09
2927,41,4777382,0,5769,0,-13,3.46667361e-09,3.46667361e-09
2928,40,4777382,0,5769,0,26,3.46667361e-09,3.46667361e-09
2929,43,4783151,0,5769,0,18.446539,3.46667361e-09,3.46667361e-09
2930,42,4783151,0,5769,0,-15,3.46667361e-09,3.46667361e-09
2931,41,4783151,0,5769,0,-12,3.46667361e-09,3.46667361e-09
2932,40,4783151,0,5769,0,26,3.46667361e-09,3.46667361e-09
2933,43,4788920,0,5769,0,18.446539,3.46667361e-09,3.46667361e-09
2934,42,4788920,0,5769,0,-15,3.46667361e-09,3.46667361e-09
2935,41,4788920,0,5769,0,-13,3.46667361e-09,3.46667361e-09
2936,40,4788920,0,5769,0,26,3.46667361e-09,3.46667361e-09
2937,43,4794689,0,5769,0,18.446539,3.46667361e-09,3.46667361e-09
2938,42,4794689,0,5769,0,-15,3.46667361e-09,3.46667361e-09
2939,41,4794689,0,5769,0,-12,3.46667361e-09,3.46667361e-09
2940,40,4794689,0,5769,0,26,3.46667361e-09,3.46667361e-09
2941,43,4800458,0,5769,0,18.446539,3.46667361e-09,3.46667361e-09
2942,42,4800458,0,5769,0,-15,3.46667361e-09,3.46667361e-09
2943,41,4800458,0,5769,0,-13,3.46667361e-09,3.46667361e-09
2944,40,4800458,0,5769,0,26,3.46667361e-09,3.46667361e-09
2945,43,4806227,0,5769,0,18.446539,3.46667361e-09,3.46667361e-09
2946,42,4806227,0,5769,0,-15,3.46667361e-09,3.46667361e-09
2947,41,4806227,0,5769,0,-13,3.46667361e-09,3.46667361e-09
2948,40,4806227,0,5769,0,26,3.46667361e-09,3.46667361e-09
2949,43,4811996,0,5769,0,18.446539,3.46667361e-09,3.46667361e-09
2950,42,4811996,0,5769,0,-15,3.46667361e-09,3.46667361e-09
2951,41,4811996,0,5769,0,-12,3.46667361e-09,3.46667361e-09
2952,40,4811996,0,5769,0,26,3.46667361e-09,3.46667361e-09
2953,43,4817765,0,5769,0,18.446539,3.46667361e-09,3.46667361e-09
2954,42,4817765,0,5769,0,-15,3.46667361e-09,3.46667361e-09
2955,41,4817765,0,5769,0,-13,3.46667361e-09,3.46667361e-09
2956,40,4817765,0,5769,0,26,3.46667361e-09,3.46667361e-09
2957,43,4823534,0,5769,0,18.446539,3.46667361e-09,3.46667361e-09
2958,42,4823534,0,5769,0,-15,3.46667361e-09,3.46667361e-09
2959,41,4823534,0,5769,0,-12,3.46667361e-09,3.46667361e-09
2960,40,4823534,0,5769,0,26,3.46667361e-09,3.46667361e-09
2961,43,4829303,0,5769,0,18.446539,3.46667361e-09,3.46667361e-09
2962,42,4829303,0,5769,0,-15,3.46667361e-09,3.46667361e-09
2963,41,4829303,0,5769,0,-13,3.46667361e-09,3.46667361e-09
2964,40,4829303,0,5769,0,26,3.46667361e-09,3.46667361e-09
2965,43,4835072,0,5769,0,18.446539,3.46667361e-09,3.46667361e-09
2966,42,4835072,0,5769,0,-15,3.46667361e-09,3.46667361e-09
2967,41,4835072,0,5769,0,-12,3.46667361e-09,3.46667361e-09
2968,40,4835072,0,5769,0,26,3.46667361e-09,3.46667361e-09
2969,43,4840841,0,5769,0,18.446539,3.46667361e-09,3.46667361e-09
2970,42,4840841,0,5769,0,-15,3.46667361e-09,3.46667361e-09
2971,41,4840841,0,5769,0,-13,3.46667361e-09,3.46667361e-09
2972,40,4840841,0,5769,0,26,3.46667361e-09,3.46667361e-09
2973,43,4846610,0,5769,0,18.446539,3.46667361e-09,3.46667361e-09
2974,42,4846610,0,5769,0,-14,3.46667361e-09,3.46667361e-09
2975,41,4846610,0,5769,0,-12,3.46667361e-09,3.46667361e-09
2976,40,4846610,0,5769,0,26,3.46667361e-09,3.46667361e-09
2977,43,4852379,0,5769,0,18.446539,3.46667361e-09,3.46667361e-09
2978,42,4852379,0,5769,0,-15,3.46667361e-09,3.46667361e-09
2979,41,4852379,0,5769,0,-13,3.46667361e-09,3.46667361e-09
2980,40,4852379,0,5769,0,26,3.46667361e-09,3.46667361e-09
2981,43,4858148,0,5769,0,18.446539,3.46667361e-09,3.46667361e-09
2982,42,4858148,0,5769,0,-15,3.46667361e-09,3.46667361e-09
2983,41,4858148,0,5769,0,-12,3.46667361e-09,3.46667361e-09
2984,40,4858148,0,5769,0,26,3.46667361e-09,3.46667361e-09
2985,43,4863917,0,5769,0,18.446539,3.46667361e-09,3.46667361e-09
2986,42,4863917,0,5769,0,-15,3.46667361e-09,3.46667361e-09
2987,41,4863917,0,5769,0,-12,3.46667361e-09,3.46667361e-09
2988,40,4863917,0,5769,0,26,3.46667361e-09,3.46667361e-09
2989,43,4869686,0,5769,0,18.446539,3.46667361e-09,3.46667361e-09
2990,42,4869686,0,5769,0,-15,3.46667361e-09,3.46667361e-09
2991,41,4869686,0,5769,0,-13,3.46667361e-09,3.46667361e-09
2992,40,4869686,0,5769,0,26,3.46667361e-09,3.46667361e-09
2993,43,4875455,0,5769,0,18.446539,3.46667361e-09,3.46667361e-09
2994,42,4875455,0,5769,0,-15,3.46667361e-09,3.46667361e-09
2995,41,4875455,0,5769,0,-12,3.46667361e-09,3.46667361e-09
2996,40,4875455,0,5769,0,26,3.46667361e-09,3.46667361e-09
2997,43,4881224,0,5769,0,18.446539,3.46667361e-09,3.46667361e-09
2998,42,4881224,0,5769,0,-14,3.46667361e-09,3.46667361e-09
2999,41,4881224,0,5769,0,-13,3.46667361e-09,3.46667361e-09
3000,40,4881224,0,5769,0,26,3.46667361e-09,3.46667361e-09
3001,43,4886993,0,5769,0,18.446539,3.46667361e-09,3.46667361e-09
3002,42,4886993,0,5769,0,-15,3.46667361e-09,3.46667361e-09
3003,41,4886993,0,5769,0,-12,3.46667361e-09,3.46667361e-09
3004,40,4886993,0,5769,0,26,3.46667361e-09,3.46667361e-09
3005,43,4892762,0,5769,0,18.446539,3.46667361e-09,3.46667361e-09
3006,42,4892762,0,5769,0,-15,3.46667361e-09,3.46667361e-09
3007,41,4892762,0,5769,0,-12,3.46667361e-09,3.46667361e-09
3008,40,4892762,0,5769,0,26,3.46667361e-09,3.46667361e-09
3009,43,4898531,0,5769,0,18.446539,3.46667361e-09,3.46667361e-09
3010,42,4898531,0,5769,0,-15,3.46667361e-09,3.46667361e-09
3011,41,4898531,0,5769,0,-13,3.46667361e-09,3.46667361e-09
3012,40,4898531,0,5769,0,26,3.46667361e-09,3.46667361e-09
3013,43,4904300,0,5769,0,18.446539,3.46667361e-09,3.46667361e-09
3014,42,4904300,0,5769,0,-14,3.46667361e-09,3.46667361e-09
3015,41,4904300,0,5769,0,-12,3.46667361e-09,3.46667361e-09
3016,40,4904300,0,5769,0,26,3.46667361e-09,3.46667361e-09
3017,43,4910069,0,5769,0,18.446539,3.46667361e-09,3.46667361e-09
3018,42,4910069,0,5769,0,-15,3.46667361e-09,3.46667361e-09
3019,41,4910069,0,5769,0,-12,3.46667361e-09,3.46667361e-09
3020,40,4910069,0,5769,0,26,3.46667361e-09,3.46667361e-09
3021,43,4915838,0,5769,0,18.446539,3.46667361e-09,3.46667361e-09
3022,42,4915838,0,5769,0,-15,3.46667361e-09,3.46667361e-09
3023,41,4915838,0,5769,0,-13,3.46667361e-09,3.46667361e-09
3024,40,4915838,0,5769,0,26,3.46667361e-09,3.46667361e-09
3025,43,4921607,0,5769,0,18.446539,3.46667361e-09,3.46667361e-09
3026,42,4921607,0,5769,0,-15,3.46667361e-09,3.46667361e-09
3027,41,4921607,0,5769,0,-12,3.46667361e-09,3.46667361e-09
3028,40,4921607,0,5769,0,26,3.46667361e-09,3.46667361e-09
3029,43,4927376,0,5769,0,18.446539,3.46667361e-09,3.46667361e-09
3030,42,4927376,0,5769,0,-14,3.46667361e-09,3.46667361e-09
3031,41,4927376,0,5769,0,-12,3.46667361e-09,3.46667361e-09
3032,40,4927376,0,5769,0,26,3.46667361e-09,3.46667361e-09
3033,43,4933145,0,5769,0,18.446539,3.46667361e-09,3.46667361e-09
3034,42,4933145,0,5769,0,-15,3.46667361e-09,3.46667361e-09
3035,41,4933145,0,5769,0,-12,3.46667361e-09,3.46667361e-09
3036,40,4933145,0,5769,0,26,3.46667361e-09,3.46667361e-09
3037,43,4938914,0,5769,0,18.446539,3.46667361e-09,3.46667361e-09
3038,42,4938914,0,5769,0,-15,3.46667361e-09,3.46667361e-09
3039,41,4938914,0,5769,0,-13,3.46667361e-09,3.46667361e-09
3040,40,4938914,0,5769,0,26,3.46667361e-09,3.46667361e-09
3041,43,4944683,0,5769,0,18.446539,3.46667361e-09,3.46667361e-09
3042,42,4944683,0,5769,0,-14,3.46667361e-09,3.46667361e-09
3043,41,4944683,0,5769,0,-12,3.46667361e-09,3.46667361e-09
3044,40,4944683,0,5769,0,26,3.46667361e-09,3.46667361e-09
3045,43,4950452,0,5769,0,18.446539,3.46667361e-09,3.46667361e-09
3046,42,4950452,0,5769,0,-15,3.46667361e-09,3.46667361e-09
3047,41,4950452,0,5769,0,-12,3.46667361e-09,3.46667361e-09
3048,40,4950452,0,5769,0,26,3.46667361e-09,3.46667361e-09
3049,43,4956221,0,5769,0,18.446539,3.46667361e-09,3.46667361e-09
3050,42,4956221,0,5769,0,-14,3.46667361e-09,3.46667361e-09
3051,41,4956221,0,5769,0,-12,3.46667361e-09,3.46667361e-09
3052,40,4956221,0,5769,0,26,3.46667361e-09,3.46667361e-09
3053,43,4961990,0,5769,0,18.446539,3.46667361e-09,3.46667361e-09
3054,42,4961990,0,5769,0,-15,3.46667361e-09,3.46667361e-09
3055,41,4961990,0,5769,0,-12,3.46667361e-09,3.46667361e-09
3056,40,4961990,0,5769,0,26,3.46667361e-09,3.46667361e-09
3057,43,4967759,0,5769,0,18.446539,3.46667206e-09,3.46667206e-09
3058,42,4967759,0,5769,0,-14,3.46667206e-09,3.46667206e-09
3059,41,4967759,0,5769,0,-13,3.46667206e-09,3.46667206e-09
3060,40,4967759,0,5769,0,26,3.46667206e-09,3.46667206e-09
3061,43,4973528,0,5769,0,18.446539,3.46667028e-09,3.46667028e-09
3062,42,4973528,0,5769,0,-15,3.46667028e-09,3.46667028e-09
3063,41,4973528,0,5769,0,-12,3.46667028e-09,3.46667028e-09
3064,40,4973528,0,5769,0,25,3.46667028e-09,3.46667028e-09
3065,43,4979297,0,5769,0,18.446539,3.46667206e-09,3.46667206e-09
3066,42,4979297,0,5769,0,-15,3.46667206e-09,3.46667206e-09
3067,41,4979297,0,5769,0,-12,3.46667206e-09,3.46667206e-09
3068,40,4979297,0,5769,0,26,3.46667206e-09,3.46667206e-09
3069,43,4985066,0,5769,0,18.446537,3.46666762e-09,3.46666762e-09
3070,42,4985066,0,5769,0,-14,3.46666762e-09,3.46666762e-09
3071,41,4985066,0,5769,0,-12,3.46666762e-09,3.46666762e-09
3072,40,4985066,0,5769,0,26,3.46666762e-09,3.46666762e-09
3073,43,4990835,0,5769,0,18.446537,3.46666762e-09,3.46666762e-09
3074,42,4990835,0,5769,0,-15,3.46666762e-09,3.46666762e-09
3075,41,4990835,0,5769,0,-12,3.46666762e-09,3.46666762e-09
3076,40,4990835,0,5769,0,26,3.46666762e-09,3.46666762e-09
3077,43,4996604,0,5769,0,18.446537,3.46666762e-09,3.46666762e-09
3078,42,4996604,0,5769,0,-14,3.46666762e-09,3.46666762e-09
3079,41,4996604,0,5769,0,-12,3.46666762e-09,3.46666762e-09
3080,40,4996604,0,5769,0,26,3.46666762e-09,3.46666762e-09
3081,43,5002373,0,5769,0,18.446537,3.46666762e-09,3.46666762e-09
3082,42,5002373,0,5769,0,-14,3.46666762e-09,3.46666762e-09
3083,41,5002373,0,5769,0,-12,3.46666762e-09,3.46666762e-09
3084,40,5002373,0,5769,0,26,3.46666762e-09,3.46666762e-09
3085,43,5008142,0,5769,0,18.446537,3.46666762e-09,3.46666762e-09
3086,42,5008142,0,5769,0,-15,3.46666762e-09,3.46666762e-09
3087,41,5008142,0,5769,0,-12,3.46666762e-09,3.46666762e-09
3088,40,5008142,0,5769,0,26,3.46666762e-09,3.46666762e-09
3089,43,5013911,0,5769,0,18.446537,3.46666762e-09,3.46666762e-09
3090,42,5013911,0,5769,0,-14,3.46666762e-09,3.46666762e-09
3091,41,5013911,0,5769,0,-12,3.46666762e-09,3.46666762e-09
3092,40,5013911,0,5769,0,26,3.46666762e-09,3.46666762e-09
3093,43,5019680,0,5769,0,18.446537,3.46666895e-09,3.46666895e-09
3094,42,5019680,0,5769,0,-15,3.46666895e-09,3.46666895e-09
3095,41,5019680,0,5769,0,-12,3.46666895e-09,3.46666895e-09
3096,40,5019680,0,5769,0,26,3.46666895e-09,3.46666895e-09
3097,43,5025449,0,5769,0,18.446537,3.46666762e-09,3.46666762e-09
3098,42,5025449,0,5769,0,-14,3.46666762e-09,3.46666762e-09
3099,41,5025449,0,5769,0,-12,3.46666762e-09,3.46666762e-09
3100,40,5025449,0,5769,0,26,3.46666762e-09,3.46666762e-09
3101,43,5031218,0,5769,0,18.446539,3.46666873e-09,3.46666873e-09
3102,42,5031218,0,5769,0,-15,3.46666873e-09,3.46666873e-09
3103,41,5031218,0,5769,0,-12,3.46666873e-09,3.46666873e-09
3104,40,5031218,0,5769,0,26,3.46666873e-09,3.46666873e-09
3105,43,5036987,0,5769,0,18.446539,3.46666873e-09,3.46666873e-09
3106,42,5036987,0,5769,0,-14,3.46666873e-09,3.46666873e-09
3107,41,5036987,0,5769,0,-12,3.46666873e-09,3.46666873e-09
3108,40,5036987,0,5769,0,26,3.46666873e-09,3.46666873e-09
3109,43,5042756,0,5769,0,18.446539,3.46666873e-09,3.46666873e-09
3110,42,5042756,0,5769,0,-14,3.46666873e-09,3.46666873e-09
3111,41,5042756,0,5769,0,-12,3.46666873e-09,3.46666873e-09
3112,40,5042756,0,5769,0,26,3.46666873e-09,3.46666873e-09
3113,43,5048525,0,5769,0,18.446539,3.46666740e-09,3.46666740e-09
3114,42,5048525,0,5769,0,-15,3.46666740e-09,3.46666740e-09
3115,41,5048525,0,5769,0,-12,3.46666740e-09,3.46666740e-09
3116,40,5048525,0,5769,0,26,3.46666740e-09,3.46666740e-09
3117,43,5054294,0,5769,0,18.446539,3.46666873e-09,3.46666873e-09
3118,42,5054294,0,5769,0,-14,3.46666873e-09,3.46666873e-09
3119,41,5054294,0,5769,0,-12,3.46666873e-09,3.46666873e-09
3120,40,5054294,0,5769,0,26,3.46666873e-09,3.46666873e-09
3121,43,5060063,0,5769,0,18.446539,3.46666873e-09,3.46666873e-09
3122,42,5060063,0,5769,0,-14,3.46666873e-09,3.46666873e-09
3123,41,5060063,0,5769,0,-12,3.46666873e-09,3.46666873e-09
3124,40,5060063,0,5769,0,26,3.46666873e-09,3.46666873e-09
3125,43,5065832,0,5769,0,18.446537,3.46666762e-09,3.46666762e-09
3126,42,5065832,0,5769,0,-14,3.46666762e-09,3.46666762e-09
3127,41,5065832,0,5769,0,-12,3.46666762e-09,3.46666762e-09
3128,40,5065832,0,5769,0,26,3.46666762e-09,3.46666762e-09
3129,43,5071601,0,5769,0,18.446539,3.46666984e-09,3.46666984e-09
3130,42,5071601,0,5769,0,-15,3.46666984e-09,3.46666984e-09
3131,41,5071601,0,5769,0,-12,3.46666984e-09,3.46666984e-09
3132,40,5071601,0,5769,0,26,3.46666984e-09,3.46666984e-09
3133,43,5077370,0,5769,0,18.446537,3.46666762e-09,3.46666762e-09
3134,42,5077370,0,5769,0,-14,3.46666762e-09,3.46666762e-09
3135,41,5077370,0,5769,0,-12,3.46666762e-09,3.46666762e-09
3136,40,5077370,0,5769,0,26,3.46666762e-09,3.46666762e-09
3137,43,5083139,0,5769,0,18.446537,3.46666762e-09,3.46666762e-09
3138,42,5083139,0,5769,0,-14,3.46666762e-09,3.46666762e-09
3139,41,5083139,0,5769,0,-12,3.46666762e-09,3.46666762e-09
3140,40,5083139,0,5769,0,26,3.46666762e-09,3.46666762e-09
3141,43,5088908,0,5769,0,18.446537,3.46666762e-09,3.46666762e-09
3142,42,5088908,0,5769,0,-14,3.46666762e-09,3.46666762e-09
3143,41,5088908,0,5769,0,-11,3.46666762e-09,3.46666762e-09
3144,40,5088908,0,5769,0,26,3.46666762e-09,3.46666762e-09
3145,43,5094677,0,5769,0,18.446537,3.46666895e-09,3.46666895e-09
3146,42,5094677,0,5769,0,-15,3.46666895e-09,3.46666895e-09
3147,41,5094677,0,5769,0,-12,3.46666895e-09,3.46666895e-09
3148,40,5094677,0,5769,0,26,3.46666895e-09,3.46666895e-09
3149,43,5100446,0,5769,0,18.446537,3.46666762e-09,3.46666762e-09
3150,42,5100446,0,5769,0,-14,3.46666762e-09,3.46666762e-09
3151,41,5100446,0,5769,0,-12,3.46666762e-09,3.46666762e-09
3152,40,5100446,0,5769,0,26,3.46666762e-09,3.46666762e-09
3153,43,5106215,0,5769,0,18.446537,3.46666895e-09,3.46666895e-09
3154,42,5106215,0,5769,0,-14,3.46666895e-09,3.46666895e-09
3155,41,5106215,0,5769,0,-12,3.46666895e-09,3.46666895e-09
3156,40,5106215,0,5769,0,26,3.46666895e-09,3.46666895e-09
3157,43,5111984,0,5769,0,18.446539,3.46667361e-09,3.46667361e-09
3158,42,5111984,0,5769,0,-14,3.46667361e-09,3.46667361e-09
3159,41,5111984,0,5769,0,-12,3.46667361e-09,3.46667361e-09
3160,40,5111984,0,5769,0,26,3.46667361e-09,3.46667361e-09
3161,43,5117753,0,5769,0,18.446539,3.46667361e-09,3.46667361e-09
3162,42,5117753,0,5769,0,-14,3.46667361e-09,3.46667361e-09
3163,41,5117753,0,5769,0,-11,3.46667361e-09,3.46667361e-09
3164,40,5117753,0,5769,0,26,3.46667361e-09,3.46667361e-09
3165,43,5123522,0,5769,0,18.446539,3.46667361e-09,3.46667361e-09
3166,42,5123522,0,5769,0,-14,3.46667361e-09,3.46667361e-09
3167,41,5123522,0,5769,0,-12,3.46667361e-09,3.46667361e-09
3168,40,5123522,0,5769,0,26,3.46667361e-09,3.46667361e-09
3169,43,5129291,0,5769,0,18.446539,3.46667361e-09,3.46667361e-09
3170,42,5129291,0,5769,0,-14,3.46667361e-09,3.46667361e-09
3171,41,5129291,0,5769,0,-12,3.46667361e-09,3.46667361e-09
3172,40,5129291,0,5769,0,26,3.46667361e-09,3.46667361e-09
3173,43,5135060,0,5769,0,18.446539,3.46667361e-09,3.46667361e-09
3174,42,5135060,0,5769,0,-15,3.46667361e-09,3.46667361e-09
3175,41,5135060,0,5769,0,-12,3.46667361e-09,3.46667361e-09
3176,40,5135060,0,5769,0,26,3.46667361e-09,3.46667361e-09
3177,43,5140829,0,5769,0,18.446539,3.46667361e-09,3.46667361e-09
3178,42,5140829,0,5769,0,-14,3.46667361e-09,3.46667361e-09
3179,41,5140829,0,5769,0,-11,3.46667361e-09,3.46667361e-09
3180,40,5140829,0,5769,0,26,3.46667361e-09,3.46667361e-09
3181,43,5146598,0,5769,0,18.446539,3.46667361e-09,3.46667361e-09
3182,42,5146598,0,5769,0,-14,3.46667361e-09,3.46667361e-09
3183,41,5146598,0,5769,0,-12,3.46667361e-09,3.46667361e-09
3184,40,5146598,0,5769,0,26,3.46667361e-09,3.46667361e-09
3185,43,5152367,0,5769,0,18.446539,3.46667361e-09,3.46667361e-09
3186,42,5152367,0,5769,0,-14,3.46667361e-09,3.46667361e-09
3187,41,5152367,0,5769,0,-12,3.46667361e-09,3.46667361e-09
3188,40,5152367,0,5769,0,26,3.46667361e-09,3.46667361e-09
3189,43,5158136,0,5769,0,18.446539,3.46667361e-09,3.46667361e-09
3190,42,5158136,0,5769,0,-14,3.46667361e-09,3.46667361e-09
3191,41,5158136,0,5769,0,-11,3.46667361e-09,3.46667361e-09
3192,40,5158136,0,5769,0,26,3.46667361e-09,3.46667361e-09
3193,43,5163905,0,5769,0,18.446539,3.46667361e-09,3.46667361e-09
3194,42,5163905,0,5769,0,-14,3.46667361e-09,3.46667361e-09
3195,41,5163905,0,5769,0,-12,3.46667361e-09,3.46667361e-09
3196,40,5163905,0,5769,0,26,3.46667361e-09,3.46667361e-09
3197,43,5169674,0,5769,0,18.446539,3.46667361e-09,3.46667361e-09
3198,42,5169674,0,5769,0,-14,3.46667361e-09,3.46667361e-09
3199,41,5169674,0,5769,0,-12,3.46667361e-09,3.46667361e-09
3200,40,5169674,0,5769,0,26,3.46667361e-09,3.46667361e-09
3201,43,5175443,0,5769,0,18.446539,3.46667361e-09,3.46667361e-09
3202,42,5175443,0,5769,0,-14,3.46667361e-09,3.46667361e-09
3203,41,5175443,0,5769,0,-11,3.46667361e-09,3.46667361e-09
3204,40,5175443,0,5769,0,26,3.46667361e-09,3.46667361e-09
3205,43,5181212,0,5769,0,18.446539,3.46667361e-09,3.46667361e-09
3206,42,5181212,0,5769,0,-14,3.46667361e-09,3.46667361e-09
3207,41,5181212,0,5769,0,-12,3.46667361e-09,3.46667361e-09
3208,40,5181212,0,5769,0,26,3.46667361e-09,3.46667361e-09
3209,43,5186981,0,5769,0,18.446539,3.46667361e-09,3.46667361e-09
3210,42,5186981,0,5769,0,-14,3.46667361e-09,3.46667361e-09
3211,41,5186981,0,5769,0,-11,3.46667361e-09,3.46667361e-09
3212,40,5186981,0,5769,0,26,3.46667361e-09,3.46667361e-09
3213,43,5192750,0,5769,0,18.446539,3.46667361e-09,3.46667361e-09
3214,42,5192750,0,5769,0,-13,3.46667361e-09,3.46667361e-09
3215,41,5192750,0,5769,0,-12,3.46667361e-09,3.46667361e-09
3216,40,5192750,0,5769,0,26,3.46667361e-09,3.46667361e-09
3217,43,5198519,0,5769,0,18.446539,3.46667361e-09,3.46667361e-09
3218,42,5198519,0,5769,0,-14,3.46667361e-09,3.46667361e-09
3219,41,5198519,0,5769,0,-11,3.46667361e-09,3.46667361e-09
3220,40,5198519,0,5769,0,26,3.46667361e-09,3.46667361e-09
3221,43,5204288,0,5769,0,18.446539,3.46667361e-09,3.46667361e-09
3222,42,5204288,0,5769,0,-14,3.46667361e-09,3.46667361e-09
3223,41,5204288,0,5769,0,-12,3.46667361e-09,3.46667361e-09
3224,40,5204288,0,5769,0,26,3.46667361e-09,3.46667361e-09
3225,43,5210057,0,5769,0,18.446539,3.46667361e-09,3.46667361e-09
3226,42,5210057,0,5769,0,-14,3.46667361e-09,3.46667361e-09
3227,41,5210057,0,5769,0,-11,3.46667361e-09,3.46667361e-09
3228,40,5210057,0,5769,0,26,3.46667361e-09,3.46667361e-09
3229,43,5215826,0,5769,0,18.446539,3.46667361e-09,3.46667361e-09
3230,42,5215826,0,5769,0,-14,3.46667361e-09,3.46667361e-09
3231,41,5215826,0,5769,0,-12,3.46667361e-09,3.46667361e-09
3232,40,5215826,0,5769,0,26,3.46667361e-09,3.46667361e-09
3233,43,5221595,0,5769,0,18.446539,3.46667361e-09,3.46667361e-09
3234,42,5221595,0,5769,0,-14,3.46667361e-09,3.46667361e-09
3235,41,5221595,0,5769,0,-11,3.46667361e-09,3.46667361e-09
3236,40,5221595,0,5769,0,26,3.46667361e-09,3.46667361e-09
3237,43,5227364,0,5769,0,18.446539,3.46667361e-09,3.46667361e-09
3238,42,5227364,0,5769,0,-14,3.46667361e-09,3.46667361e-09
3239,41,5227364,0,5769,0,-12,3.46667361e-09,3.46667361e-09
3240,40,5227364,0,5769,0,26,3.46667361e-09,3.46667361e-09
3241,43,5233133,0,5769,0,18.446539,3.46667361e-09,3.46667361e-09
3242,42,5233133,0,5769,0,-13,3.46667361e-09,3.46667361e-09
3243,41,5233133,0,5769,0,-11,3.46667361e-09,3.46667361e-09
3244,40,5233133,0,5769,0,26,3.46667361e-09,3.46667361e-09
3245,43,5238902,0,5769,0,18.446539,3.46667361e-09,3.46667361e-09
3246,42,5238902,0,5769,0,-14,3.46667361e-09,3.46667361e-09
3247,41,5238902,0,5769,0,-12,3.46667361e-09,3.46667361e-09
3248,40,5238902,0,5769,0,26,3.46667361e-09,3.46667361e-09
3249,43,5244671,0,5769,0,18.446539,3.46667361e-09,3.46667361e-09
3250,42,5244671,0,5769,0,-14,3.46667361e-09,3.46667361e-09
3251,41,5244671,0,5769,0,-11,3.46667361e-09,3.46667361e-09
3252,40,5244671,0,5769,0,26,3.46667361e-09,3.46667361e-09
3253,43,5250440,0,5769,0,18.446539,3.46667361e-09,3.46667361e-09
3254,42,5250440,0,5769,0,-14,3.46667361e-09,3.46667361e-09
3255,41,5250440,0,5769,0,-12,3.46667361e-09,3.46667361e-09
3256,40,5250440,0,5769,0,26,3.46667361e-09,3.46667361e-09
3257,43,5256209,0,5769,0,18.446539,3.46667361e-09,3.46667361e-09
3258,42,5256209,0,5769,0,-13,3.46667361e-09,3.46667361e-09
3259,41,5256209,0,5769,0,-11,3.46667361e-09,3.46667361e-09
3260,40,5256209,0,5769,0,26,3.46667361e-09,3.46667361e-09
3261,43,5261978,0,5769,0,18.446539,3.46667361e-09,3.46667361e-09
3262,42,5261978,0,5769,0,-14,3.46667361e-09,3.46667361e-09
3263,41,5261978,0,5769,0,-11,3.46667361e-09,3.46667361e-09
3264,40,5261978,0,5769,0,26,3.46667361e-09,3.46667361e-09
3265,43,5267747,0,5769,0,18.446539,3.46667273e-09,3.46667273e-09
3266,42,5267747,0,5769,0,-14,3.46667273e-09,3.46667273e-09
3267,41,5267747,0,5769,0,-12,3.46667273e-09,3.46667273e-09
3268,40,5267747,0,5769,0,26,3.46667273e-09,3.46667273e-09
3269,43,5273516,0,5769,0,18.446539,3.46666984e-09,3.46666984e-09
3270,42,5273516,0,5769,0,-14,3.46666984e-09,3.46666984e-09
3271,41,5273516,0,5769,0,-11,3.46666984e-09,3.46666984e-09
3272,40,5273516,0,5769,0,26,3.46666984e-09,3.46666984e-09
3273,43,5279285,0,5769,0,18.446539,3.46666984e-09,3.46666984e-09
3274,42,5279285,0,5769,0,-13,3.46666984e-09,3.46666984e-09
3275,41,5279285,0,5769,0,-11,3.46666984e-09,3.46666984e-09
3276,40,5279285,0,5769,0,26,3.46666984e-09,3.46666984e-09
3277,43,5285054,0,5769,0,18.446539,3.46665918e-09,3.46665918e-09
3278,42,5285054,0,5769,0,-14,3.46665918e-09,3.46665918e-09
3279,41,5285054,0,5769,0,-12,3.46665918e-09,3.46665918e-09
3280,40,5285054,0,5769,0,26,3.46665918e-09,3.46665918e-09
3281,43,5290823,0,5769,0,18.446539,3.46667361e-09,3.46667361e-09
3282,42,5290823,0,5769,0,-13,3.46667361e-09,3.46667361e-09
3283,41,5290823,0,5769,0,-11,3.46667361e-09,3.46667361e-09
3284,40,5290823,0,5769,0,26,3.46667361e-09,3.46667361e-09
3285,43,5296592,0,5769,0,18.446539,3.46667361e-09,3.46667361e-09
3286,42,5296592,0,5769,0,-14,3.46667361e-09,3.46667361e-09
3287,41,5296592,0,5769,0,-11,3.46667361e-09,3.46667361e-09
3288,40,5296592,0,5769,0,26,3.46667361e-09,3.46667361e-09
3289,43,5302361,0,5769,0,18.446539,3.46667361e-09,3.46667361e-09
3290,42,5302361,0,5769,0,-14,3.46667361e-09,3.46667361e-09
3291,41,5302361,0,5769,0,-11,3.46667361e-09,3.46667361e-09
3292,40,5302361,0,5769,0,26,3.46667361e-09,3.46667361e-09
3293,43,5308130,0,5769,0,18.446539,3.46667361e-09,3.46667361e-09
3294,42,5308130,0,5769,0,-13,3.46667361e-09,3.46667361e-09
3295,41,5308130,0,5769,0,-12,3.46667361e-09,3.46667361e-09
3296,40,5308130,0,5769,0,26,3.46667361e-09,3.46667361e-09
3297,43,5313899,0,5769,0,18.446539,3.46667361e-09,3.46667361e-09
3298,42,5313899,0,5769,0,-14,3.46667361e-09,3.46667361e-09
3299,41,5313899,0,5769,0,-11,3.46667361e-09,3.46667361e-09
3300,40,5313899,0,5769,0,26,3.46667361e-09,3.46667361e-09
3301,43,5319668,0,5769,0,18.446539,3.46667361e-09,3.46667361e-09
3302,42,5319668,0,5769,0,-13,3.46667361e-09,3.46667361e-09
3303,41,5319668,0,5769,0,-11,3.46667361e-09,3.46667361e-09
3304,40,5319668,0,5769,0,26,3.46667361e-09,3.46667361e-09
3305,43,5325437,0,5769,0,18.446539,3.46667361e-09,3.46667361e-09
3306,42,5325437,0,5769,0,-14,3.46667361e-09,3.46667361e-09
3307,41,5325437,0,5769,0,-11,3.46667361e-09,3.46667361e-09
3308,40,5325437,0,5769,0,26,3.46667361e-09,3.46667361e-09
3309,43,5331206,0,5769,0,18.446539,3.46667361e-09,3.46667361e-09
3310,42,5331206,0,5769,0,-13,3.46667361e-09,3.46667361e-09
3311,41,5331206,0,5769,0,-11,3.46667361e-09,3.46667361e-09
3312,40,5331206,0,5769,0,26,3.46667361e-09,3.46667361e-09
3313,43,5336975,0,5769,0,18.446539,3.46667361e-09,3.46667361e-09
3314,42,5336975,0,5769,0,-14,3.46667361e-09,3.46667361e-09
3315,41,5336975,0,5769,0,-12,3.46667361e-09,3.46667361e-09
3316,40,5336975,0,5769,0,26,3.46667361e-09,3.46667361e-09
3317,43,5342744,0,5769,0,18.446539,3.46667361e-09,3.46667361e-09
3318,42,5342744,0,5769,0,-13,3.46667361e-09,3.46667361e-09
3319,41,5342744,0,5769,0,-11,3.46667361e-09,3.46667361e-09
3320,40,5342744,0,5769,0,26,3.46667361e-09,3.46667361e-09
3321,43,5348513,0,5769,0,18.446539,3.46667361e-09,3.46667361e-09
3322,42,5348513,0,5769,0,-14,3.46667361e-09,3.46667361e-09
3323,41,5348513,0,5769,0,-11,3.46667361e-09,3.46667361e-09
3324,40,5348513,0,5769,0,26,3.46667361e-09,3.46667361e-09
3325,43,5354282,0,5769,0,18.446539,3.46667361e-09,3.46667361e-09
3326,42,5354282,0,5769,0,-13,3.46667361e-09,3.46667361e-09
3327,41,5354282,0,5769,0,-11,3.46667361e-09,3.46667361e-09
3328,40,5354282,0,5769,0,26,3.46667361e-09,3.46667361e-09
3329,43,5360051,0,5769,0,18.446539,3.46667361e-09,3.46667361e-09
3330,42,5360051,0,5769,0,-14,3.46667361e-09,3.46667361e-09
3331,41,5360051,0,5769,0,-11,3.46667361e-09,3.46667361e-09
3332,40,5360051,0,5769,0,25,3.46667361e-09,3.46667361e-09
3333,43,5365820,0,5769,0,18.446539,3.46667361e-09,3.46667361e-09
3334,42,5365820,0,5769,0,-13,3.46667361e-09,3.46667361e-09
3335,41,5365820,0,5769,0,-11,3.46667361e-09,3.46667361e-09
3336,40,5365820,0,5769,0,26,3.46667361e-09,3.46667361e-09
3337,43,5371589,0,5769,0,18.446539,3.46667361e-09,3.46667361e-09
3338,42,5371589,0,5769,0,-13,3.46667361e-09,3.46667361e-09
3339,41,5371589,0,5769,0,-11,3.46667361e-09,3.46667361e-09
3340,40,5371589,0,5769,0,26,3.46667361e-09,3.46667361e-09
3341,43,5377358,0,5769,0,18.446539,3.46667361e-09,3.46667361e-09
3342,42,5377358,0,5769,0,-14,3.46667361e-09,3.46667361e-09
3343,41,5377358,0,5769,0,-11,3.46667361e-09,3.46667361e-09
3344,40,5377358,0,5769,0,26,3.46667361e-09,3.46667361e-09
3345,43,5383127,0,5769,0,18.446539,3.46667361e-09,3.46667361e-09
3346,42,5383127,0,5769,0,-13,3.46667361e-09,3.46667361e-09
3347,41,5383127,0,5769,0,-11,3.46667361e-09,3.46667361e-09
3348,40,5383127,0,5769,0,26,3.46667361e-09,3.46667361e-09
3349,43,5388896,0,5769,0,18.446539,3.46667361e-09,3.46667361e-09
3350,42,5388896,0,5769,0,-14,3.46667361e-09,3.46667361e-09
3351,41,5388896,0,5769,0,-11,3.46667361e-09,3.46667361e-09
3352,40,5388896,0,5769,0,26,3.46667361e-09,3.46667361e-09
3353,43,5394665,0,5769,0,18.446539,3.46667361e-09,3.46667361e-09
3354,42,5394665,0,5769,0,-13,3.46667361e-09,3.46667361e-09
3355,41,5394665,0,5769,0,-11,3.46667361e-09,3.46667361e-09
3356,40,5394665,0,5769,0,26,3.46667361e-09,3.46667361e-09
3357,43,5400434,0,5769,0,18.446539,3.46667361e-09,3.46667361e-09
3358,42,5400434,0,5769,0,-13,3.46667361e-09,3.46667361e-09
3359,41,5400434,0,5769,0,-11,3.46667361e-09,3.46667361e-09
3360,40,5400434,0,5769,0,26,3.46667361e-09,3.46667361e-09
3361,43,5406203,0,5769,0,18.446539,3.46667361e-09,3.46667361e-09
3362,42,5406203,0,5769,0,-13,3.46667361e-09,3.46667361e-09
3363,41,5406203,0,5769,0,-11,3.46667361e-09,3.46667361e-09
3364,40,5406203,0,5769,0,26,3.46667361e-09,3.46667361e-09
3365,43,5411972,0,5769,0,18.446539,3.46667361e-09,3.46667361e-09
3366,42,5411972,0,5769,0,-14,3.46667361e-09,3.46667361e-09
3367,41,5411972,0,5769,0,-11,3.46667361e-09,3.46667361e-09
3368,40,5411972,0,5769,0,26,3.46667361e-09,3.46667361e-09
3369,43,5417741,0,5769,0,18.446539,3.46667361e-09,3.46667361e-09
3370,42,5417741,0,5769,0,-13,3.46667361e-09,3.46667361e-09
3371,41,5417741,0,5769,0,-11,3.46667361e-09,3.46667361e-09
3372,40,5417741,0,5769,0,26,3.46667361e-09,3.46667361e-09
3373,43,5423510,0,5769,0,18.446539,3.46667361e-09,3.46667361e-09
3374,42,5423510,0,5769,0,-13,3.46667361e-09,3.46667361e-09
3375,41,5423510,0,5769,0,-11,3.46667361e-09,3.46667361e-09
3376,40,5423510,0,5769,0,26,3.46667361e-09,3.46667361e-09
3377,43,5429279,0,5769,0,18.446539,3.46667361e-09,3.46667361e-09
3378,42,5429279,0,5769,0,-13,3.46667361e-09,3.46667361e-09
3379,41,5429279,0,5769,0,-11,3.46667361e-09,3.46667361e-09
3380,40,5429279,0,5769,0,26,3.46667361e-09,3.46667361e-09
3381,43,5435048,0,5769,0,18.446539,3.46667361e-09,3.46667361e-09
3382,42,5435048,0,5769,0,-14,3.46667361e-09,3.46667361e-09
3383,41,5435048,0,5769,0,-11,3.46667361e-09,3.46667361e-09
3384,40,5435048,0,5769,0,26,3.46667361e-09,3.46667361e-09
3385,43,5440817,0,5769,0,18.446539,3.46667361e-09,3.46667361e-09
3386,42,5440817,0,5769,0,-13,3.46667361e-09,3.46667361e-09
3387,41,5440817,0,5769,0,-11,3.46667361e-09,3.46667361e-09
3388,40,5440817,0,5769,0,26,3.46667361e-09,3.46667361e-09
3389,43,5446586,0,5769,0,18.446539,3.46667361e-09,3.46667361e-09
3390,42,5446586,0,5769,0,-13,3.46667361e-09,3.46667361e-09
3391,41,5446586,0,5769,0,-11,3.46667361e-09,3.46667361e-09
3392,40,5446586,0,5769,0,26,3.46667361e-09,3.46667361e-09
3393,43,5452355,0,5769,0,18.446539,3.46667361e-09,3.46667361e-09
3394,42,5452355,0,5769,0,-13,3.46667361e-09,3.46667361e-09
3395,41,5452355,0,5769,0,-10,3.46667361e-09,3.46667361e-09
3396,40,5452355,0,5769,0,26,3.46667361e-09,3.46667361e-09
3397,43,5458124,0,5769,0,18.446539,3.46667361e-09,3.46667361e-09
3398,42,5458124,0,5769,0,-13,3.46667361e-09,3.46667361e-09
3399,41,5458124,0,5769,0,-11,3.46667361e-09,3.46667361e-09
3400,40,5458124,0,5769,0,26,3.46667361e-09,3.46667361e-09
3401,43,5463893,0,5769,0,18.446539,3.46667361e-09,3.46667361e-09
3402,42,5463893,0,5769,0,-13,3.46667361e-09,3.46667361e-09
3403,41,5463893,0,5769,0,-11,3.46667361e-09,3.46667361e-09
3404,40,5463893,0,5769,0,26,3.46667361e-09,3.46667361e-09
3405,43,5469662,0,5769,0,18.446539,3.46667361e-09,3.46667361e-09
3406,42,5469662,0,5769,0,-13,3.46667361e-09,3.46667361e-09
3407,41,5469662,0,5769,0,-11,3.46667361e-09,3.46667361e-09
3408,40,5469662,0,5769,0,26,3.46667361e-09,3.46667361e-09
3409,43,5475431,0,5769,0,18.446539,3.46667361e-09,3.46667361e-09
3410,42,5475431,0,5769,0,-13,3.46667361e-09,3.46667361e-09
3411,41,5475431,0,5769,0,-11,3.46667361e-09,3.46667361e-09
3412,40,5475431,0,5769,0,26,3.46667361e-09,3.46667361e-09
3413,43,5481200,0,5769,0,18.446539,3.46667361e-09,3.46667361e-09
3414,42,5481200,0,5769,0,-13,3.46667361e-09,3.46667361e-09
3415,41,5481200,0,5769,0,-10,3.46667361e-09,3.46667361e-09
3416,40,5481200,0,5769,0,26,3.46667361e-09,3.46667361e-09
3417,43,5486969,0,5769,0,18.446539,3.46667361e-09,3.46667361e-09
3418,42,5486969,0,5769,0,-13,3.46667361e-09,3.46667361e-09
3419,41,5486969,0,5769,0,-11,3.46667361e-09,3.46667361e-09
3420,40,5486969,0,5769,0,26,3.46667361e-09,3.46667361e-09
3421,43,5492738,0,5769,0,18.446539,3.46667361e-09,3.46667361e-09
3422,42,5492738,0,5769,0,-13,3.46667361e-09,3.46667361e-09
3423,41,5492738,0,5769,0,-11,3.46667361e-09,3.46667361e-09
3424,40,5492738,0,5769,0,26,3.46667361e-09,3.46667361e-09
3425,43,5498507,0,5769,0,18.446539,3.46667361e-09,3.46667361e-09
3426,42,5498507,0,5769,0,-13,3.46667361e-09,3.46667361e-09
3427,41,5498507,0,5769,0,-11,3.46667361e-09,3.46667361e-09
3428,40,5498507,0,5769,0,26,3.46667361e-09,3.46667361e-09
3429,43,5504276,0,5769,0,18.446539,3.46667361e-09,3.46667361e-09
3430,42,5504276,0,5769,0,-13,3.46667361e-09,3.46667361e-09
3431,41,5504276,0,5769,0,-10,3.46667361e-09,3.46667361e-09
3432,40,5504276,0,5769,0,26,3.46667361e-09,3.46667361e-09
3433,43,5510045,0,5769,0,18.446539,3.46667361e-09,3.46667361e-09
3434,42,5510045,0,5769,0,-13,3.46667361e-09,3.46667361e-09
3435,41,5510045,0,5769,0,-11,3.46667361e-09,3.46667361e-09
3436,40,5510045,0,5769,0,26,3.46667361e-09,3.46667361e-09
3437,43,5515814,0,5769,0,18.446539,3.46667273e-09,3.46667273e-09
3438,42,5515814,0,5769,0,-13,3.46667273e-09,3.46667273e-09
3439,41,5515814,0,5769,0,-11,3.46667273e-09,3.46667273e-09
3440,40,5515814,0,5769,0,26,3.46667273e-09,3.46667273e-09
3441,43,5521583,0,5769,0,18.446539,3.46667206e-09,3.46667206e-09
3442,42,5521583,0,5769,0,-13,3.46667206e-09,3.46667206e-09
3443,41,5521583,0,5769,0,-10,3.46667206e-09,3.46667206e-09
3444,40,5521583,0,5769,0,26,3.46667206e-09,3.46667206e-09
3445,43,5527352,0,5769,0,18.446539,3.46665252e-09,3.46665252e-09
3446,42,5527352,0,5769,0,-13,3.46665252e-09,3.46665252e-09
3447,41,5527352,0,5769,0,-11,3.46665252e-09,3.46665252e-09
3448,40,5527352,0,5769,0,26,3.46665252e-09,3.46665252e-09
3449,43,5533121,0,5769,0,18.446539,3.46665252e-09,3.46665252e-09
3450,42,5533121,0,5769,0,-13,3.46665252e-09,3.46665252e-09
3451,41,5533121,0,5769,0,-10,3.46665252e-09,3.46665252e-09
3452,40,5533121,0,5769,0,26,3.46665252e-09,3.46665252e-09
3453,43,5538890,0,5769,0,18.446539,3.46665252e-09,3.46665252e-09
3454,42,5538890,0,5769,0,-13,3.46665252e-09,3.46665252e-09
3455,41,5538890,0,5769,0,-11,3.46665252e-09,3.46665252e-09
3456,40,5538890,0,5769,0,26,3.46665252e-09,3.46665252e-09
3457,43,5544659,0,5769,0,18.446539,3.46665252e-09,3.46665252e-09
3458,42,5544659,0,5769,0,-13,3.46665252e-09,3.46665252e-09
3459,41,5544659,0,5769,0,-11,3.46665252e-09,3.46665252e-09
3460,40,5544659,0,5769,0,26,3.46665252e-09,3.46665252e-09
3461,43,5550428,0,5769,0,18.446539,3.46665252e-09,3.46665252e-09
3462,42,5550428,0,5769,0,-13,3.46665252e-09,3.46665252e-09
3463,41,5550428,0,5769,0,-10,3.46665252e-09,3.46665252e-09
3464,40,5550428,0,5769,0,26,3.46665252e-09,3.46665252e-09
3465,43,5556197,0,5769,0,18.446539,3.46665252e-09,3.46665252e-09
3466,42,5556197,0,5769,0,-12,3.46665252e-09,3.46665252e-09
3467,41,5556197,0,5769,0,-11,3.46665252e-09,3.46665252e-09
3468,40,5556197,0,5769,0,26,3.46665252e-09,3.46665252e-09
3469,43,5561966,0,5769,0,18.446539,3.46665252e-09,3.46665252e-09
3470,42,5561966,0,5769,0,-13,3.46665252e-09,3.46665252e-09
3471,41,5561966,0,5769,0,-10,3.46665252e-09,3.46665252e-09
3472,40,5561966,0,5769,0,26,3.46665252e-09,3.46665252e-09
3473,43,5567735,0,5769,0,18.446539,3.46665252e-09,3.46665252e-09
3474,42,5567735,0,5769,0,-13,3.46665252e-09,3.46665252e-09
3475,41,5567735,0,5769,0,-11,3.46665252e-09,3.46665252e-09
3476,40,5567735,0,5769,0,26,3.46665252e-09,3.46665252e-09
3477,43,5573504,0,5769,0,18.446539,3.46665541e-09,3.46665541e-09
3478,42,5573504,0,5769,0,-13,3.46665541e-09,3.46665541e-09
3479,41,5573504,0,5769,0,-10,3.46665541e-09,3.46665541e-09
3480,40,5573504,0,5769,0,26,3.46665541e-09,3.46665541e-09
3481,43,5579273,0,5769,0,18.446539,3.46665541e-09,3.46665541e-09
3482,42,5579273,0,5769,0,-13,3.46665541e-09,3.46665541e-09
3483,41,5579273,0,5769,0,-11,3.46665541e-09,3.46665541e-09
3484,40,5579273,0,5769,0,26,3.46665541e-09,3.46665541e-09
3485,43,5585042,0,5769,0,18.446539,3.46665541e-09,3.46665541e-09
3486,42,5585042,0,5769,0,-12,3.46665541e-09,3.46665541e-09
3487,41,5585042,0,5769,0,-10,3.46665541e-09,3.46665541e-09
3488,40,5585042,0,5769,0,26,3.46665541e-09,3.46665541e-09
3489,43,5590811,0,5769,0,18.446537,3.46668982e-09,3.46668982e-09
3490,42,5590811,0,5769,0,-13,3.46668982e-09,3.46668982e-09
3491,41,5590811,0,5769,0,-11,3.46668982e-09,3.46668982e-09
3492,40,5590811,0,5769,0,26,3.46668982e-09,3.46668982e-09
3493,43,5596580,0,5769,0,18.446539,3.46665407e-09,3.46665407e-09
3494,42,5596580,0,5769,0,-13,3.46665407e-09,3.46665407e-09
3495,41,5596580,0,5769,0,-10,3.46665407e-09,3.46665407e-09
3496,40,5596580,0,5769,0,26,3.46665407e-09,3.46665407e-09
3497,43,5602349,0,5769,0,18.446539,3.46665407e-09,3.46665407e-09
3498,42,5602349,0,5769,0,-12,3.46665407e-09,3.46665407e-09
3499,41,5602349,0,5769,0,-11,3.46665407e-09,3.46665407e-09
3500,40,5602349,0,5769,0,26,3.46665407e-09,3.46665407e-09
3501,43,5608118,0,5769,0,18.446537,3.46668982e-09,3.46668982e-09
3502,42,5608118,0,5769,0,-13,3.46668982e-09,3.46668982e-09
3503,41,5608118,0,5769,0,-10,3.46668982e-09,3.46668982e-09
3504,40,5608118,0,5769,0,26,3.46668982e-09,3.46668982e-09
3505,43,5613887,0,5769,0,18.446537,3.46668982e-09,3.46668982e-09
3506,42,5613887,0,5769,0,-13,3.46668982e-09,3.46668982e-09
3507,41,5613887,0,5769,0,-10,3.46668982e-09,3.46668982e-09
3508,40,5613887,0,5769,0,26,3.46668982e-09,3.46668982e-09
3509,43,5619656,0,5769,0,18.446539,3.46665407e-09,3.46665407e-09
3510,42,5619656,0,5769,0,-12,3.46665407e-09,3.46665407e-09
3511,41,5619656,0,5769,0,-11,3.46665407e-09,3.46665407e-09
3512,40,5619656,0,5769,0,26,3.46665407e-09,3.46665407e-09
3513,43,5625425,0,5769,0,18.446539,3.46665407e-09,3.46665407e-09
3514,42,5625425,0,5769,0,-13,3.46665407e-09,3.46665407e-09
3515,41,5625425,0,5769,0,-10,3.46665407e-09,3.46665407e-09
3516,40,5625425,0,5769,0,26,3.46665407e-09,3.46665407e-09
3517,43,5631194,0,5769,0,18.446537,3.46668982e-09,3.46668982e-09
3518,42,5631194,0,5769,0,-12,3.46668982e-09,3.46668982e-09
3519,41,5631194,0,5769,0,-10,3.46668982e-09,3.46668982e-09
3520,40,5631194,0,5769,0,26,3.46668982e-09,3.46668982e-09
3521,43,5636963,0,5769,0,18.446537,3.46668982e-09,3.46668982e-09
3522,42,5636963,0,5769,0,-13,3.46668982e-09,3.46668982e-09
3523,41,5636963,0,5769,0,-11,3.46668982e-09,3.46668982e-09
3524,40,5636963,0,5769,0,26,3.46668982e-09,3.46668982e-09
3525,43,5642732,0,5769,0,18.446539,3.46665407e-09,3.46665407e-09
3526,42,5642732,0,5769,0,-13,3.46665407e-09,3.46665407e-09
3527,41,5642732,0,5769,0,-10,3.46665407e-09,3.46665407e-09
3528,40,5642732,0,5769,0,26,3.46665407e-09,3.46665407e-09
3529,43,5648501,0,5769,0,18.446539,3.46665407e-09,3.46665407e-09
3530,42,5648501,0,5769,0,-12,3.46665407e-09,3.46665407e-09
3531,41,5648501,0,5769,0,-10,3.46665407e-09,3.46665407e-09
3532,40,5648501,0,5769,0,26,3.46665407e-09,3.46665407e-09
3533,43,5654270,0,5769,0,18.446537,3.46668982e-09,3.46668982e-09
3534,42,5654270,0,5769,0,-13,3.46668982e-09,3.46668982e-09
3535,41,5654270,0,5769,0,-11,3.46668982e-09,3.46668982e-09
3536,40,5654270,0,5769,0,26,3.46668982e-09,3.46668982e-09
3537,43,5660039,0,5769,0,18.446537,3.46668982e-09,3.46668982e-09
3538,42,5660039,0,5769,0,-12,3.46668982e-09,3.46668982e-09
3539,41,5660039,0,5769,0,-10,3.46668982e-09,3.46668982e-09
3540,40,5660039,0,5769,0,26,3.46668982e-09,3.46668982e-09
3541,43,5665808,0,5769,0,18.446539,3.46665407e-09,3.46665407e-09
3542,42,5665808,0,5769,0,-13,3.46665407e-09,3.46665407e-09
3543,41,5665808,0,5769,0,-10,3.46665407e-09,3.46665407e-09
3544,40,5665808,0,5769,0,26,3.46665407e-09,3.46665407e-09
3545,43,5671577,0,5769,0,18.446539,3.46665407e-09,3.46665407e-09
3546,42,5671577,0,5769,0,-12,3.46665407e-09,3.46665407e-09
3547,41,5671577,0,5769,0,-10,3.46665407e-09,3.46665407e-09
3548,40,5671577,0,5769,0,26,3.46665407e-09,3.46665407e-09
3549,43,5677346,0,5769,0,18.446537,3.46668982e-09,3.46668982e-09
3550,42,5677346,0,5769,0,-12,3.46668982e-09,3.46668982e-09
3551,41,5677346,0,5769,0,-10,3.46668982e-09,3.46668982e-09
3552,40,5677346,0,5769,0,26,3.46668982e-09,3.46668982e-09
3553,43,5683115,0,5769,0,18.446537,3.46668982e-09,3.46668982e-09
3554,42,5683115,0,5769,0,-13,3.46668982e-09,3.46668982e-09
3555,41,5683115,0,5769,0,-11,3.46668982e-09,3.46668982e-09
3556,40,5683115,0,5769,0,26,3.46668982e-09,3.46668982e-09
3557,43,5688884,0,5769,0,18.446539,3.46665407e-09,3.46665407e-09
3558,42,5688884,0,5769,0,-12,3.46665407e-09,3.46665407e-09
3559,41,5688884,0,5769,0,-10,3.46665407e-09,3.46665407e-09
3560,40,5688884,0,5769,0,26,3.46665407e-09,3.46665407e-09
3561,43,5694653,0,5769,0,18.446539,3.46665407e-09,3.46665407e-09
3562,42,5694653,0,5769,0,-13,3.46665407e-09,3.46665407e-09
3563,41,5694653,0,5769,0,-10,3.46665407e-09,3.46665407e-09
3564,40,5694653,0,5769,0,26,3.46665407e-09,3.46665407e-09
3565,43,5700422,0,5769,0,18.446537,3.46668982e-09,3.46668982e-09
3566,42,5700422,0,5769,0,-12,3.46668982e-09,3.46668982e-09
3567,41,5700422,0,5769,0,-10,3.46668982e-09,3.46668982e-09
3568,40,5700422,0,5769,0,26,3.46668982e-09,3.46668982e-09
3569,43,5706191,0,5769,0,18.446537,3.46668982e-09,3.46668982e-09
3570,42,5706191,0,5769,0,-12,3.46668982e-09,3.46668982e-09
3571,41,5706191,0,5769,0,-10,3.46668982e-09,3.46668982e-09
3572,40,5706191,0,5769,0,26,3.46668982e-09,3.46668982e-09
3573,43,5711960,0,5769,0,18.446539,3.46665407e-09,3.46665407e-09
3574,42,5711960,0,5769,0,-13,3.46665407e-09,3.46665407e-09
3575,41,5711960,0,5769,0,-10,3.46665407e-09,3.46665407e-09
3576,40,5711960,0,5769,0,26,3.46665407e-09,3.46665407e-09
3577,43,5717729,0,5769,0,18.446539,3.46665407e-09,3.46665407e-09
3578,42,5717729,0,5769,0,-12,3.46665407e-09,3.46665407e-09
3579,41,5717729,0,5769,0,-10,3.46665407e-09,3.46665407e-09
3580,40,5717729,0,5769,0,26,3.46665407e-09,3.46665407e-09
3581,43,5723498,0,5769,0,18.446537,3.46668982e-09,3.46668982e-09
3582,42,5723498,0,5769,0,-12,3.46668982e-09,3.46668982e-09
3583,41,5723498,0,5769,0,-10,3.46668982e-09,3.46668982e-09
3584,40,5723498,0,5769,0,26,3.46668982e-09,3.46668982e-09
3585,43,5729267,0,5769,0,18.446537,3.46668982e-09,3.46668982e-09
3586,42,5729267,0,5769,0,-12,3.46668982e-09,3.46668982e-09
3587,41,5729267,0,5769,0,-10,3.46668982e-09,3.46668982e-09
3588,40,5729267,0,5769,0,26,3.46668982e-09,3.46668982e-09
3589,43,5735036,0,5769,0,18.446539,3.46665407e-09,3.46665407e-09
3590,42,5735036,0,5769,0,-13,3.46665407e-09,3.46665407e-09
3591,41,5735036,0,5769,0,-10,3.46665407e-09,3.46665407e-09
3592,40,5735036,0,5769,0,26,3.46665407e-09,3.46665407e-09
3593,43,5740805,0,5769,0,18.446539,3.46665407e-09,3.46665407e-09
3594,42,5740805,0,5769,0,-12,3.46665407e-09,3.46665407e-09
3595,41,5740805,0,5769,0,-10,3.46665407e-09,3.46665407e-09
3596,40,5740805,0,5769,0,26,3.46665407e-09,3.46665407e-09
3597,43,5746574,0,5769,0,18.446537,3.46668982e-09,3.46668982e-09
3598,42,5746574,0,5769,0,-12,3.46668982e-09,3.46668982e-09
3599,41,5746574,0,5769,0,-10,3.46668982e-09,3.46668982e-09
3600,40,5746574,0,5769,0,26,3.46668982e-09,3.46668982e-09
3601,43,5752343,0,5769,0,18.446537,3.46668982e-09,3.46668982e-09
3602,42,5752343,0,5769,0,-12,3.46668982e-09,3.46668982e-09
3603,41,5752343,0,5769,0,-10,3.46668982e-09,3.46668982e-09
3604,40,5752343,0,5769,0,26,3.46668982e-09,3.46668982e-09
3605,43,5758112,0,5769,0,18.446539,3.46665407e-09,3.46665407e-09
3606,42,5758112,0,5769,0,-12,3.46665407e-09,3.46665407e-09
3607,41,5758112,0,5769,0,-10,3.46665407e-09,3.46665407e-09
3608,40,5758112,0,5769,0,26,3.46665407e-09,3.46665407e-09
3609,43,5763881,0,5769,0,18.446539,3.46665407e-09,3.46665407e-09
3610,42,5763881,0,5769,0,-13,3.46665407e-09,3.46665407e-09
3611,41,5763881,0,5769,0,-10,3.46665407e-09,3.46665407e-09
3612,40,5763881,0,5769,0,26,3.46665407e-09,3.46665407e-09
3613,43,5769650,0,3862,1945,18.446537,3.46668982e-09,3.46668982e-09
3614,42,5769650,0,3862,1945,-12,3.46668982e-09,3.46668982e-09
3615,41,5769650,0,3862,1945,-10,3.46668982e-09,3.46668982e-09
3616,40,5769650,0,3862,1945,26,3.46668982e-09,3.46668982e-09
3617,43,5775457,0,0,6433,18.446537,3.46668982e-09,3.46668982e-09
3618,42,5775457,0,0,6433,-12,3.46668982e-09,3.46668982e-09
3619,41,5775457,0,0,6433,-10,3.46668982e-09,3.46668982e-09
3620,40,5775457,0,0,6433,26,3.46668982e-09,3.46668982e-09
3621,43,5781890,0,0,7630,18.446539,3.46665341e-09,3.46665341e-09
3622,42,5781890,0,0,7630,-12,3.46665341e-09,3.46665341e-09
3623,41,5781890,0,0,7630,-10,3.46665341e-09,3.46665341e-09
3624,40,5781890,0,0,7630,26,3.46665341e-09,3.46665341e-09
3625,43,5789520,0,0,9940,18.446539,3.46665252e-09,3.46665252e-09
3626,42,5789520,0,0,9940,-12,3.46665252e-09,3.46665252e-09
3627,41,5789520,0,0,9940,-10,3.46665252e-09,3.46665252e-09
3628,40,5789520,0,0,9940,26,3.46665252e-09,3.46665252e-09
3629,43,5799460,0,0,22802,18.446537,3.46668849e-09,3.46668849e-09
3630,42,5799460,0,0,22802,-12,3.46668849e-09,3.46668849e-09
3631,41,5799460,0,0,22802,-10,3.46668849e-09,3.46668849e-09
3632,40,5799460,0,0,22802,26,3.46668849e-09,3.46668849e-09
3633,43,5822262,22802,0,0,18.446539,3.46665341e-09,3.46665341e-09
3634,42,5822262,22802,0,0,23,3.46665341e-09,3.46665341e-09
3635,41,5822262,22802,0,0,-24,3.46665341e-09,3.46665341e-09
3636,40,5822262,22802,0,0,-3,3.46665341e-09,3.46665341e-09
3637,43,5845064,9940,0,0,18.446539,3.46665341e-09,3.46665341e-09
3638,42,5845064,9940,0,0,23,3.46665341e-09,3.46665341e-09
3639,41,5845064,9940,0,0,-24,3.46665341e-09,3.46665341e-09
3640,40,5845064,9940,0,0,-2,3.46665341e-09,3.46665341e-09
3641,43,5855004,7630,0,0,18.446539,3.46665407e-09,3.46665407e-09
3642,42,5855004,7630,0,0,24,3.46665407e-09,3.46665407e-09
3643,41,5855004,7630,0,0,-24,3.46665407e-09,3.46665407e-09
3644,40,5855004,7630,0,0,-2,3.46665407e-09,3.46665407e-09
3645,43,5862634,6433,0,0,18.446539,3.46665407e-09,3.46665407e-09
3646,42,5862634,6433,0,0,23,3.46665407e-09,3.46665407e-09
3647,41,5862634,6433,0,0,-25,3.46665407e-09,3.46665407e-09
3648,40,5862634,6433,0,0,-3,3.46665407e-09,3.46665407e-09
3649,43,5869067,1945,3862,0,18.446539,3.46665252e-09,3.46665252e-09
3650,42,5869067,1945,3862,0,23,3.46665252e-09,3.46665252e-09
3651,41,5869067,1945,3862,0,-24,3.46665252e-09,3.46665252e-09
3652,40,5869067,1945,3862,0,-2,3.46665252e-09,3.46665252e-09
3653,43,5874874,0,5769,0,18.446539,3.46665252e-09,3.46665252e-09
3654,42,5874874,0,5769,0,23,3.46665252e-09,3.46665252e-09
3655,41,5874874,0,5769,0,-24,3.46665252e-09,3.46665252e-09
3656,40,5874874,0,5769,0,-3,3.46665252e-09,3.46665252e-09
3657,43,5880643,0,5769,0,18.446539,3.46665252e-09,3.46665252e-09
3658,42,5880643,0,5769,0,23,3.46665252e-09,3.46665252e-09
3659,41,5880643,0,5769,0,-24,3.46665252e-09,3.46665252e-09
3660,40,5880643,0,5769,0,-2,3.46665252e-09,3.46665252e-09
3661,43,5886412,0,5769,0,18.446539,3.46665252e-09,3.46665252e-09
3662,42,5886412,0,5769,0,24,3.46665252e-09,3.46665252e-09
3663,41,5886412,0,5769,0,-24,3.46665252e-09,3.46665252e-09
3664,40,5886412,0,5769,0,-2,3.46665252e-09,3.46665252e-09
3665,43,5892181,0,5769,0,18.446539,3.46665252e-09,3.46665252e-09
3666,42,5892181,0,5769,0,23,3.46665252e-09,3.46665252e-09
3667,41,5892181,0,5769,0,-24,3.46665252e-09,3.46665252e-09
3668,40,5892181,0,5769,0,-3,3.46665252e-09,3.46665252e-09
3669,43,5897950,0,5769,0,18.446539,3.46665252e-09,3.46665252e-09
3670,42,5897950,0,5769,0,23,3.46665252e-09,3.46665252e-09
3671,41,5897950,0,5769,0,-25,3.46665252e-09,3.46665252e-09
3672,40,5897950,0,5769,0,-2,3.46665252e-09,3.46665252e-09
3673,43,5903719,0,5769,0,18.446539,3.46665252e-09,3.46665252e-09
3674,42,5903719,0,5769,0,23,3.46665252e-09,3.46665252e-09
3675,41,5903719,0,5769,0,-24,3.46665252e-09,3.46665252e-09
3676,40,5903719,0,5769,0,-2,3.46665252e-09,3.46665252e-09
3677,43,5909488,0,5769,0,18.446539,3.46665252e-09,3.46665252e-09
3678,42,5909488,0,5769,0,24,3.46665252e-09,3.46665252e-09
3679,41,5909488,0,5769,0,-24,3.46665252e-09,3.46665252e-09
3680,40,5909488,0,5769,0,-2,3.46665252e-09,3.46665252e-09
3681,43,5915257,0,5769,0,18.446539,3.46665252e-09,3.46665252e-09
3682,42,5915257,0,5769,0,23,3.46665252e-09,3.46665252e-09
3683,41,5915257,0,5769,0,-24,3.46665252e-09,3.46665252e-09
3684,40,5915257,0,5769,0,-3,3.46665252e-09,3.46665252e-09
3685,43,5921026,0,5769,0,18.446539,3.46665252e-09,3.46665252e-09
3686,42,5921026,0,5769,0,23,3.46665252e-09,3.46665252e-09
3687,41,5921026,0,5769,0,-24,3.46665252e-09,3.46665252e-09
3688,40,5921026,0,5769,0,-2,3.46665252e-09,3.46665252e-09
3689,43,5926795,0,5769,0,18.446539,3.46665252e-09,3.46665252e-09
3690,42,5926795,0,5769,0,23,3.46665252e-09,3.46665252e-09
3691,41,5926795,0,5769,0,-24,3.46665252e-09,3.46665252e-09
3692,40,5926795,0,5769,0,-2,3.46665252e-09,3.46665252e-09
3693,43,5932564,0,5769,0,18.446539,3.46665252e-09,3.46665252e-09
3694,42,5932564,0,5769,0,24,3.46665252e-09,3.46665252e-09
3695,41,5932564,0,5769,0,-25,3.46665252e-09,3.46665252e-09
3696,40,5932564,0,5769,0,-2,3.46665252e-09,3.46665252e-09
3697,43,5938333,0,5769,0,18.446539,3.46665252e-09,3.46665252e-09
3698,42,5938333,0,5769,0,23,3.46665252e-09,3.46665252e-09
3699,41,5938333,0,5769,0,-24,3.46665252e-09,3.46665252e-09
3700,40,5938333,0,5769,0,-2,3.46665252e-09,3.46665252e-09
3701,43,5944102,0,5769,0,18.446539,3.46665252e-09,3.46665252e-09
3702,42,5944102,0,5769,0,23,3.46665252e-09,3.46665252e-09
3703,41,5944102,0,5769,0,-24,3.46665252e-09,3.46665252e-09
3704,40,5944102,0,5769,0,-3,3.46665252e-09,3.46665252e-09
3705,43,5949871,0,5769,0,18.446539,3.46665252e-09,3.46665252e-09
3706,42,5949871,0,5769,0,23,3.46665252e-09,3.46665252e-09
3707,41,5949871,0,5769,0,-24,3.46665252e-09,3.46665252e-09
3708,40,5949871,0,5769,0,-2,3.46665252e-09,3.46665252e-09
3709,43,5955640,0,5769,0,18.446539,3.46665252e-09,3.46665252e-09
3710,42,5955640,0,5769,0,24,3.46665252e-09,3.46665252e-09
3711,41,5955640,0,5769,0,-24,3.46665252e-09,3.46665252e-09
3712,40,5955640,0,5769,0,-2,3.46665252e-09,3.46665252e-09
3713,43,5961409,0,5769,0,18.446539,3.46665252e-09,3.46665252e-09
3714,42,5961409,0,5769,0,23,3.46665252e-09,3.46665252e-09
3715,41,5961409,0,5769,0,-24,3.46665252e-09,3.46665252e-09
3716,40,5961409,0,5769,0,-2,3.46665252e-09,3.46665252e-09
3717,43,5967178,0,5769,0,18.446539,3.46665252e-09,3.46665252e-09
3718,42,5967178,0,5769,0,23,3.46665252e-09,3.46665252e-09
3719,41,5967178,0,5769,0,-24,3.46665252e-09,3.46665252e-09
3720,40,5967178,0,5769,0,-2,3.46665252e-09,3.46665252e-09
3721,43,5972947,0,5769,0,18.446539,3.46665252e-09,3.46665252e-09
3722,42,5972947,0,5769,0,23,3.46665252e-09,3.46665252e-09
3723,41,5972947,0,5769,0,-25,3.46665252e-09,3.46665252e-09
3724,40,5972947,0,5769,0,-2,3.46665252e-09,3.46665252e-09
3725,43,5978716,0,5769,0,18.446539,3.46665252e-09,3.46665252e-09
3726,42,5978716,0,5769,0,24,3.46665252e-09,3.46665252e-09
3727,41,5978716,0,5769,0,-24,3.46665252e-09,3.46665252e-09
3728,40,5978716,0,5769,0,-2,3.46665252e-09,3.46665252e-09
3729,43,5984485,0,5769,0,18.446539,3.46665252e-09,3.46665252e-09
3730,42,5984485,0,5769,0,23,3.46665252e-09,3.46665252e-09
3731,41,5984485,0,5769,0,-24,3.46665252e-09,3.46665252e-09
3732,40,5984485,0,5769,0,-2,3.46665252e-09,3.46665252e-09
3733,43,5990254,0,5769,0,18.446539,3.46665252e-09,3.46665252e-09
3734,42,5990254,0,5769,0,23,3.46665252e-09,3.46665252e-09
3735,41,5990254,0,5769,0,-24,3.46665252e-09,3.46665252e-09
3736,40,5990254,0,5769,0,-2,3.46665252e-09,3.46665252e-09
3737,43,5996023,0,5769,0,18.446539,3.46665252e-09,3.46665252e-09
3738,42,5996023,0,5769,0,24,3.46665252e-09,3.46665252e-09
3739,41,5996023,0,5769,0,-24,3.46665252e-09,3.46665252e-09
3740,40,5996023,0,5769,0,-2,3.46665252e-09,3.46665252e-09
3741,43,6001792,0,5769,0,18.446539,3.46665252e-09,3.46665252e-09
3742,42,6001792,0,5769,0,23,3.46665252e-09,3.46665252e-09
3743,41,6001792,0,5769,0,-24,3.46665252e-09,3.46665252e-09
3744,40,6001792,0,5769,0,-2,3.46665252e-09,3.46665252e-09
3745,43,6007561,0,5769,0,18.446539,3.46665252e-09,3.46665252e-09
3746,42,6007561,0,5769,0,23,3.46665252e-09,3.46665252e-09
3747,41,6007561,0,5769,0,-24,3.46665252e-09,3.46665252e-09
3748,40,6007561,0,5769,0,-2,3.46665252e-09,3.46665252e-09
3749,43,6013330,0,5769,0,18.446539,3.46665252e-09,3.46665252e-09
3750,42,6013330,0,5769,0,24,3.46665252e-09,3.46665252e-09
3751,41,6013330,0,5769,0,-24,3.46665252e-09,3.46665252e-09
3752,40,6013330,0,5769,0,-2,3.46665252e-09,3.46665252e-09
3753,43,6019099,0,5769,0,18.446539,3.46665252e-09,3.46665252e-09
3754,42,6019099,0,5769,0,23,3.46665252e-09,3.46665252e-09
3755,41,6019099,0,5769,0,-24,3.46665252e-09,3.46665252e-09
3756,40,6019099,0,5769,0,-2,3.46665252e-09,3.46665252e-09
3757,43,6024868,0,5769,0,18.446539,3.46665252e-09,3.46665252e-09
3758,42,6024868,0,5769,0,23,3.46665252e-09,3.46665252e-09
3759,41,6024868,0,5769,0,-25,3.46665252e-09,3.46665252e-09
3760,40,6024868,0,5769,0,-2,3.46665252e-09,3.46665252e-09
3761,43,6030637,0,5769,0,18.446539,3.46665252e-09,3.46665252e-09
3762,42,6030637,0,5769,0,24,3.46665252e-09,3.46665252e-09
3763,41,6030637,0,5769,0,-24,3.46665252e-09,3.46665252e-09
3764,40,6030637,0,5769,0,-1,3.46665252e-09,3.46665252e-09
3765,43,6036406,0,5769,0,18.446539,3.46665252e-09,3.46665252e-09
3766,42,6036406,0,5769,0,23,3.46665252e-09,3.46665252e-09
3767,41,6036406,0,5769,0,-24,3.46665252e-09,3.46665252e-09
3768,40,6036406,0,5769,0,-2,3.46665252e-09,3.46665252e-09
3769,43,6042175,0,5769,0,18.446539,3.46665252e-09,3.46665252e-09
3770,42,6042175,0,5769,0,23,3.46665252e-09,3.46665252e-09
3771,41,6042175,0,5769,0,-24,3.46665252e-09,3.46665252e-09
3772,40,6042175,0,5769,0,-2,3.46665252e-09,3.46665252e-09
3773,43,6047944,0,5769,0,18.446539,3.46665252e-09,3.46665252e-09
3774,42,6047944,0,5769,0,24,3.46665252e-09,3.46665252e-09
3775,41,6047944,0,5769,0,-24,3.46665252e-09,3.46665252e-09
3776,40,6047944,0,5769,0,-2,3.46665252e-09,3.46665252e-09
3777,43,6053713,0,5769,0,18.446539,3.46665252e-09,3.46665252e-09
3778,42,6053713,0,5769,0,23,3.46665252e-09,3.46665252e-09
3779,41,6053713,0,5769,0,-24,3.46665252e-09,3.46665252e-09
3780,40,6053713,0,5769,0,-2,3.46665252e-09,3.46665252e-09
3781,43,6059482,0,5769,0,18.446539,3.46665252e-09,3.46665252e-09
3782,42,6059482,0,5769,0,23,3.46665252e-09,3.46665252e-09
3783,41,6059482,0,5769,0,-24,3.46665252e-09,3.46665252e-09
3784,40,6059482,0,5769,0,-2,3.46665252e-09,3.46665252e-09
3785,43,6065251,0,5769,0,18.446539,3.46665252e-09,3.46665252e-09
3786,42,6065251,0,5769,0,24,3.46665252e-09,3.46665252e-09
3787,41,6065251,0,5769,0,-24,3.46665252e-09,3.46665252e-09
3788,40,6065251,0,5769,0,-1,3.46665252e-09,3.46665252e-09
3789,43,6071020,0,5769,0,18.446539,3.46665252e-09,3.46665252e-09
3790,42,6071020,0,5769,0,23,3.46665252e-09,3.46665252e-09
3791,41,6071020,0,5769,0,-24,3.46665252e-09,3.46665252e-09
3792,40,6071020,0,5769,0,-2,3.46665252e-09,3.46665252e-09
3793,43,6076789,0,5769,0,18.446539,3.46665252e-09,3.46665252e-09
3794,42,6076789,0,5769,0,24,3.46665252e-09,3.46665252e-09
3795,41,6076789,0,5769,0,-24,3.46665252e-09,3.46665252e-09
3796,40,6076789,0,5769,0,-2,3.46665252e-09,3.46665252e-09
3797,43,6082558,0,5769,0,18.446539,3.46665252e-09,3.46665252e-09
3798,42,6082558,0,5769,0,23,3.46665252e-09,3.46665252e-09
3799,41,6082558,0,5769,0,-24,3.46665252e-09,3.46665252e-09
3800,40,6082558,0,5769,0,-1,3.46665252e-09,3.46665252e-09
3801,43,6088327,0,5769,0,18.446539,3.46665252e-09,3.46665252e-09
3802,42,6088327,0,5769,0,23,3.46665252e-09,3.46665252e-09
3803,41,6088327,0,5769,0,-25,3.46665252e-09,3.46665252e-09
3804,40,6088327,0,5769,0,-2,3.46665252e-09,3.46665252e-09
3805,43,6094096,0,5769,0,18.446539,3.46665541e-09,3.46665541e-09
3806,42,6094096,0,5769,0,24,3.46665541e-09,3.46665541e-09
3807,41,6094096,0,5769,0,-24,3.46665541e-09,3.46665541e-09
3808,40,6094096,0,5769,0,-2,3.46665541e-09,3.46665541e-09
3809,43,6099865,0,5769,0,18.446539,3.46665407e-09,3.46665407e-09
3810,42,6099865,0,5769,0,23,3.46665407e-09,3.46665407e-09
3811,41,6099865,0,5769,0,-24,3.46665407e-09,3.46665407e-09
3812,40,6099865,0,5769,0,-1,3.46665407e-09,3.46665407e-09
3813,43,6105634,0,5769,0,18.446539,3.46665541e-09,3.46665541e-09
3814,42,6105634,0,5769,0,24,3.46665541e-09,3.46665541e-09
3815,41,6105634,0,5769,0,-24,3.46665541e-09,3.46665541e-09
3816,40,6105634,0,5769,0,-2,3.46665541e-09,3.46665541e-09
3817,43,6111403,0,5769,0,18.446539,3.46667361e-09,3.46667361e-09
3818,42,6111403,0,5769,0,23,3.46667361e-09,3.46667361e-09
3819,41,6111403,0,5769,0,-24,3.46667361e-09,3.46667361e-09
3820,40,6111403,0,5769,0,-2,3.46667361e-09,3.46667361e-09
3821,43,6117172,0,5769,0,18.446539,3.46667361e-09,3.46667361e-09
3822,42,6117172,0,5769,0,23,3.46667361e-09,3.46667361e-09
3823,41,6117172,0,5769,0,-24,3.46667361e-09,3.46667361e-09
3824,40,6117172,0,5769,0,-1,3.46667361e-09,3.46667361e-09
3825,43,6122941,0,5769,0,18.446539,3.46667361e-09,3.46667361e-09
3826,42,6122941,0,5769,0,24,3.46667361e-09,3.46667361e-09
3827,41,6122941,0,5769,0,-24,3.46667361e-09,3.46667361e-09
3828,40,6122941,0,5769,0,-2,3.46667361e-09,3.46667361e-09
3829,43,6128710,0,5769,0,18.446539,3.46667361e-09,3.46667361e-09
3830,42,6128710,0,5769,0,23,3.46667361e-09,3.46667361e-09
3831,41,6128710,0,5769,0,-24,3.46667361e-09,3.46667361e-09
3832,40,6128710,0,5769,0,-1,3.46667361e-09,3.46667361e-09
3833,43,6134479,0,5769,0,18.446539,3.46667361e-09,3.46667361e-09
3834,42,6134479,0,5769,0,24,3.46667361e-09,3.46667361e-09
3835,41,6134479,0,5769,0,-24,3.46667361e-09,3.46667361e-09
3836,40,6134479,0,5769,0,-2,3.46667361e-09,3.46667361e-09
3837,43,6140248,0,5769,0,18.446539,3.46667361e-09,3.46667361e-09
3838,42,6140248,0,5769,0,23,3.46667361e-09,3.46667361e-09
3839,41,6140248,0,5769,0,-24,3.46667361e-09,3.46667361e-09
3840,40,6140248,0,5769,0,-1,3.46667361e-09,3.46667361e-09
3841,43,6146017,0,5769,0,18.446539,3.46667361e-09,3.46667361e-09
3842,42,6146017,0,5769,0,24,3.46667361e-09,3.46667361e-09
3843,41,6146017,0,5769,0,-24,3.46667361e-09,3.46667361e-09
3844,40,6146017,0,5769,0,-2,3.46667361e-09,3.46667361e-09
3845,43,6151786,0,5769,0,18.446539,3.46667361e-09,3.46667361e-09
3846,42,6151786,0,5769,0,23,3.46667361e-09,3.46667361e-09
3847,41,6151786,0,5769,0,-24,3.46667361e-09,3.46667361e-09
3848,40,6151786,0,5769,0,-1,3.46667361e-09,3.46667361e-09
3849,43,6157555,0,5769,0,18.446539,3.46667361e-09,3.46667361e-09
3850,42,6157555,0,5769,0,23,3.46667361e-09,3.46667361e-09
3851,41,6157555,0,5769,0,-24,3.46667361e-09,3.46667361e-09
3852,40,6157555,0,5769,0,-2,3.46667361e-09,3.46667361e-09
3853,43,6163324,0,5769,0,18.446539,3.46667361e-09,3.46667361e-09
3854,42,6163324,0,5769,0,24,3.46667361e-09,3.46667361e-09
3855,41,6163324,0,5769,0,-24,3.46667361e-09,3.46667361e-09
3856,40,6163324,0,5769,0,-1,3.46667361e-09,3.46667361e-09
3857,43,6169093,0,5769,0,18.446539,3.46667361e-09,3.46667361e-09
3858,42,6169093,0,5769,0,23,3.46667361e-09,3.46667361e-09
3859,41,6169093,0,5769,0,-24,3.46667361e-09,3.46667361e-09
3860,40,6169093,0,5769,0,-1,3.46667361e-09,3.46667361e-09
3861,43,6174862,0,5769,0,18.446539,3.46667361e-09,3.46667361e-09
3862,42,6174862,0,5769,0,24,3.46667361e-09,3.46667361e-09
3863,41,6174862,0,5769,0,-24,3.46667361e-09,3.46667361e-09
3864,40,6174862,0,5769,0,-2,3.46667361e-09,3.46667361e-09
3865,43,6180631,0,5769,0,18.446539,3.46667361e-09,3.46667361e-09
3866,42,6180631,0,5769,0,23,3.46667361e-09,3.46667361e-09
3867,41,6180631,0,5769,0,-24,3.46667361e-09,3.46667361e-09
3868,40,6180631,0,5769,0,-1,3.46667361e-09,3.46667361e-09
3869,43,6186400,0,5769,0,18.446539,3.46667361e-09,3.46667361e-09
3870,42,6186400,0,5769,0,24,3.46667361e-09,3.46667361e-09
3871,41,6186400,0,5769,0,-24,3.46667361e-09,3.46667361e-09
3872,40,6186400,0,5769,0,-2,3.46667361e-09,3.46667361e-09
3873,43,6192169,0,5769,0,18.446539,3.46667361e-09,3.46667361e-09
3874,42,6192169,0,5769,0,23,3.46667361e-09,3.46667361e-09
3875,41,6192169,0,5769,0,-24,3.46667361e-09,3.46667361e-09
3876,40,6192169,0,5769,0,-1,3.46667361e-09,3.46667361e-09
3877,43,6197938,0,5769,0,18.446539,3.46667361e-09,3.46667361e-09
3878,42,6197938,0,5769,0,24,3.46667361e-09,3.46667361e-09
3879,41,6197938,0,5769,0,-24,3.46667361e-09,3.46667361e-09
3880,40,6197938,0,5769,0,-1,3.46667361e-09,3.46667361e-09
3881,43,6203707,0,5769,0,18.446539,3.46667361e-09,3.46667361e-09
3882,42,6203707,0,5769,0,23,3.46667361e-09,3.46667361e-09
3883,41,6203707,0,5769,0,-24,3.46667361e-09,3.46667361e-09
3884,40,6203707,0,5769,0,-1,3.46667361e-09,3.46667361e-09
3885,43,6209476,0,5769,0,18.446539,3.46667361e-09,3.46667361e-09
3886,42,6209476,0,5769,0,24,3.46667361e-09,3.46667361e-09
3887,41,6209476,0,5769,0,-24,3.46667361e-09,3.46667361e-09
3888,40,6209476,0,5769,0,-2,3.46667361e-09,3.46667361e-09
3889,43,6215245,0,5769,0,18.446539,3.46667361e-09,3.46667361e-09
3890,42,6215245,0,5769,0,23,3.46667361e-09,3.46667361e-09
3891,41,6215245,0,5769,0,-24,3.46667361e-09,3.46667361e-09
3892,40,6215245,0,5769,0,-1,3.46667361e-09,3.46667361e-09
3893,43,6221014,0,5769,0,18.446539,3.46667361e-09,3.46667361e-09
3894,42,6221014,0,5769,0,24,3.46667361e-09,3.46667361e-09
3895,41,6221014,0,5769,0,-24,3.46667361e-09,3.46667361e-09
3896,40,6221014,0,5769,0,-1,3.46667361e-09,3.46667361e-09
3897,43,6226783,0,5769,0,18.446539,3.46667361e-09,3.46667361e-09
3898,42,6226783,0,5769,0,23,3.46667361e-09,3.46667361e-09
3899,41,6226783,0,5769,0,-24,3.46667361e-09,3.46667361e-09
3900,40,6226783,0,5769,0,-1,3.46667361e-09,3.46667361e-09
3901,43,6232552,0,5769,0,18.446539,3.46667361e-09,3.46667361e-09
3902,42,6232552,0,5769,0,24,3.46667361e-09,3.46667361e-09
3903,41,6232552,0,5769,0,-24,3.46667361e-09,3.46667361e-09
3904,40,6232552,0,5769,0,-2,3.46667361e-09,3.46667361e-09
3905,43,6238321,0,5769,0,18.446539,3.46667361e-09,3.46667361e-09
3906,42,6238321,0,5769,0,23,3.46667361e-09,3.46667361e-09
3907,41,6238321,0,5769,0,-24,3.46667361e-09,3.46667361e-09
3908,40,6238321,0,5769,0,-1,3.46667361e-09,3.46667361e-09
3909,43,6244090,0,5769,0,18.446539,3.46667361e-09,3.46667361e-09
3910,42,6244090,0,5769,0,24,3.46667361e-09,3.46667361e-09
3911,41,6244090,0,5769,0,-24,3.46667361e-09,3.46667361e-09
3912,40,6244090,0,5769,0,-1,3.46667361e-09,3.46667361e-09
3913,43,6249859,0,5769,0,18.446539,3.46667361e-09,3.46667361e-09
3914,42,6249859,0,5769,0,23,3.46667361e-09,3.46667361e-09
3915,41,6249859,0,5769,0,-24,3.46667361e-09,3.46667361e-09
3916,40,6249859,0,5769,0,-1,3.46667361e-09,3.46667361e-09
3917,43,6255628,0,5769,0,18.446539,3.46667361e-09,3.46667361e-09
3918,42,6255628,0,5769,0,24,3.46667361e-09,3.46667361e-09
3919,41,6255628,0,5769,0,-24,3.46667361e-09,3.46667361e-09
3920,40,6255628,0,5769,0,-1,3.46667361e-09,3.46667361e-09
3921,43,6261397,0,5769,0,18.446539,3.46667361e-09,3.46667361e-09
3922,42,6261397,0,5769,0,23,3.46667361e-09,3.46667361e-09
3923,41,6261397,0,5769,0,-24,3.46667361e-09,3.46667361e-09
3924,40,6261397,0,5769,0,-1,3.46667361e-09,3.46667361e-09
3925,43,6267166,0,5769,0,18.446539,3.46667361e-09,3.46667361e-09
3926,42,6267166,0,5769,0,24,3.46667361e-09,3.46667361e-09
3927,41,6267166,0,5769,0,-24,3.46667361e-09,3.46667361e-09
3928,40,6267166,0,5769,0,-1,3.46667361e-09,3.46667361e-09
3929,43,6272935,0,5769,0,18.446539,3.46667361e-09,3.46667361e-09
3930,42,6272935,0,5769,0,23,3.46667361e-09,3.46667361e-09
3931,41,6272935,0,5769,0,-24,3.46667361e-09,3.46667361e-09
3932,40,6272935,0,5769,0,-1,3.46667361e-09,3.46667361e-09
3933,43,6278704,0,5769,0,18.446539,3.46667361e-09,3.46667361e-09
3934,42,6278704,0,5769,0,24,3.46667361e-09,3.46667361e-09
3935,41,6278704,0,5769,0,-24,3.46667361e-09,3.46667361e-09
3936,40,6278704,0,5769,0,-2,3.46667361e-09,3.46667361e-09
3937,43,6284473,0,5769,0,18.446539,3.46667361e-09,3.46667361e-09
3938,42,6284473,0,5769,0,23,3.46667361e-09,3.46667361e-09
3939,41,6284473,0,5769,0,-24,3.46667361e-09,3.46667361e-09
3940,40,6284473,0,5769,0,-1,3.46667361e-09,3.46667361e-09
3941,43,6290242,0,5769,0,18.446539,3.46667361e-09,3.46667361e-09
3942,42,6290242,0,5769,0,24,3.46667361e-09,3.46667361e-09
3943,41,6290242,0,5769,0,-24,3.46667361e-09,3.46667361e-09
3944,40,6290242,0,5769,0,-1,3.46667361e-09,3.46667361e-09
3945,43,6296011,0,5769,0,18.446539,3.46667361e-09,3.46667361e-09
3946,42,6296011,0,5769,0,24,3.46667361e-09,3.46667361e-09
3947,41,6296011,0,5769,0,-24,3.46667361e-09,3.46667361e-09
3948,40,6296011,0,5769,0,-1,3.46667361e-09,3.46667361e-09
3949,43,6301780,0,5769,0,18.446539,3.46667361e-09,3.46667361e-09
3950,42,6301780,0,5769,0,23,3.46667361e-09,3.46667361e-09
3951,41,6301780,0,5769,0,-24,3.46667361e-09,3.46667361e-09
3952,43,6307549,0,5769,0,18.446539,3.46667361e-09,3.46667361e-09
3953,42,6307549,0,5769,0,24,3.46667361e-09,3.46667361e-09
3954,41,6307549,0,5769,0,-24,3.46667361e-09,3.46667361e-09
3955,40,6307549,0,5769,0,-1,3.46667361e-09,3.46667361e-09
3956,43,6313318,0,5769,0,18.446539,3.46667361e-09,3.46667361e-09
3957,42,6313318,0,5769,0,23,3.46667361e-09,3.46667361e-09
3958,41,6313318,0,5769,0,-24,3.46667361e-09,3.46667361e-09
3959,40,6313318,0,5769,0,-1,3.46667361e-09,3.46667361e-09
3960,43,6319087,0,5769,0,18.446539,3.46667361e-09,3.46667361e-09
3961,42,6319087,0,5769,0,24,3.46667361e-09,3.46667361e-09
3962,41,6319087,0,5769,0,-24,3.46667361e-09,3.46667361e-09
3963,40,6319087,0,5769,0,-1,3.46667361e-09,3.46667361e-09
3964,43,6324856,0,5769,0,18.446539,3.46667361e-09,3.46667361e-09
3965,42,6324856,0,5769,0,23,3.46667361e-09,3.46667361e-09
3966,41,6324856,0,5769,0,-24,3.46667361e-09,3.46667361e-09
3967,40,6324856,0,5769,0,-1,3.46667361e-09,3.46667361e-09
3968,43,6330625,0,5769,0,18.446539,3.46667361e-09,3.46667361e-09
3969,42,6330625,0,5769,0,24,3.46667361e-09,3.46667361e-09
3970,41,6330625,0,5769,0,-23,3.46667361e-09,3.46667361e-09
3971,40,6330625,0,5769,0,-1,3.46667361e-09,3.46667361e-09
3972,43,6336394,0,5769,0,18.446539,3.46667361e-09,3.46667361e-09
3973,42,6336394,0,5769,0,24,3.46667361e-09,3.46667361e-09
3974,41,6336394,0,5769,0,-24,3.46667361e-09,3.46667361e-09
3975,40,6336394,0,5769,0,-1,3.46667361e-09,3.46667361e-09
3976,43,6342163,0,5769,0,18.446539,3.46667361e-09,3.46667361e-09
3977,42,6342163,0,5769,0,23,3.46667361e-09,3.46667361e-09
3978,41,6342163,0,5769,0,-24,3.46667361e-09,3.46667361e-09
3979,40,6342163,0,5769,0,-1,3.46667361e-09,3.46667361e-09
3980,43,6347932,0,5769,0,18.446539,3.46667361e-09,3.46667361e-09
3981,42,6347932,0,5769,0,24,3.46667361e-09,3.46667361e-09
3982,41,6347932,0,5769,0,-24,3.46667361e-09,3.46667361e-09
3983,40,6347932,0,5769,0,-1,3.46667361e-09,3.46667361e-09
3984,43,6353701,0,5769,0,18.446539,3.46667361e-09,3.46667361e-09
3985,42,6353701,0,5769,0,23,3.46667361e-09,3.46667361e-09
3986,41,6353701,0,5769,0,-24,3.46667361e-09,3.46667361e-09
3987,43,6359470,0,5769,0,18.446539,3.46667361e-09,3.46667361e-09
3988,42,6359470,0,5769,0,24,3.46667361e-09,3.46667361e-09
3989,41,6359470,0,5769,0,-24,3.46667361e-09,3.46667361e-09
3990,40,6359470,0,5769,0,-1,3.46667361e-09,3.46667361e-09
3991,43,6365239,0,5769,0,18.446539,3.46667361e-09,3.46667361e-09
3992,42,6365239,0,5769,0,24,3.46667361e-09,3.46667361e-09
3993,41,6365239,0,5769,0,-24,3.46667361e-09,3.46667361e-09
3994,40,6365239,0,5769,0,-1,3.46667361e-09,3.46667361e-09
3995,43,6371008,0,5769,0,18.446539,3.46667361e-09,3.46667361e-09
3996,42,6371008,0,5769,0,23,3.46667361e-09,3.46667361e-09
3997,41,6371008,0,5769,0,-24,3.46667361e-09,3.46667361e-09
3998,40,6371008,0,5769,0,-1,3.46667361e-09,3.46667361e-09
3999,43,6376777,0,5769,0,18.446539,3.46667361e-09,3.46667361e-09
4000,42,6376777,0,5769,0,24,3.46667361e-09,3.46667361e-09
4001,41,6376777,0,5769,0,-24,3.46667361e-09,3.46667361e-09
4002,43,6382546,0,5769,0,18.446539,3.46667361e-09,3.46667361e-09
4003,42,6382546,0,5769,0,23,3.46667361e-09,3.46667361e-09
4004,41,6382546,0,5769,0,-24,3.46667361e-09,3.46667361e-09
4005,40,6382546,0,5769,0,-1,3.46667361e-09,3.46667361e-09
4006,43,6388315,0,5769,0,18.446539,3.46667361e-09,3.46667361e-09
4007,42,6388315,0,5769,0,24,3.46667361e-09,3.46667361e-09
4008,41,6388315,0,5769,0,-24,3.46667361e-09,3.46667361e-09
4009,40,6388315,0,5769,0,-1,3.46667361e-09,3.46667361e-09
4010,43,6394084,0,5769,0,18.446539,3.46667361e-09,3.46667361e-09
4011,42,6394084,0,5769,0,24,3.46667361e-09,3.46667361e-09
4012,41,6394084,0,5769,0,-23,3.46667361e-09,3.46667361e-09
4013,43,6399853,0,5769,0,18.446539,3.46667361e-09,3.46667361e-09
4014,42,6399853,0,5769,0,23,3.46667361e-09,3.46667361e-09
4015,41,6399853,0,5769,0,-24,3.46667361e-09,3.46667361e-09
4016,40,6399853,0,5769,0,-1,3.46667361e-09,3.46667361e-09
4017,43,6405622,0,5769,0,18.446539,3.46667361e-09,3.46667361e-09
4018,42,6405622,0,5769,0,24,3.46667361e-09,3.46667361e-09
4019,41,6405622,0,5769,0,-24,3.46667361e-09,3.46667361e-09
4020,40,6405622,0,5769,0,-1,3.46667361e-09,3.46667361e-09
4021,43,6411391,0,5769,0,18.446539,3.46667361e-09,3.46667361e-09
4022,42,6411391,0,5769,0,24,3.46667361e-09,3.46667361e-09
4023,41,6411391,0,5769,0,-24,3.46667361e-09,3.46667361e-09
4024,43,6417160,0,5769,0,18.446539,3.46667361e-09,3.46667361e-09
4025,42,6417160,0,5769,0,23,3.46667361e-09,3.46667361e-09
4026,41,6417160,0,5769,0,-24,3.46667361e-09,3.46667361e-09
4027,40,6417160,0,5769,0,-1,3.46667361e-09,3.46667361e-09
4028,43,6422929,0,5769,0,18.446539,3.46667361e-09,3.46667361e-09
4029,42,6422929,0,5769,0,24,3.46667361e-09,3.46667361e-09
4030,41,6422929,0,5769,0,-24,3.46667361e-09,3.46667361e-09
4031,43,6428698,0,5769,0,18.446539,3.46667361e-09,3.46667361e-09
4032,42,6428698,0,5769,0,23,3.46667361e-09,3.46667361e-09
4033,41,6428698,0,5769,0,-24,3.46667361e-09,3.46667361e-09
4034,40,6428698,0,5769,0,-1,3.46667361e-09,3.46667361e-09
4035,43,6434467,0,5769,0,18.446539,3.46667361e-09,3.46667361e-09
4036,42,6434467,0,5769,0,24,3.46667361e-09,3.46667361e-09
4037,41,6434467,0,5769,0,-24,3.46667361e-09,3.46667361e-09
4038,43,6440236,0,5769,0,18.446539,3.46667361e-09,3.46667361e-09
4039,42,6440236,0,5769,0,24,3.46667361e-09,3.46667361e-09
4040,41,6440236,0,5769,0,-24,3.46667361e-09,3.46667361e-09
4041,40,6440236,0,5769,0,-1,3.46667361e-09,3.46667361e-09
4042,43,6446005,0,5769,0,18.446539,3.46667361e-09,3.46667361e-09
4043,42,6446005,0,5769,0,23,3.46667361e-09,3.46667361e-09
4044,41,6446005,0,5769,0,-23,3.46667361e-09,3.46667361e-09
4045,43,6451774,0,5769,0,18.446539,3.46667361e-09,3.46667361e-09
4046,42,6451774,0,5769,0,24,3.46667361e-09,3.46667361e-09
4047,41,6451774,0,5769,0,-24,3.46667361e-09,3.46667361e-09
4048,40,6451774,0,5769,0,-1,3.46667361e-09,3.46667361e-09
4049,43,6457543,0,5769,0,18.446539,3.46667361e-09,3.46667361e-09
4050,42,6457543,0,5769,0,24,3.46667361e-09,3.46667361e-09
4051,41,6457543,0,5769,0,-24,3.46667361e-09,3.46667361e-09
4052,43,6463312,0,5769,0,18.446539,3.46667361e-09,3.46667361e-09
4053,42,6463312,0,5769,0,23,3.46667361e-09,3.46667361e-09
4054,41,6463312,0,5769,0,-24,3.46667361e-09,3.46667361e-09
4055,40,6463312,0,5769,0,-1,3.46667361e-09,3.46667361e-09
4056,43,6469081,0,5769,0,18.446539,3.46667361e-09,3.46667361e-09
4057,42,6469081,0,5769,0,24,3.46667361e-09,3.46667361e-09
4058,41,6469081,0,5769,0,-24,3.46667361e-09,3.46667361e-09
4059,43,6474850,0,5769,0,18.446539,3.46667361e-09,3.46667361e-09
4060,42,6474850,0,5769,0,24,3.46667361e-09,3.46667361e-09
4061,41,6474850,0,5769,0,-24,3.46667361e-09,3.46667361e-09
4062,40,6474850,0,5769,0,-1,3.46667361e-09,3.46667361e-09
4063,43,6480619,0,5769,0,18.446539,3.46667361e-09,3.46667361e-09
4064,42,6480619,0,5769,0,24,3.46667361e-09,3.46667361e-09
4065,41,6480619,0,5769,0,-23,3.46667361e-09,3.46667361e-09
4066,43,6486388,0,5769,0,18.446539,3.46667361e-09,3.46667361e-09
4067,42,6486388,0,5769,0,23,3.46667361e-09,3.46667361e-09
4068,41,6486388,0,5769,0,-24,3.46667361e-09,3.46667361e-09
4069,43,6492157,0,5769,0,18.446539,3.46667361e-09,3.46667361e-09
4070,42,6492157,0,5769,0,24,3.46667361e-09,3.46667361e-09
4071,41,6492157,0,5769,0,-24,3.46667361e-09,3.46667361e-09
4072,40,6492157,0,5769,0,-1,3.46667361e-09,3.46667361e-09
4073,43,6497926,0,5769,0,18.446539,3.46667361e-09,3.46667361e-09
4074,42,6497926,0,5769,0,24,3.46667361e-09,3.46667361e-09
4075,41,6497926,0,5769,0,-24,3.46667361e-09,3.46667361e-09
4076,43,6503695,0,5769,0,18.446539,3.46667361e-09,3.46667361e-09
4077,42,6503695,0,5769,0,23,3.46667361e-09,3.46667361e-09
4078,41,6503695,0,5769,0,-24,3.46667361e-09,3.46667361e-09
4079,43,6509464,0,5769,0,18.446539,3.46667361e-09,3.46667361e-09
4080,42,6509464,0,5769,0,24,3.46667361e-09,3.46667361e-09
4081,41,6509464,0,5769,0,-24,3.46667361e-09,3.46667361e-09
4082,40,6509464,0,5769,0,-1,3.46667361e-09,3.46667361e-09
4083,43,6515233,0,5769,0,18.446539,3.46667206e-09,3.46667206e-09
4084,42,6515233,0,5769,0,24,3.46667206e-09,3.46667206e-09
4085,41,6515233,0,5769,0,-23,3.46667206e-09,3.46667206e-09
4086,43,6521002,0,5769,0,18.446539,3.46667028e-09,3.46667028e-09
4087,42,6521002,0,5769,0,23,3.46667028e-09,3.46667028e-09
4088,41,6521002,0,5769,0,-24,3.46667028e-09,3.46667028e-09
4089,43,6526771,0,5769,0,18.446539,3.46667206e-09,3.46667206e-09
4090,42,6526771,0,5769,0,24,3.46667206e-09,3.46667206e-09
4091,41,6526771,0,5769,0,-24,3.46667206e-09,3.46667206e-09
4092,43,6532540,0,5769,0,18.446537,3.46666762e-09,3.46666762e-09
4093,42,6532540,0,5769,0,24,3.46666762e-09,3.46666762e-09
4094,41,6532540,0,5769,0,-24,3.46666762e-09,3.46666762e-09
4095,43,6538309,0,5769,0,18.446537,3.46666762e-09,3.46666762e-09
4096,42,6538309,0,5769,0,24,3.46666762e-09,3.46666762e-09
4097,41,6538309,0,5769,0,-24,3.46666762e-09,3.46666762e-09
4098,40,6538309,0,5769,0,-1,3.46666762e-09,3.46666762e-09
4099,43,6544078,0,5769,0,18.446537,3.46666762e-09,3.46666762e-09
4100,42,6544078,0,5769,0,23,3.46666762e-09,3.46666762e-09
4101,41,6544078,0,5769,0,-23,3.46666762e-09,3.46666762e-09
4102,43,6549847,0,5769,0,18.446537,3.46666762e-09,3.46666762e-09
4103,42,6549847,0,5769,0,24,3.46666762e-09,3.46666762e-09
4104,41,6549847,0,5769,0,-24,3.46666762e-09,3.46666762e-09
4105,43,6555616,0,5769,0,18.446537,3.46666762e-09,3.46666762e-09
4106,42,6555616,0,5769,0,24,3.46666762e-09,3.46666762e-09
4107,41,6555616,0,5769,0,-24,3.46666762e-09,3.46666762e-09
4108,43,6561385,0,5769,0,18.446537,3.46666762e-09,3.46666762e-09
4109,42,6561385,0,5769,0,24,3.46666762e-09,3.46666762e-09
4110,41,6561385,0,5769,0,-24,3.46666762e-09,3.46666762e-09
4111,43,6567154,0,5769,0,18.446537,3.46666895e-09,3.46666895e-09
4112,42,6567154,0,5769,0,23,3.46666895e-09,3.46666895e-09
4113,41,6567154,0,5769,0,-24,3.46666895e-09,3.46666895e-09
4114,43,6572923,0,5769,0,18.446537,3.46666762e-09,3.46666762e-09
4115,42,6572923,0,5769,0,24,3.46666762e-09,3.46666762e-09
4116,41,6572923,0,5769,0,-23,3.46666762e-09,3.46666762e-09
4117,43,6578692,0,5769,0,18.446539,3.46666873e-09,3.46666873e-09
4118,42,6578692,0,5769,0,24,3.46666873e-09,3.46666873e-09
4119,41,6578692,0,5769,0,-24,3.46666873e-09,3.46666873e-09
4120,43,6584461,0,5769,0,18.446539,3.46666873e-09,3.46666873e-09
4121,42,6584461,0,5769,0,24,3.46666873e-09,3.46666873e-09
4122,41,6584461,0,5769,0,-24,3.46666873e-09,3.46666873e-09
4123,43,6590230,0,5769,0,18.446539,3.46666873e-09,3.46666873e-09
4124,42,6590230,0,5769,0,23,3.46666873e-09,3.46666873e-09
4125,41,6590230,0,5769,0,-24,3.46666873e-09,3.46666873e-09
4126,43,6595999,0,5769,0,18.446539,3.46666740e-09,3.46666740e-09
4127,42,6595999,0,5769,0,24,3.46666740e-09,3.46666740e-09
4128,41,6595999,0,5769,0,-23,3.46666740e-09,3.46666740e-09
4129,43,6601768,0,5769,0,18.446539,3.46666873e-09,3.46666873e-09
4130,42,6601768,0,5769,0,24,3.46666873e-09,3.46666873e-09
4131,41,6601768,0,5769,0,-24,3.46666873e-09,3.46666873e-09
4132,43,6607537,0,5769,0,18.446539,3.46666873e-09,3.46666873e-09
4133,42,6607537,0,5769,0,24,3.46666873e-09,3.46666873e-09
4134,41,6607537,0,5769,0,-24,3.46666873e-09,3.46666873e-09
4135,43,6613306,0,5769,0,18.446537,3.46666762e-09,3.46666762e-09
4136,42,6613306,0,5769,0,23,3.46666762e-09,3.46666762e-09
4137,41,6613306,0,5769,0,-24,3.46666762e-09,3.46666762e-09
4138,43,6619075,0,5769,0,18.446539,3.46666984e-09,3.46666984e-09
4139,42,6619075,0,5769,0,24,3.46666984e-09,3.46666984e-09
4140,41,6619075,0,5769,0,-23,3.46666984e-09,3.46666984e-09
4141,43,6624844,0,5769,0,18.446537,3.46666762e-09,3.46666762e-09
4142,42,6624844,0,5769,0,24,3.46666762e-09,3.46666762e-09
4143,41,6624844,0,5769,0,-24,3.46666762e-09,3.46666762e-09
4144,43,6630613,0,5769,0,18.446537,3.46666762e-09,3.46666762e-09
4145,42,6630613,0,5769,0,24,3.46666762e-09,3.46666762e-09
4146,41,6630613,0,5769,0,-24,3.46666762e-09,3.46666762e-09
4147,43,6636382,0,5769,0,18.446537,3.46666762e-09,3.46666762e-09
4148,42,6636382,0,5769,0,24,3.46666762e-09,3.46666762e-09
4149,41,6636382,0,5769,0,-24,3.46666762e-09,3.46666762e-09
4150,43,6642151,0,5769,0,18.446537,3.46666895e-09,3.46666895e-09
4151,42,6642151,0,5769,0,23,3.46666895e-09,3.46666895e-09
4152,41,6642151,0,5769,0,-23,3.46666895e-09,3.46666895e-09
4153,43,6647920,0,5769,0,18.446537,3.46666762e-09,3.46666762e-09
4154,42,6647920,0,5769,0,24,3.46666762e-09,3.46666762e-09
4155,41,6647920,0,5769,0,-24,3.46666762e-09,3.46666762e-09
4156,40,6647920,0,5769,0,1,3.46666762e-09,3.46666762e-09
4157,43,6653689,0,5769,0,18.446537,3.46666895e-09,3.46666895e-09
4158,42,6653689,0,5769,0,24,3.46666895e-09,3.46666895e-09
4159,41,6653689,0,5769,0,-24,3.46666895e-09,3.46666895e-09
4160,43,6659458,0,5769,0,18.446539,3.46667361e-09,3.46667361e-09
4161,42,6659458,0,5769,0,24,3.46667361e-09,3.46667361e-09
4162,41,6659458,0,5769,0,-24,3.46667361e-09,3.46667361e-09
4163,43,6665227,0,5769,0,18.446539,3.46667361e-09,3.46667361e-09
4164,42,6665227,0,5769,0,24,3.46667361e-09,3.46667361e-09
4165,41,6665227,0,5769,0,-23,3.46667361e-09,3.46667361e-09
4166,43,6670996,0,5769,0,18.446539,3.46667361e-09,3.46667361e-09
4167,42,6670996,0,5769,0,23,3.46667361e-09,3.46667361e-09
4168,41,6670996,0,5769,0,-24,3.46667361e-09,3.46667361e-09
4169,43,6676765,0,5769,0,18.446539,3.46667361e-09,3.46667361e-09
4170,42,6676765,0,5769,0,24,3.46667361e-09,3.46667361e-09
4171,41,6676765,0,5769,0,-24,3.46667361e-09,3.46667361e-09
4172,40,6676765,0,5769,0,1,3.46667361e-09,3.46667361e-09
4173,43,6682534,0,5769,0,18.446539,3.46667361e-09,3.46667361e-09
4174,42,6682534,0,5769,0,24,3.46667361e-09,3.46667361e-09
4175,41,6682534,0,5769,0,-23,3.46667361e-09,3.46667361e-09
4176,43,6688303,0,5769,0,18.446539,3.46667361e-09,3.46667361e-09
4177,42,6688303,0,5769,0,24,3.46667361e-09,3.46667361e-09
4178,41,6688303,0,5769,0,-24,3.46667361e-09,3.46667361e-09
4179,43,6694072,0,5769,0,18.446539,3.46667361e-09,3.46667361e-09
4180,42,6694072,0,5769,0,24,3.46667361e-09,3.46667361e-09
4181,41,6694072,0,5769,0,-24,3.46667361e-09,3.46667361e-09
4182,40,6694072,0,5769,0,1,3.46667361e-09,3.46667361e-09
4183,43,6699841,0,5769,0,18.446539,3.46667361e-09,3.46667361e-09
4184,42,6699841,0,5769,0,24,3.46667361e-09,3.46667361e-09
4185,41,6699841,0,5769,0,-23,3.46667361e-09,3.46667361e-09
4186,43,6705610,0,5769,0,18.446539,3.46667361e-09,3.46667361e-09
4187,42,6705610,0,5769,0,23,3.46667361e-09,3.46667361e-09
4188,41,6705610,0,5769,0,-24,3.46667361e-09,3.46667361e-09
4189,43,6711379,0,5769,0,18.446539,3.46667361e-09,3.46667361e-09
4190,42,6711379,0,5769,0,24,3.46667361e-09,3.46667361e-09
4191,41,6711379,0,5769,0,-24,3.46667361e-09,3.46667361e-09
4192,40,6711379,0,5769,0,1,3.46667361e-09,3.46667361e-09
4193,43,6717148,0,5769,0,18.446539,3.46667361e-09,3.46667361e-09
4194,42,6717148,0,5769,0,24,3.46667361e-09,3.46667361e-09
4195,41,6717148,0,5769,0,-24,3.46667361e-09,3.46667361e-09
4196,43,6722917,0,5769,0,18.446539,3.46667361e-09,3.46667361e-09
4197,42,6722917,0,5769,0,24,3.46667361e-09,3.46667361e-09
4198,41,6722917,0,5769,0,-23,3.46667361e-09,3.46667361e-09
4199,40,6722917,0,5769,0,1,3.46667361e-09,3.46667361e-09
4200,43,6728686,0,5769,0,18.446539,3.46667361e-09,3.46667361e-09
4201,42,6728686,0,5769,0,24,3.46667361e-09,3.46667361e-09
4202,41,6728686,0,5769,0,-24,3.46667361e-09,3.46667361e-09
4203,43,6734455,0,5769,0,18.446539,3.46667361e-09,3.46667361e-09
4204,42,6734455,0,5769,0,24,3.46667361e-09,3.46667361e-09
4205,41,6734455,0,5769,0,-24,3.46667361e-09,3.46667361e-09
4206,40,6734455,0,5769,0,1,3.46667361e-09,3.46667361e-09
4207,43,6740224,0,5769,0,18.446539,3.46667361e-09,3.46667361e-09
4208,42,6740224,0,5769,0,23,3.46667361e-09,3.46667361e-09
4209,41,6740224,0,5769,0,-23,3.46667361e-09,3.46667361e-09
4210,43,6745993,0,5769,0,18.446539,3.46667361e-09,3.46667361e-09
4211,42,6745993,0,5769,0,24,3.46667361e-09,3.46667361e-09
4212,41,6745993,0,5769,0,-24,3.46667361e-09,3.46667361e-09
4213,40,6745993,0,5769,0,1,3.46667361e-09,3.46667361e-09
4214,43,6751762,0,5769,0,18.446539,3.46667361e-09,3.46667361e-09
4215,42,6751762,0,5769,0,24,3.46667361e-09,3.46667361e-09
4216,41,6751762,0,5769,0,-24,3.46667361e-09,3.46667361e-09
4217,43,6757531,0,5769,0,18.446539,3.46667361e-09,3.46667361e-09
4218,42,6757531,0,5769,0,24,3.46667361e-09,3.46667361e-09
4219,41,6757531,0,5769,0,-23,3.46667361e-09,3.46667361e-09
4220,40,6757531,0,5769,0,1,3.46667361e-09,3.46667361e-09
4221,43,6763300,0,5769,0,18.446539,3.46667361e-09,3.46667361e-09
4222,42,6763300,0,5769,0,24,3.46667361e-09,3.46667361e-09
4223,41,6763300,0,5769,0,-24,3.46667361e-09,3.46667361e-09
4224,43,6769069,0,5769,0,18.446539,3.46667361e-09,3.46667361e-09
4225,42,6769069,0,5769,0,24,3.46667361e-09,3.46667361e-09
4226,41,6769069,0,5769,0,-23,3.46667361e-09,3.46667361e-09
4227,40,6769069,0,5769,0,1,3.46667361e-09,3.46667361e-09
4228,43,6774838,0,5769,0,18.446539,3.46667361e-09,3.46667361e-09
4229,42,6774838,0,5769,0,24,3.46667361e-09,3.46667361e-09
4230,41,6774838,0,5769,0,-24,3.46667361e-09,3.46667361e-09
4231,43,6780607,0,5769,0,18.446539,3.46667361e-09,3.46667361e-09
4232,42,6780607,0,5769,0,24,3.46667361e-09,3.46667361e-09
4233,41,6780607,0,5769,0,-24,3.46667361e-09,3.46667361e-09
4234,40,6780607,0,5769,0,1,3.46667361e-09,3.46667361e-09
4235,43,6786376,0,5769,0,18.446539,3.46667361e-09,3.46667361e-09
4236,42,6786376,0,5769,0,24,3.46667361e-09,3.46667361e-09
4237,41,6786376,0,5769,0,-23,3.46667361e-09,3.46667361e-09
4238,40,6786376,0,5769,0,1,3.46667361e-09,3.46667361e-09
4239,43,6792145,0,5769,0,18.446539,3.46667361e-09,3.46667361e-09
4240,42,6792145,0,5769,0,23,3.46667361e-09,3.46667361e-09
4241,41,6792145,0,5769,0,-24,3.46667361e-09,3.46667361e-09
4242,43,6797914,0,5769,0,18.446539,3.46667361e-09,3.46667361e-09
4243,42,6797914,0,5769,0,24,3.46667361e-09,3.46667361e-09
4244,41,6797914,0,5769,0,-24,3.46667361e-09,3.46667361e-09
4245,40,6797914,0,5769,0,1,3.46667361e-09,3.46667361e-09
4246,43,6803683,0,5769,0,18.446539,3.46667361e-09,3.46667361e-09
4247,42,6803683,0,5769,0,24,3.46667361e-09,3.46667361e-09
4248,41,6803683,0,5769,0,-23,3.46667361e-09,3.46667361e-09
4249,40,6803683,0,5769,0,1,3.46667361e-09,3.46667361e-09
4250,43,6809452,0,5769,0,18.446539,3.46667361e-09,3.46667361e-09
4251,42,6809452,0,5769,0,24,3.46667361e-09,3.46667361e-09
4252,41,6809452,0,5769,0,-24,3.46667361e-09,3.46667361e-09
4253,43,6815221,0,5769,0,18.446539,3.46667273e-09,3.46667273e-09
4254,42,6815221,0,5769,0,24,3.46667273e-09,3.46667273e-09
4255,41,6815221,0,5769,0,-23,3.46667273e-09,3.46667273e-09
4256,40,6815221,0,5769,0,1,3.46667273e-09,3.46667273e-09
4257,43,6820990,0,5769,0,18.446539,3.46666984e-09,3.46666984e-09
4258,42,6820990,0,5769,0,24,3.46666984e-09,3.46666984e-09
4259,41,6820990,0,5769,0,-24,3.46666984e-09,3.46666984e-09
4260,40,6820990,0,5769,0,1,3.46666984e-09,3.46666984e-09
4261,43,6826759,0,5769,0,18.446539,3.46666984e-09,3.46666984e-09
4262,42,6826759,0,5769,0,24,3.46666984e-09,3.46666984e-09
4263,41,6826759,0,5769,0,-24,3.46666984e-09,3.46666984e-09
4264,40,6826759,0,5769,0,1,3.46666984e-09,3.46666984e-09
4265,43,6832528,0,5769,0,18.446539,3.46665918e-09,3.46665918e-09
4266,42,6832528,0,5769,0,24,3.46665918e-09,3.46665918e-09
4267,41,6832528,0,5769,0,-23,3.46665918e-09,3.46665918e-09
4268,43,6838297,0,5769,0,18.446539,3.46667361e-09,3.46667361e-09
4269,42,6838297,0,5769,0,24,3.46667361e-09,3.46667361e-09
4270,41,6838297,0,5769,0,-24,3.46667361e-09,3.46667361e-09
4271,40,6838297,0,5769,0,1,3.46667361e-09,3.46667361e-09
4272,43,6844066,0,5769,0,18.446539,3.46667361e-09,3.46667361e-09
4273,42,6844066,0,5769,0,24,3.46667361e-09,3.46667361e-09
4274,41,6844066,0,5769,0,-23,3.46667361e-09,3.46667361e-09
4275,40,6844066,0,5769,0,1,3.46667361e-09,3.46667361e-09
4276,43,6849835,0,5769,0,18.446539,3.46667361e-09,3.46667361e-09
4277,42,6849835,0,5769,0,24,3.46667361e-09,3.46667361e-09
4278,41,6849835,0,5769,0,-24,3.46667361e-09,3.46667361e-09
4279,40,6849835,0,5769,0,1,3.46667361e-09,3.46667361e-09
4280,43,6855604,0,5769,0,18.446539,3.46667361e-09,3.46667361e-09
4281,42,6855604,0,5769,0,23,3.46667361e-09,3.46667361e-09
4282,41,6855604,0,5769,0,-24,3.46667361e-09,3.46667361e-09
4283,40,6855604,0,5769,0,1,3.46667361e-09,3.46667361e-09
4284,43,6861373,0,5769,0,18.446539,3.46667361e-09,3.46667361e-09
4285,42,6861373,0,5769,0,24,3.46667361e-09,3.46667361e-09
4286,41,6861373,0,5769,0,-23,3.46667361e-09,3.46667361e-09
4287,40,6861373,0,5769,0,1,3.46667361e-09,3.46667361e-09
4288,43,6867142,0,5769,0,18.446539,3.46667361e-09,3.46667361e-09
4289,42,6867142,0,5769,0,24,3.46667361e-09,3.46667361e-09
4290,41,6867142,0,5769,0,-24,3.46667361e-09,3.46667361e-09
4291,40,6867142,0,5769,0,1,3.46667361e-09,3.46667361e-09
4292,43,6872911,0,5769,0,18.446539,3.46667361e-09,3.46667361e-09
4293,42,6872911,0,5769,0,24,3.46667361e-09,3.46667361e-09
4294,41,6872911,0,5769,0,-23,3.46667361e-09,3.46667361e-09
4295,40,6872911,0,5769,0,1,3.46667361e-09,3.46667361e-09
4296,43,6878680,0,5769,0,18.446539,3.46667361e-09,3.46667361e-09
4297,42,6878680,0,5769,0,24,3.46667361e-09,3.46667361e-09
4298,41,6878680,0,5769,0,-24,3.46667361e-09,3.46667361e-09
4299,40,6878680,0,5769,0,1,3.46667361e-09,3.46667361e-09
4300,43,6884449,0,5769,0,18.446539,3.46667361e-09,3.46667361e-09
4301,42,6884449,0,5769,0,24,3.46667361e-09,3.46667361e-09
4302,41,6884449,0,5769,0,-23,3.46667361e-09,3.46667361e-09
4303,43,6890218,0,5769,0,18.446539,3.46667361e-09,3.46667361e-09
4304,42,6890218,0,5769,0,24,3.46667361e-09,3.46667361e-09
4305,41,6890218,0,5769,0,-24,3.46667361e-09,3.46667361e-09
4306,40,6890218,0,5769,0,1,3.46667361e-09,3.46667361e-09
4307,43,6895987,0,5769,0,18.446539,3.46667361e-09,3.46667361e-09
4308,42,6895987,0,5769,0,24,3.46667361e-09,3.46667361e-09
4309,41,6895987,0,5769,0,-24,3.46667361e-09,3.46667361e-09
4310,40,6895987,0,5769,0,1,3.46667361e-09,3.46667361e-09
4311,43,6901756,0,5769,0,18.446539,3.46667361e-09,3.46667361e-09
4312,42,6901756,0,5769,0,24,3.46667361e-09,3.46667361e-09
4313,41,6901756,0,5769,0,-23,3.46667361e-09,3.46667361e-09
4314,40,6901756,0,5769,0,1,3.46667361e-09,3.46667361e-09
4315,43,6907525,0,5769,0,18.446539,3.46667361e-09,3.46667361e-09
4316,42,6907525,0,5769,0,24,3.46667361e-09,3.46667361e-09
4317,41,6907525,0,5769,0,-24,3.46667361e-09,3.46667361e-09
4318,40,6907525,0,5769,0,2,3.46667361e-09,3.46667361e-09
4319,43,6913294,0,5769,0,18.446539,3.46667361e-09,3.46667361e-09
4320,42,6913294,0,5769,0,24,3.46667361e-09,3.46667361e-09
4321,41,6913294,0,5769,0,-23,3.46667361e-09,3.46667361e-09
4322,40,6913294,0,5769,0,1,3.46667361e-09,3.46667361e-09
4323,43,6919063,0,5769,0,18.446539,3.46667361e-09,3.46667361e-09
4324,42,6919063,0,5769,0,24,3.46667361e-09,3.46667361e-09
4325,41,6919063,0,5769,0,-24,3.46667361e-09,3.46667361e-09
4326,40,6919063,0,5769,0,1,3.46667361e-09,3.46667361e-09
4327,43,6924832,0,5769,0,18.446539,3.46667361e-09,3.46667361e-09
4328,42,6924832,0,5769,0,24,3.46667361e-09,3.46667361e-09
4329,41,6924832,0,5769,0,-23,3.46667361e-09,3.46667361e-09
4330,40,6924832,0,5769,0,1,3.46667361e-09,3.46667361e-09
4331,43,6930601,0,5769,0,18.446539,3.46667361e-09,3.46667361e-09
4332,42,6930601,0,5769,0,24,3.46667361e-09,3.46667361e-09
4333,41,6930601,0,5769,0,-24,3.46667361e-09,3.46667361e-09
4334,40,6930601,0,5769,0,1,3.46667361e-09,3.46667361e-09
4335,43,6936370,0,5769,0,18.446539,3.46667361e-09,3.46667361e-09
4336,42,6936370,0,5769,0,24,3.46667361e-09,3.46667361e-09
4337,41,6936370,0,5769,0,-23,3.46667361e-09,3.46667361e-09
4338,40,6936370,0,5769,0,1,3.46667361e-09,3.46667361e-09
4339,43,6942139,0,5769,0,18.446539,3.46667361e-09,3.46667361e-09
4340,42,6942139,0,5769,0,24,3.46667361e-09,3.46667361e-09
4341,41,6942139,0,5769,0,-24,3.46667361e-09,3.46667361e-09
4342,40,6942139,0,5769,0,1,3.46667361e-09,3.46667361e-09
4343,43,6947908,0,5769,0,18.446539,3.46667361e-09,3.46667361e-09
4344,42,6947908,0,5769,0,24,3.46667361e-09,3.46667361e-09
4345,41,6947908,0,5769,0,-23,3.46667361e-09,3.46667361e-09
4346,40,6947908,0,5769,0,1,3.46667361e-09,3.46667361e-09
4347,43,6953677,0,5769,0,18.446539,3.46667361e-09,3.46667361e-09
4348,42,6953677,0,5769,0,24,3.46667361e-09,3.46667361e-09
4349,41,6953677,0,5769,0,-24,3.46667361e-09,3.46667361e-09
4350,40,6953677,0,5769,0,2,3.46667361e-09,3.46667361e-09
4351,43,6959446,0,5769,0,18.446539,3.46667361e-09,3.46667361e-09
4352,42,6959446,0,5769,0,24,3.46667361e-09,3.46667361e-09
4353,41,6959446,0,5769,0,-23,3.46667361e-09,3.46667361e-09
4354,40,6959446,0,5769,0,1,3.46667361e-09,3.46667361e-09
4355,43,6965215,0,5769,0,18.446539,3.46667361e-09,3.46667361e-09
4356,42,6965215,0,5769,0,24,3.46667361e-09,3.46667361e-09
4357,41,6965215,0,5769,0,-24,3.46667361e-09,3.46667361e-09
4358,40,6965215,0,5769,0,1,3.46667361e-09,3.46667361e-09
4359,43,6970984,0,5769,0,18.446539,3.46667361e-09,3.46667361e-09
4360,42,6970984,0,5769,0,24,3.46667361e-09,3.46667361e-09
4361,41,6970984,0,5769,0,-23,3.46667361e-09,3.46667361e-09
4362,40,6970984,0,5769,0,1,3.46667361e-09,3.46667361e-09
4363,43,6976753,0,5769,0,18.446539,3.46667361e-09,3.46667361e-09
4364,42,6976753,0,5769,0,24,3.46667361e-09,3.46667361e-09
4365,41,6976753,0,5769,0,-24,3.46667361e-09,3.46667361e-09
4366,40,6976753,0,5769,0,2,3.46667361e-09,3.46667361e-09
4367,43,6982522,0,5769,0,18.446539,3.46667361e-09,3.46667361e-09
4368,42,6982522,0,5769,0,24,3.46667361e-09,3.46667361e-09
4369,41,6982522,0,5769,0,-23,3.46667361e-09,3.46667361e-09
4370,40,6982522,0,5769,0,1,3.46667361e-09,3.46667361e-09
4371,43,6988291,0,5769,0,18.446539,3.46667361e-09,3.46667361e-09
4372,42,6988291,0,5769,0,24,3.46667361e-09,3.46667361e-09
4373,41,6988291,0,5769,0,-24,3.46667361e-09,3.46667361e-09
4374,40,6988291,0,5769,0,1,3.46667361e-09,3.46667361e-09
4375,43,6994060,0,5769,0,18.446539,3.46667361e-09,3.46667361e-09
4376,42,6994060,0,5769,0,24,3.46667361e-09,3.46667361e-09
4377,41,6994060,0,5769,0,-23,3.46667361e-09,3.46667361e-09
4378,40,6994060,0,5769,0,1,3.46667361e-09,3.46667361e-09
4379,43,6999829,0,5769,0,18.446539,3.46667361e-09,3.46667361e-09
4380,42,6999829,0,5769,0,24,3.46667361e-09,3.46667361e-09
4381,41,6999829,0,5769,0,-24,3.46667361e-09,3.46667361e-09
4382,40,6999829,0,5769,0,2,3.46667361e-09,3.46667361e-09
4383,43,7005598,0,5769,0,18.446539,3.46667361e-09,3.46667361e-09
4384,42,7005598,0,5769,0,24,3.46667361e-09,3.46667361e-09
4385,41,7005598,0,5769,0,-23,3.46667361e-09,3.46667361e-09
4386,40,7005598,0,5769,0,1,3.46667361e-09,3.46667361e-09
4387,43,7011367,0,5769,0,18.446539,3.46667361e-09,3.46667361e-09
4388,42,7011367,0,5769,0,24,3.46667361e-09,3.46667361e-09
4389,41,7011367,0,5769,0,-24,3.46667361e-09,3.46667361e-09
4390,40,7011367,0,5769,0,2,3.46667361e-09,3.46667361e-09
4391,43,7017136,0,5769,0,18.446539,3.46667361e-09,3.46667361e-09
4392,42,7017136,0,5769,0,24,3.46667361e-09,3.46667361e-09
4393,41,7017136,0,5769,0,-23,3.46667361e-09,3.46667361e-09
4394,40,7017136,0,5769,0,1,3.46667361e-09,3.46667361e-09
4395,43,7022905,0,5769,0,18.446539,3.46667361e-09,3.46667361e-09
4396,42,7022905,0,5769,0,24,3.46667361e-09,3.46667361e-09
4397,41,7022905,0,5769,0,-24,3.46667361e-09,3.46667361e-09
4398,40,7022905,0,5769,0,1,3.46667361e-09,3.46667361e-09
4399,43,7028674,0,5769,0,18.446539,3.46667361e-09,3.46667361e-09
4400,42,7028674,0,5769,0,24,3.46667361e-09,3.46667361e-09
4401,41,7028674,0,5769,0,-23,3.46667361e-09,3.46667361e-09
4402,40,7028674,0,5769,0,2,3.46667361e-09,3.46667361e-09
4403,43,7034443,0,5769,0,18.446539,3.46667361e-09,3.46667361e-09
4404,42,7034443,0,5769,0,24,3.46667361e-09,3.46667361e-09
4405,41,7034443,0,5769,0,-23,3.46667361e-09,3.46667361e-09
4406,40,7034443,0,5769,0,1,3.46667361e-09,3.46667361e-09
4407,43,7040212,0,5769,0,18.446539,3.46667361e-09,3.46667361e-09
4408,42,7040212,0,5769,0,24,3.46667361e-09,3.46667361e-09
4409,41,7040212,0,5769,0,-24,3.46667361e-09,3.46667361e-09
4410,40,7040212,0,5769,0,2,3.46667361e-09,3.46667361e-09
4411,43,7045981,0,5769,0,18.446539,3.46667361e-09,3.46667361e-09
4412,42,7045981,0,5769,0,24,3.46667361e-09,3.46667361e-09
4413,41,7045981,0,5769,0,-23,3.46667361e-09,3.46667361e-09
4414,40,7045981,0,5769,0,1,3.46667361e-09,3.46667361e-09
4415,43,7051750,0,5769,0,18.446539,3.46667361e-09,3.46667361e-09
4416,42,7051750,0,5769,0,24,3.46667361e-09,3.46667361e-09
4417,41,7051750,0,5769,0,-24,3.46667361e-09,3.46667361e-09
4418,40,7051750,0,5769,0,2,3.46667361e-09,3.46667361e-09
4419,43,7057519,0,5769,0,18.446539,3.46667361e-09,3.46667361e-09
4420,42,7057519,0,5769,0,24,3.46667361e-09,3.46667361e-09
4421,41,7057519,0,5769,0,-23,3.46667361e-09,3.46667361e-09
4422,40,7057519,0,5769,0,1,3.46667361e-09,3.46667361e-09
4423,43,7063288,0,5769,0,18.446539,3.46667273e-09,3.46667273e-09
4424,42,7063288,0,5769,0,24,3.46667273e-09,3.46667273e-09
4425,41,7063288,0,5769,0,-24,3.46667273e-09,3.46667273e-09
4426,40,7063288,0,5769,0,2,3.46667273e-09,3.46667273e-09
4427,43,7069057,0,5769,0,18.446539,3.46667206e-09,3.46667206e-09
4428,42,7069057,0,5769,0,24,3.46667206e-09,3.46667206e-09
4429,41,7069057,0,5769,0,-23,3.46667206e-09,3.46667206e-09
4430,40,7069057,0,5769,0,1,3.46667206e-09,3.46667206e-09
4431,43,7074826,0,5769,0,18.446539,3.46665252e-09,3.46665252e-09
4432,42,7074826,0,5769,0,24,3.46665252e-09,3.46665252e-09
4433,41,7074826,0,5769,0,-23,3.46665252e-09,3.46665252e-09
4434,40,7074826,0,5769,0,2,3.46665252e-09,3.46665252e-09
4435,43,7080595,0,5769,0,18.446539,3.46665252e-09,3.46665252e-09
4436,42,7080595,0,5769,0,24,3.46665252e-09,3.46665252e-09
4437,41,7080595,0,5769,0,-24,3.46665252e-09,3.46665252e-09
4438,40,7080595,0,5769,0,2,3.46665252e-09,3.46665252e-09
4439,43,7086364,0,5769,0,18.446539,3.46665252e-09,3.46665252e-09
4440,42,7086364,0,5769,0,24,3.46665252e-09,3.46665252e-09
4441,41,7086364,0,5769,0,-23,3.46665252e-09,3.46665252e-09
4442,40,7086364,0,5769,0,1,3.46665252e-09,3.46665252e-09
4443,43,7092133,0,5769,0,18.446539,3.46665252e-09,3.46665252e-09
4444,42,7092133,0,5769,0,24,3.46665252e-09,3.46665252e-09
4445,41,7092133,0,5769,0,-24,3.46665252e-09,3.46665252e-09
4446,40,7092133,0,5769,0,2,3.46665252e-09,3.46665252e-09
4447,43,7097902,0,5769,0,18.446539,3.46665252e-09,3.46665252e-09
4448,42,7097902,0,5769,0,25,3.46665252e-09,3.46665252e-09
4449,41,7097902,0,5769,0,-23,3.46665252e-09,3.46665252e-09
4450,40,7097902,0,5769,0,2,3.46665252e-09,3.46665252e-09
4451,43,7103671,0,5769,0,18.446539,3.46665252e-09,3.46665252e-09
4452,42,7103671,0,5769,0,24,3.46665252e-09,3.46665252e-09
4453,41,7103671,0,5769,0,-23,3.46665252e-09,3.46665252e-09
4454,40,7103671,0,5769,0,1,3.46665252e-09,3.46665252e-09
4455,43,7109440,0,5769,0,18.446539,3.46665252e-09,3.46665252e-09
4456,42,7109440,0,5769,0,24,3.46665252e-09,3.46665252e-09
4457,41,7109440,0,5769,0,-24,3.46665252e-09,3.46665252e-09
4458,40,7109440,0,5769,0,2,3.46665252e-09,3.46665252e-09
4459,43,7115209,0,5769,0,18.446539,3.46665252e-09,3.46665252e-09
4460,42,7115209,0,5769,0,24,3.46665252e-09,3.46665252e-09
4461,41,7115209,0,5769,0,-23,3.46665252e-09,3.46665252e-09
4462,40,7115209,0,5769,0,2,3.46665252e-09,3.46665252e-09
4463,43,7120978,0,5769,0,18.446539,3.46665541e-09,3.46665541e-09
4464,42,7120978,0,5769,0,24,3.46665541e-09,3.46665541e-09
4465,41,7120978,0,5769,0,-24,3.46665541e-09,3.46665541e-09
4466,40,7120978,0,5769,0,1,3.46665541e-09,3.46665541e-09
4467,43,7126747,0,5769,0,18.446539,3.46665541e-09,3.46665541e-09
4468,42,7126747,0,5769,0,24,3.46665541e-09,3.46665541e-09
4469,41,7126747,0,5769,0,-23,3.46665541e-09,3.46665541e-09
4470,40,7126747,0,5769,0,2,3.46665541e-09,3.46665541e-09
4471,43,7132516,0,5769,0,18.446539,3.46665541e-09,3.46665541e-09
4472,42,7132516,0,5769,0,24,3.46665541e-09,3.46665541e-09
4473,41,7132516,0,5769,0,-23,3.46665541e-09,3.46665541e-09
4474,40,7132516,0,5769,0,2,3.46665541e-09,3.46665541e-09
4475,43,7138285,0,5769,0,18.446537,3.46668982e-09,3.46668982e-09
4476,42,7138285,0,5769,0,24,3.46668982e-09,3.46668982e-09
4477,41,7138285,0,5769,0,-24,3.46668982e-09,3.46668982e-09
4478,40,7138285,0,5769,0,2,3.46668982e-09,3.46668982e-09
4479,43,7144054,0,5769,0,18.446539,3.46665407e-09,3.46665407e-09
4480,42,7144054,0,5769,0,24,3.46665407e-09,3.46665407e-09
4481,41,7144054,0,5769,0,-23,3.46665407e-09,3.46665407e-09
4482,40,7144054,0,5769,0,2,3.46665407e-09,3.46665407e-09
4483,43,7149823,0,5769,0,18.446539,3.46665407e-09,3.46665407e-09
4484,42,7149823,0,5769,0,24,3.46665407e-09,3.46665407e-09
4485,41,7149823,0,5769,0,-23,3.46665407e-09,3.46665407e-09
4486,40,7149823,0,5769,0,2,3.46665407e-09,3.46665407e-09
4487,43,7155592,0,5769,0,18.446537,3.46668982e-09,3.46668982e-09
4488,42,7155592,0,5769,0,24,3.46668982e-09,3.46668982e-09
4489,41,7155592,0,5769,0,-24,3.46668982e-09,3.46668982e-09
4490,40,7155592,0,5769,0,1,3.46668982e-09,3.46668982e-09
4491,43,7161361,0,5769,0,18.446537,3.46668982e-09,3.46668982e-09
4492,42,7161361,0,5769,0,25,3.46668982e-09,3.46668982e-09
4493,41,7161361,0,5769,0,-23,3.46668982e-09,3.46668982e-09
4494,40,7161361,0,5769,0,2,3.46668982e-09,3.46668982e-09
4495,43,7167130,0,5769,0,18.446539,3.46665407e-09,3.46665407e-09
4496,42,7167130,0,5769,0,24,3.46665407e-09,3.46665407e-09
4497,41,7167130,0,5769,0,-23,3.46665407e-09,3.46665407e-09
4498,40,7167130,0,5769,0,2,3.46665407e-09,3.46665407e-09
4499,43,7172899,0,5769,0,18.446539,3.46665407e-09,3.46665407e-09
4500,42,7172899,0,5769,0,24,3.46665407e-09,3.46665407e-09
4501,41,7172899,0,5769,0,-24,3.46665407e-09,3.46665407e-09
4502,40,7172899,0,5769,0,2,3.46665407e-09,3.46665407e-09
4503,43,7178668,0,5769,0,18.446537,3.46668982e-09,3.46668982e-09
4504,42,7178668,0,5769,0,24,3.46668982e-09,3.46668982e-09
4505,41,7178668,0,5769,0,-23,3.46668982e-09,3.46668982e-09
4506,40,7178668,0,5769,0,2,3.46668982e-09,3.46668982e-09
4507,43,7184437,0,5769,0,18.446537,3.46668982e-09,3.46668982e-09
4508,42,7184437,0,5769,0,24,3.46668982e-09,3.46668982e-09
4509,41,7184437,0,5769,0,-23,3.46668982e-09,3.46668982e-09
4510,40,7184437,0,5769,0,2,3.46668982e-09,3.46668982e-09
4511,43,7190206,0,5769,0,18.446539,3.46665407e-09,3.46665407e-09
4512,42,7190206,0,5769,0,24,3.46665407e-09,3.46665407e-09
4513,41,7190206,0,5769,0,-24,3.46665407e-09,3.46665407e-09
4514,40,7190206,0,5769,0,2,3.46665407e-09,3.46665407e-09
4515,43,7195975,0,5769,0,18.446539,3.46665407e-09,3.46665407e-09
4516,42,7195975,0,5769,0,24,3.46665407e-09,3.46665407e-09
4517,41,7195975,0,5769,0,-23,3.46665407e-09,3.46665407e-09
4518,40,7195975,0,5769,0,2,3.46665407e-09,3.46665407e-09
4519,43,7201744,0,5769,0,18.446537,3.46668982e-09,3.46668982e-09
4520,42,7201744,0,5769,0,24,3.46668982e-09,3.46668982e-09
4521,41,7201744,0,5769,0,-23,3.46668982e-09,3.46668982e-09
4522,40,7201744,0,5769,0,2,3.46668982e-09,3.46668982e-09
4523,43,7207513,0,5769,0,18.446537,3.46668982e-09,3.46668982e-09
4524,42,7207513,0,5769,0,24,3.46668982e-09,3.46668982e-09
4525,41,7207513,0,5769,0,-24,3.46668982e-09,3.46668982e-09
4526,40,7207513,0,5769,0,2,3.46668982e-09,3.46668982e-09
4527,43,7213282,0,5769,0,18.446539,3.46665407e-09,3.46665407e-09
4528,42,7213282,0,5769,0,25,3.46665407e-09,3.46665407e-09
4529,41,7213282,0,5769,0,-23,3.46665407e-09,3.46665407e-09
4530,40,7213282,0,5769,0,2,3.46665407e-09,3.46665407e-09
4531,43,7219051,0,5769,0,18.446539,3.46665407e-09,3.46665407e-09
4532,42,7219051,0,5769,0,24,3.46665407e-09,3.46665407e-09
4533,41,7219051,0,5769,0,-23,3.46665407e-09,3.46665407e-09
4534,40,7219051,0,5769,0,2,3.46665407e-09,3.46665407e-09
4535,43,7224820,0,5769,0,18.446537,3.46668982e-09,3.46668982e-09
4536,42,7224820,0,5769,0,24,3.46668982e-09,3.46668982e-09
4537,41,7224820,0,5769,0,-23,3.46668982e-09,3.46668982e-09
4538,40,7224820,0,5769,0,2,3.46668982e-09,3.46668982e-09
4539,43,7230589,0,5769,0,18.446537,3.46668982e-09,3.46668982e-09
4540,42,7230589,0,5769,0,24,3.46668982e-09,3.46668982e-09
4541,41,7230589,0,5769,0,-24,3.46668982e-09,3.46668982e-09
4542,40,7230589,0,5769,0,2,3.46668982e-09,3.46668982e-09
4543,43,7236358,0,5769,0,18.446539,3.46665407e-09,3.46665407e-09
4544,42,7236358,0,5769,0,24,3.46665407e-09,3.46665407e-09
4545,41,7236358,0,5769,0,-23,3.46665407e-09,3.46665407e-09
4546,40,7236358,0,5769,0,2,3.46665407e-09,3.46665407e-09
4547,43,7242127,0,5769,0,18.446539,3.46665407e-09,3.46665407e-09
4548,42,7242127,0,5769,0,24,3.46665407e-09,3.46665407e-09
4549,41,7242127,0,5769,0,-23,3.46665407e-09,3.46665407e-09
4550,40,7242127,0,5769,0,3,3.46665407e-09,3.46665407e-09
4551,43,7247896,0,5769,0,18.446537,3.46668982e-09,3.46668982e-09
4552,42,7247896,0,5769,0,24,3.46668982e-09,3.46668982e-09
4553,41,7247896,0,5769,0,-23,3.46668982e-09,3.46668982e-09
4554,40,7247896,0,5769,0,2,3.46668982e-09,3.46668982e-09
4555,43,7253665,0,5769,0,18.446537,3.46668982e-09,3.46668982e-09
4556,42,7253665,0,5769,0,25,3.46668982e-09,3.46668982e-09
4557,41,7253665,0,5769,0,-24,3.46668982e-09,3.46668982e-09
4558,40,7253665,0,5769,0,2,3.46668982e-09,3.46668982e-09
4559,43,7259434,0,5769,0,18.446539,3.46665407e-09,3.46665407e-09
4560,42,7259434,0,5769,0,24,3.46665407e-09,3.46665407e-09
4561,41,7259434,0,5769,0,-23,3.46665407e-09,3.46665407e-09
4562,40,7259434,0,5769,0,2,3.46665407e-09,3.46665407e-09
4563,43,7265203,0,5769,0,18.446539,3.46665407e-09,3.46665407e-09
4564,42,7265203,0,5769,0,24,3.46665407e-09,3.46665407e-09
4565,41,7265203,0,5769,0,-23,3.46665407e-09,3.46665407e-09
4566,40,7265203,0,5769,0,2,3.46665407e-09,3.46665407e-09
4567,43,7270972,0,5769,0,18.446537,3.46668982e-09,3.46668982e-09
4568,42,7270972,0,5769,0,24,3.46668982e-09,3.46668982e-09
4569,41,7270972,0,5769,0,-23,3.46668982e-09,3.46668982e-09
4570,40,7270972,0,5769,0,3,3.46668982e-09,3.46668982e-09
4571,43,7276741,0,5769,0,18.446537,3.46668982e-09,3.46668982e-09
4572,42,7276741,0,5769,0,24,3.46668982e-09,3.46668982e-09
4573,41,7276741,0,5769,0,-24,3.46668982e-09,3.46668982e-09
4574,40,7276741,0,5769,0,2,3.46668982e-09,3.46668982e-09
4575,43,7282510,0,5769,0,18.446539,3.46665407e-09,3.46665407e-09
4576,42,7282510,0,5769,0,24,3.46665407e-09,3.46665407e-09
4577,41,7282510,0,5769,0,-23,3.46665407e-09,3.46665407e-09
4578,40,7282510,0,5769,0,2,3.46665407e-09,3.46665407e-09
4579,43,7288279,0,5769,0,18.446539,3.46665407e-09,3.46665407e-09
4580,42,7288279,0,5769,0,25,3.46665407e-09,3.46665407e-09
4581,41,7288279,0,5769,0,-23,3.46665407e-09,3.46665407e-09
4582,40,7288279,0,5769,0,2,3.46665407e-09,3.46665407e-09
4583,43,7294048,0,5769,0,18.446537,3.46668982e-09,3.46668982e-09
4584,42,7294048,0,5769,0,24,3.46668982e-09,3.46668982e-09
4585,41,7294048,0,5769,0,-23,3.46668982e-09,3.46668982e-09
4586,40,7294048,0,5769,0,3,3.46668982e-09,3.46668982e-09
4587,43,7299817,0,5769,0,18.446537,3.46668982e-09,3.46668982e-09
4588,42,7299817,0,5769,0,24,3.46668982e-09,3.46668982e-09
4589,41,7299817,0,5769,0,-24,3.46668982e-09,3.46668982e-09
4590,40,7299817,0,5769,0,2,3.46668982e-09,3.46668982e-09
4591,43,7305586,0,5769,0,18.446539,3.46665407e-09,3.46665407e-09
4592,42,7305586,0,5769,0,24,3.46665407e-09,3.46665407e-09
4593,41,7305586,0,5769,0,-23,3.46665407e-09,3.46665407e-09
4594,40,7305586,0,5769,0,2,3.46665407e-09,3.46665407e-09
4595,43,7311355,0,5769,0,18.446539,3.46665407e-09,3.46665407e-09
4596,42,7311355,0,5769,0,24,3.46665407e-09,3.46665407e-09
4597,41,7311355,0,5769,0,-23,3.46665407e-09,3.46665407e-09
4598,40,7311355,0,5769,0,3,3.46665407e-09,3.46665407e-09
4599,43,7317124,0,3846,1962,18.446537,3.46668982e-09,3.46668982e-09
4600,42,7317124,0,3846,1962,24,3.46668982e-09,3.46668982e-09
4601,41,7317124,0,3846,1962,-23,3.46668982e-09,3.46668982e-09
4602,40,7317124,0,3846,1962,2,3.46668982e-09,3.46668982e-09
4603,43,7322932,0,0,6436,18.446537,3.46668982e-09,3.46668982e-09
4604,42,7322932,0,0,6436,25,3.46668982e-09,3.46668982e-09
4605,41,7322932,0,0,6436,-23,3.46668982e-09,3.46668982e-09
4606,40,7322932,0,0,6436,3,3.46668982e-09,3.46668982e-09
4607,43,7329368,0,0,7634,18.446539,3.46665341e-09,3.46665341e-09
4608,42,7329368,0,0,7634,24,3.46665341e-09,3.46665341e-09
4609,41,7329368,0,0,7634,-24,3.46665341e-09,3.46665341e-09
4610,40,7329368,0,0,7634,2,3.46665341e-09,3.46665341e-09
4611,43,7337002,0,0,9949,18.446539,3.46665341e-09,3.46665341e-09
4612,42,7337002,0,0,9949,24,3.46665341e-09,3.46665341e-09
4613,41,7337002,0,0,9949,-23,3.46665341e-09,3.46665341e-09
4614,40,7337002,0,0,9949,2,3.46665341e-09,3.46665341e-09
4615,43,7346951,0,0,24019,18.446537,3.46668849e-09,3.46668849e-09
4616,42,7346951,0,0,24019,24,3.46668849e-09,3.46668849e-09
4617,41,7346951,0,0,24019,-23,3.46668849e-09,3.46668849e-09
4618,40,7346951,0,0,24019,3,3.46668849e-09,3.46668849e-09
4619,42,7370970,24009,0,0,10,3.46952644e-09,3.46952644e-09
4620,41,7370970,24009,0,0,-25,3.46952644e-09,3.46952644e-09
4621,40,7370970,24009,0,0,20,3.46952644e-09,3.46952644e-09
4622,42,7394979,9945,0,0,11,3.46952600e-09,3.46952600e-09
4623,41,7394979,9945,0,0,-25,3.46952600e-09,3.46952600e-09
4624,40,7394979,9945,0,0,20,3.46952600e-09,3.46952600e-09
4625,42,7404924,7631,0,0,10,3.46952644e-09,3.46952644e-09
4626,41,7404924,7631,0,0,-25,3.46952644e-09,3.46952644e-09
4627,40,7404924,7631,0,0,20,3.46952644e-09,3.46952644e-09
4628,42,7412555,6433,0,0,10,3.46952644e-09,3.46952644e-09
4629,41,7412555,6433,0,0,-25,3.46952644e-09,3.46952644e-09
4630,40,7412555,6433,0,0,20,3.46952644e-09,3.46952644e-09
4631,42,7418988,1981,3822,0,10,3.46952644e-09,3.46952644e-09
4632,41,7418988,1981,3822,0,-24,3.46952644e-09,3.46952644e-09
4633,40,7418988,1981,3822,0,21,3.46952644e-09,3.46952644e-09
4634,42,7424791,0,5764,0,10,3.46952644e-09,3.46952644e-09
4635,41,7424791,0,5764,0,-25,3.46952644e-09,3.46952644e-09
4636,40,7424791,0,5764,0,20,3.46952644e-09,3.46952644e-09
4637,42,7430555,0,5764,0,11,3.46952644e-09,3.46952644e-09
4638,41,7430555,0,5764,0,-25,3.46952644e-09,3.46952644e-09
4639,40,7430555,0,5764,0,20,3.46952644e-09,3.46952644e-09
4640,42,7436319,0,5764,0,10,3.46952644e-09,3.46952644e-09
4641,41,7436319,0,5764,0,-25,3.46952644e-09,3.46952644e-09
4642,40,7436319,0,5764,0,20,3.46952644e-09,3.46952644e-09
4643,42,7442083,0,5764,0,10,3.46952644e-09,3.46952644e-09
4644,41,7442083,0,5764,0,-25,3.46952644e-09,3.46952644e-09
4645,40,7442083,0,5764,0,20,3.46952644e-09,3.46952644e-09
4646,42,7447847,0,5764,0,11,3.46952644e-09,3.46952644e-09
4647,41,7447847,0,5764,0,-25,3.46952644e-09,3.46952644e-09
4648,40,7447847,0,5764,0,20,3.46952644e-09,3.46952644e-09
4649,42,7453611,0,5764,0,10,3.46952644e-09,3.46952644e-09
4650,41,7453611,0,5764,0,-25,3.46952644e-09,3.46952644e-09
4651,40,7453611,0,5764,0,21,3.46952644e-09,3.46952644e-09
4652,42,7459375,0,5764,0,10,3.46952644e-09,3.46952644e-09
4653,41,7459375,0,5764,0,-24,3.46952644e-09,3.46952644e-09
4654,40,7459375,0,5764,0,20,3.46952644e-09,3.46952644e-09
4655,42,7465139,0,5764,0,11,3.46952644e-09,3.46952644e-09
4656,41,7465139,0,5764,0,-25,3.46952644e-09,3.46952644e-09
4657,40,7465139,0,5764,0,20,3.46952644e-09,3.46952644e-09
4658,42,7470903,0,5764,0,10,3.46952644e-09,3.46952644e-09
4659,41,7470903,0,5764,0,-25,3.46952644e-09,3.46952644e-09
4660,40,7470903,0,5764,0,20,3.46952644e-09,3.46952644e-09
4661,42,7476667,0,5764,0,10,3.46952644e-09,3.46952644e-09
4662,41,7476667,0,5764,0,-25,3.46952644e-09,3.46952644e-09
4663,40,7476667,0,5764,0,21,3.46952644e-09,3.46952644e-09
4664,42,7482431,0,5764,0,11,3.46952644e-09,3.46952644e-09
4665,41,7482431,0,5764,0,-25,3.46952644e-09,3.46952644e-09
4666,40,7482431,0,5764,0,20,3.46952644e-09,3.46952644e-09
4667,42,7488195,0,5764,0,10,3.46952644e-09,3.46952644e-09
4668,41,7488195,0,5764,0,-25,3.46952644e-09,3.46952644e-09
4669,40,7488195,0,5764,0,20,3.46952644e-09,3.46952644e-09
4670,42,7493959,0,5764,0,11,3.46952644e-09,3.46952644e-09
4671,41,7493959,0,5764,0,-25,3.46952644e-09,3.46952644e-09
4672,40,7493959,0,5764,0,20,3.46952644e-09,3.46952644e-09
4673,42,7499723,0,5764,0,10,3.46952644e-09,3.46952644e-09
4674,41,7499723,0,5764,0,-24,3.46952644e-09,3.46952644e-09
4675,40,7499723,0,5764,0,20,3.46952644e-09,3.46952644e-09
4676,42,7505487,0,5764,0,10,3.46952644e-09,3.46952644e-09
4677,41,7505487,0,5764,0,-25,3.46952644e-09,3.46952644e-09
4678,40,7505487,0,5764,0,21,3.46952644e-09,3.46952644e-09
4679,42,7511251,0,5764,0,11,3.46952644e-09,3.46952644e-09
4680,41,7511251,0,5764,0,-25,3.46952644e-09,3.46952644e-09
4681,40,7511251,0,5764,0,20,3.46952644e-09,3.46952644e-09
4682,42,7517015,0,5764,0,10,3.46952644e-09,3.46952644e-09
4683,41,7517015,0,5764,0,-25,3.46952644e-09,3.46952644e-09
4684,40,7517015,0,5764,0,20,3.46952644e-09,3.46952644e-09
4685,42,7522779,0,5764,0,11,3.46952644e-09,3.46952644e-09
4686,41,7522779,0,5764,0,-25,3.46952644e-09,3.46952644e-09
4687,40,7522779,0,5764,0,21,3.46952644e-09,3.46952644e-09
4688,42,7528543,0,5764,0,11,3.46952644e-09,3.46952644e-09
4689,41,7528543,0,5764,0,-25,3.46952644e-09,3.46952644e-09
4690,40,7528543,0,5764,0,20,3.46952644e-09,3.46952644e-09
4691,42,7534307,0,5764,0,10,3.46952644e-09,3.46952644e-09
4692,41,7534307,0,5764,0,-24,3.46952644e-09,3.46952644e-09
4693,40,7534307,0,5764,0,20,3.46952644e-09,3.46952644e-09
4694,42,7540071,0,5764,0,11,3.46952644e-09,3.46952644e-09
4695,41,7540071,0,5764,0,-25,3.46952644e-09,3.46952644e-09
4696,40,7540071,0,5764,0,20,3.46952644e-09,3.46952644e-09
4697,42,7545835,0,5764,0,10,3.46952644e-09,3.46952644e-09
4698,41,7545835,0,5764,0,-25,3.46952644e-09,3.46952644e-09
4699,40,7545835,0,5764,0,21,3.46952644e-09,3.46952644e-09
4700,42,7551599,0,5764,0,11,3.46952644e-09,3.46952644e-09
4701,41,7551599,0,5764,0,-25,3.46952644e-09,3.46952644e-09
4702,40,7551599,0,5764,0,20,3.46952644e-09,3.46952644e-09
4703,42,7557363,0,5764,0,10,3.46952644e-09,3.46952644e-09
4704,41,7557363,0,5764,0,-25,3.46952644e-09,3.46952644e-09
4705,40,7557363,0,5764,0,20,3.46952644e-09,3.46952644e-09
4706,42,7563127,0,5764,0,11,3.46952644e-09,3.46952644e-09
4707,41,7563127,0,5764,0,-24,3.46952644e-09,3.46952644e-09
4708,40,7563127,0,5764,0,21,3.46952644e-09,3.46952644e-09
4709,42,7568891,0,5764,0,11,3.46952644e-09,3.46952644e-09
4710,41,7568891,0,5764,0,-25,3.46952644e-09,3.46952644e-09
4711,40,7568891,0,5764,0,20,3.46952644e-09,3.46952644e-09
4712,42,7574655,0,5764,0,10,3.46952644e-09,3.46952644e-09
4713,41,7574655,0,5764,0,-25,3.46952644e-09,3.46952644e-09
4714,40,7574655,0,5764,0,20,3.46952644e-09,3.46952644e-09
4715,42,7580419,0,5764,0,11,3.46952644e-09,3.46952644e-09
4716,41,7580419,0,5764,0,-25,3.46952644e-09,3.46952644e-09
4717,40,7580419,0,5764,0,21,3.46952644e-09,3.46952644e-09
4718,42,7586183,0,5764,0,11,3.46952644e-09,3.46952644e-09
4719,41,7586183,0,5764,0,-25,3.46952644e-09,3.46952644e-09
4720,40,7586183,0,5764,0,20,3.46952644e-09,3.46952644e-09
4721,42,7591947,0,5764,0,11,3.46952644e-09,3.46952644e-09
4722,41,7591947,0,5764,0,-24,3.46952644e-09,3.46952644e-09
4723,40,7591947,0,5764,0,21,3.46952644e-09,3.46952644e-09
4724,42,7597711,0,5764,0,10,3.46952644e-09,3.46952644e-09
4725,41,7597711,0,5764,0,-25,3.46952644e-09,3.46952644e-09
4726,40,7597711,0,5764,0,20,3.46952644e-09,3.46952644e-09
4727,42,7603475,0,5764,0,11,3.46952644e-09,3.46952644e-09
4728,41,7603475,0,5764,0,-25,3.46952644e-09,3.46952644e-09
4729,40,7603475,0,5764,0,20,3.46952644e-09,3.46952644e-09
4730,42,7609239,0,5764,0,11,3.46952644e-09,3.46952644e-09
4731,41,7609239,0,5764,0,-25,3.46952644e-09,3.46952644e-09
4732,40,7609239,0,5764,0,21,3.46952644e-09,3.46952644e-09
4733,42,7615003,0,5764,0,11,3.46952644e-09,3.46952644e-09
4734,41,7615003,0,5764,0,-25,3.46952644e-09,3.46952644e-09
4735,40,7615003,0,5764,0,20,3.46952644e-09,3.46952644e-09
4736,42,7620767,0,5764,0,10,3.46952644e-09,3.46952644e-09
4737,41,7620767,0,5764,0,-24,3.46952644e-09,3.46952644e-09
4738,40,7620767,0,5764,0,21,3.46952644e-09,3.46952644e-09
4739,42,7626531,0,5764,0,11,3.46952644e-09,3.46952644e-09
4740,41,7626531,0,5764,0,-25,3.46952644e-09,3.46952644e-09
4741,40,7626531,0,5764,0,20,3.46952644e-09,3.46952644e-09
4742,42,7632295,0,5764,0,11,3.46952644e-09,3.46952644e-09
4743,41,7632295,0,5764,0,-25,3.46952644e-09,3.46952644e-09
4744,40,7632295,0,5764,0,20,3.46952644e-09,3.46952644e-09
4745,42,7638059,0,5764,0,11,3.46952644e-09,3.46952644e-09
4746,41,7638059,0,5764,0,-25,3.46952644e-09,3.46952644e-09
4747,40,7638059,0,5764,0,21,3.46952644e-09,3.46952644e-09
4748,42,7643823,0,5764,0,11,3.46952644e-09,3.46952644e-09
4749,41,7643823,0,5764,0,-25,3.46952644e-09,3.46952644e-09
4750,40,7643823,0,5764,0,20,3.46952644e-09,3.46952644e-09
4751,42,7649587,0,5764,0,11,3.46952644e-09,3.46952644e-09
4752,41,7649587,0,5764,0,-24,3.46952644e-09,3.46952644e-09
4753,40,7649587,0,5764,0,21,3.46952644e-09,3.46952644e-09
4754,42,7655351,0,5764,0,11,3.46952644e-09,3.46952644e-09
4755,41,7655351,0,5764,0,-25,3.46952644e-09,3.46952644e-09
4756,40,7655351,0,5764,0,20,3.46952644e-09,3.46952644e-09
4757,42,7661115,0,5764,0,10,3.46952644e-09,3.46952644e-09
4758,41,7661115,0,5764,0,-25,3.46952644e-09,3.46952644e-09
4759,40,7661115,0,5764,0,21,3.46952644e-09,3.46952644e-09
4760,42,7666879,0,5764,0,11,3.46952644e-09,3.46952644e-09
4761,41,7666879,0,5764,0,-25,3.46952644e-09,3.46952644e-09
4762,40,7666879,0,5764,0,20,3.46952644e-09,3.46952644e-09
4763,42,7672643,0,5764,0,11,3.46952644e-09,3.46952644e-09
4764,41,7672643,0,5764,0,-24,3.46952644e-09,3.46952644e-09
4765,40,7672643,0,5764,0,21,3.46952644e-09,3.46952644e-09
4766,42,7678407,0,5764,0,11,3.46952644e-09,3.46952644e-09
4767,41,7678407,0,5764,0,-25,3.46952644e-09,3.46952644e-09
4768,40,7678407,0,5764,0,20,3.46952644e-09,3.46952644e-09
4769,42,7684171,0,5764,0,11,3.46952644e-09,3.46952644e-09
4770,41,7684171,0,5764,0,-25,3.46952644e-09,3.46952644e-09
4771,40,7684171,0,5764,0,21,3.46952644e-09,3.46952644e-09
4772,42,7689935,0,5764,0,11,3.46952711e-09,3.46952711e-09
4773,41,7689935,0,5764,0,-25,3.46952711e-09,3.46952711e-09
4774,40,7689935,0,5764,0,20,3.46952711e-09,3.46952711e-09
4775,42,7695699,0,5764,0,11,3.46957640e-09,3.46957640e-09
4776,41,7695699,0,5764,0,-24,3.46957640e-09,3.46957640e-09
4777,40,7695699,0,5764,0,21,3.46957640e-09,3.46957640e-09
4778,42,7701463,0,5764,0,11,3.46957640e-09,3.46957640e-09
4779,41,7701463,0,5764,0,-25,3.46957640e-09,3.46957640e-09
4780,40,7701463,0,5764,0,20,3.46957640e-09,3.46957640e-09
4781,42,7707227,0,5764,0,11,3.46957640e-09,3.46957640e-09
4782,41,7707227,0,5764,0,-25,3.46957640e-09,3.46957640e-09
4783,40,7707227,0,5764,0,21,3.46957640e-09,3.46957640e-09
4784,42,7712991,0,5764,0,11,3.46957640e-09,3.46957640e-09
4785,41,7712991,0,5764,0,-25,3.46957640e-09,3.46957640e-09
4786,40,7712991,0,5764,0,20,3.46957640e-09,3.46957640e-09
4787,42,7718755,0,5764,0,12,3.46957640e-09,3.46957640e-09
4788,41,7718755,0,5764,0,-24,3.46957640e-09,3.46957640e-09
4789,40,7718755,0,5764,0,21,3.46957640e-09,3.46957640e-09
4790,42,7724519,0,5764,0,11,3.46957640e-09,3.46957640e-09
4791,41,7724519,0,5764,0,-25,3.46957640e-09,3.46957640e-09
4792,40,7724519,0,5764,0,20,3.46957640e-09,3.46957640e-09
4793,42,7730283,0,5764,0,11,3.46957640e-09,3.46957640e-09
4794,41,7730283,0,5764,0,-25,3.46957640e-09,3.46957640e-09
4795,40,7730283,0,5764,0,21,3.46957640e-09,3.46957640e-09
4796,42,7736047,0,5764,0,11,3.46957640e-09,3.46957640e-09
4797,41,7736047,0,5764,0,-25,3.46957640e-09,3.46957640e-09
4798,40,7736047,0,5764,0,20,3.46957640e-09,3.46957640e-09
4799,42,7741811,0,5764,0,11,3.46957640e-09,3.46957640e-09
4800,41,7741811,0,5764,0,-24,3.46957640e-09,3.46957640e-09
4801,40,7741811,0,5764,0,21,3.46957640e-09,3.46957640e-09
4802,42,7747575,0,5764,0,11,3.46957640e-09,3.46957640e-09
4803,41,7747575,0,5764,0,-25,3.46957640e-09,3.46957640e-09
4804,40,7747575,0,5764,0,20,3.46957640e-09,3.46957640e-09
4805,42,7753339,0,5764,0,11,3.46957640e-09,3.46957640e-09
4806,41,7753339,0,5764,0,-25,3.46957640e-09,3.46957640e-09
4807,40,7753339,0,5764,0,21,3.46957640e-09,3.46957640e-09
4808,42,7759103,0,5764,0,12,3.46957640e-09,3.46957640e-09
4809,41,7759103,0,5764,0,-25,3.46957640e-09,3.46957640e-09
4810,40,7759103,0,5764,0,21,3.46957640e-09,3.46957640e-09
4811,42,7764867,0,5764,0,11,3.46957640e-09,3.46957640e-09
4812,41,7764867,0,5764,0,-24,3.46957640e-09,3.46957640e-09
4813,40,7764867,0,5764,0,20,3.46957640e-09,3.46957640e-09
4814,42,7770631,0,5764,0,11,3.46957640e-09,3.46957640e-09
4815,41,7770631,0,5764,0,-25,3.46957640e-09,3.46957640e-09
4816,40,7770631,0,5764,0,21,3.46957640e-09,3.46957640e-09
4817,42,7776395,0,5764,0,11,3.46957640e-09,3.46957640e-09
4818,41,7776395,0,5764,0,-25,3.46957640e-09,3.46957640e-09
4819,40,7776395,0,5764,0,20,3.46957640e-09,3.46957640e-09
4820,42,7782159,0,5764,0,11,3.46957640e-09,3.46957640e-09
4821,41,7782159,0,5764,0,-24,3.46957640e-09,3.46957640e-09
4822,40,7782159,0,5764,0,21,3.46957640e-09,3.46957640e-09
4823,42,7787923,0,5764,0,12,3.46957640e-09,3.46957640e-09
4824,41,7787923,0,5764,0,-25,3.46957640e-09,3.46957640e-09
4825,40,7787923,0,5764,0,21,3.46957640e-09,3.46957640e-09
4826,42,7793687,0,5764,0,11,3.46957574e-09,3.46957574e-09
4827,41,7793687,0,5764,0,-25,3.46957574e-09,3.46957574e-09
4828,40,7793687,0,5764,0,20,3.46957574e-09,3.46957574e-09
4829,42,7799451,0,5764,0,11,3.46957574e-09,3.46957574e-09
4830,41,7799451,0,5764,0,-25,3.46957574e-09,3.46957574e-09
4831,40,7799451,0,5764,0,21,3.46957574e-09,3.46957574e-09
4832,42,7805215,0,5764,0,12,3.46957729e-09,3.46957729e-09
4833,41,7805215,0,5764,0,-24,3.46957729e-09,3.46957729e-09
4834,40,7805215,0,5764,0,20,3.46957729e-09,3.46957729e-09
4835,42,7810979,0,5765,0,11,3.46947915e-09,3.46947915e-09
4836,41,7810979,0,5765,0,-25,3.46947915e-09,3.46947915e-09
4837,40,7810979,0,5765,0,21,3.46947915e-09,3.46947915e-09
4838,42,7816744,0,5764,0,11,3.46957640e-09,3.46957640e-09
4839,41,7816744,0,5764,0,-25,3.46957640e-09,3.46957640e-09
4840,40,7816744,0,5764,0,21,3.46957640e-09,3.46957640e-09
4841,42,7822508,0,5764,0,12,3.46957485e-09,3.46957485e-09
4842,41,7822508,0,5764,0,-24,3.46957485e-09,3.46957485e-09
4843,40,7822508,0,5764,0,20,3.46957485e-09,3.46957485e-09
4844,42,7828272,0,5765,0,11,3.46947782e-09,3.46947782e-09
4845,41,7828272,0,5765,0,-25,3.46947782e-09,3.46947782e-09
4846,40,7828272,0,5765,0,21,3.46947782e-09,3.46947782e-09
4847,42,7834037,0,5765,0,12,3.46947915e-09,3.46947915e-09
4848,41,7834037,0,5765,0,-25,3.46947915e-09,3.46947915e-09
4849,40,7834037,0,5765,0,21,3.46947915e-09,3.46947915e-09
4850,42,7839802,0,5764,0,11,3.46957640e-09,3.46957640e-09
4851,41,7839802,0,5764,0,-24,3.46957640e-09,3.46957640e-09
4852,40,7839802,0,5764,0,20,3.46957640e-09,3.46957640e-09
4853,42,7845566,0,5764,0,11,3.46957485e-09,3.46957485e-09
4854,41,7845566,0,5764,0,-25,3.46957485e-09,3.46957485e-09
4855,40,7845566,0,5764,0,21,3.46957485e-09,3.46957485e-09
4856,42,7851330,0,5765,0,12,3.46947782e-09,3.46947782e-09
4857,41,7851330,0,5765,0,-25,3.46947782e-09,3.46947782e-09
4858,40,7851330,0,5765,0,21,3.46947782e-09,3.46947782e-09
4859,42,7857095,0,5765,0,11,3.46947915e-09,3.46947915e-09
4860,41,7857095,0,5765,0,-24,3.46947915e-09,3.46947915e-09
4861,40,7857095,0,5765,0,20,3.46947915e-09,3.46947915e-09
4862,42,7862860,0,5764,0,12,3.46957640e-09,3.46957640e-09
4863,41,7862860,0,5764,0,-25,3.46957640e-09,3.46957640e-09
4864,40,7862860,0,5764,0,21,3.46957640e-09,3.46957640e-09
4865,42,7868624,0,5764,0,11,3.46957485e-09,3.46957485e-09
4866,41,7868624,0,5764,0,-25,3.46957485e-09,3.46957485e-09
4867,40,7868624,0,5764,0,21,3.46957485e-09,3.46957485e-09
4868,42,7874388,0,5765,0,12,3.46947782e-09,3.46947782e-09
4869,41,7874388,0,5765,0,-24,3.46947782e-09,3.46947782e-09
4870,40,7874388,0,5765,0,21,3.46947782e-09,3.46947782e-09
4871,42,7880153,0,5765,0,11,3.46947915e-09,3.46947915e-09
4872,41,7880153,0,5765,0,-25,3.46947915e-09,3.46947915e-09
4873,40,7880153,0,5765,0,20,3.46947915e-09,3.46947915e-09
4874,42,7885918,0,5764,0,12,3.46957640e-09,3.46957640e-09
4875,41,7885918,0,5764,0,-25,3.46957640e-09,3.46957640e-09
4876,40,7885918,0,5764,0,21,3.46957640e-09,3.46957640e-09
4877,42,7891682,0,5764,0,11,3.46957485e-09,3.46957485e-09
4878,41,7891682,0,5764,0,-24,3.46957485e-09,3.46957485e-09
4879,40,7891682,0,5764,0,21,3.46957485e-09,3.46957485e-09
4880,42,7897446,0,3822,1981,12,3.46947782e-09,3.46947782e-09
4881,41,7897446,0,3822,1981,-25,3.46947782e-09,3.46947782e-09
4882,40,7897446,0,3822,1981,21,3.46947782e-09,3.46947782e-09
4883,42,7903249,0,0,6433,12,3.46947915e-09,3.46947915e-09
4884,41,7903249,0,0,6433,-25,3.46947915e-09,3.46947915e-09
4885,40,7903249,0,0,6433,20,3.46947915e-09,3.46947915e-09
4886,42,7909682,0,0,7631,11,3.46957640e-09,3.46957640e-09
4887,41,7909682,0,0,7631,-24,3.46957640e-09,3.46957640e-09
4888,40,7909682,0,0,7631,21,3.46957640e-09,3.46957640e-09
4889,42,7917313,0,0,9945,12,3.46957529e-09,3.46957529e-09
4890,41,7917313,0,0,9945,-25,3.46957529e-09,3.46957529e-09
4891,40,7917313,0,0,9945,21,3.46957529e-09,3.46957529e-09
4892,42,7927258,0,0,24009,11,3.46947804e-09,3.46947804e-09
4893,41,7927258,0,0,24009,-25,3.46947804e-09,3.46947804e-09
4894,40,7927258,0,0,24009,21,3.46947804e-09,3.46947804e-09
4895,43,7951267,24019,0,0,12.297692,3.46668849e-09,3.46668849e-09
4896,42,7951267,24019,0,0,9,3.46668849e-09,3.46668849e-09
4897,41,7951267,24019,0,0,12,3.46668849e-09,3.46668849e-09
4898,40,7951267,24019,0,0,-26,3.46668849e-09,3.46668849e-09
4899,43,7975286,9949,0,0,12.297692,3.46668894e-09,3.46668894e-09
4900,42,7975286,9949,0,0,8,3.46668894e-09,3.46668894e-09
4901,41,7975286,9949,0,0,11,3.46668894e-09,3.46668894e-09
4902,40,7975286,9949,0,0,-26,3.46668894e-09,3.46668894e-09
4903,43,7985235,7634,0,0,12.297692,3.46668982e-09,3.46668982e-09
4904,42,7985235,7634,0,0,8,3.46668982e-09,3.46668982e-09
4905,41,7985235,7634,0,0,11,3.46668982e-09,3.46668982e-09
4906,40,7985235,7634,0,0,-26,3.46668982e-09,3.46668982e-09
4907,43,7992869,6436,0,0,12.297692,3.46668894e-09,3.46668894e-09
4908,42,7992869,6436,0,0,9,3.46668894e-09,3.46668894e-09
4909,41,7992869,6436,0,0,12,3.46668894e-09,3.46668894e-09
4910,40,7992869,6436,0,0,-26,3.46668894e-09,3.46668894e-09
4911,43,7999305,1962,3846,0,12.297692,3.46668894e-09,3.46668894e-09
4912,42,7999305,1962,3846,0,8,3.46668894e-09,3.46668894e-09
4913,41,7999305,1962,3846,0,11,3.46668894e-09,3.46668894e-09
4914,40,7999305,1962,3846,0,-26,3.46668894e-09,3.46668894e-09
4915,43,8005113,0,5769,0,12.297692,3.46668894e-09,3.46668894e-09
4916,42,8005113,0,5769,0,8,3.46668894e-09,3.46668894e-09
4917,41,8005113,0,5769,0,12,3.46668894e-09,3.46668894e-09
4918,40,8005113,0,5769,0,-26,3.46668894e-09,3.46668894e-09
4919,43,8010882,0,5769,0,12.297692,3.46668894e-09,3.46668894e-09
4920,42,8010882,0,5769,0,9,3.46668894e-09,3.46668894e-09
4921,41,8010882,0,5769,0,11,3.46668894e-09,3.46668894e-09
4922,40,8010882,0,5769,0,-26,3.46668894e-09,3.46668894e-09
4923,43,8016651,0,5769,0,12.297692,3.46668894e-09,3.46668894e-09
4924,42,8016651,0,5769,0,8,3.46668894e-09,3.46668894e-09
4925,41,8016651,0,5769,0,12,3.46668894e-09,3.46668894e-09
4926,40,8016651,0,5769,0,-25,3.46668894e-09,3.46668894e-09
4927,43,8022420,0,5769,0,12.297692,3.46668894e-09,3.46668894e-09
4928,42,8022420,0,5769,0,9,3.46668894e-09,3.46668894e-09
4929,41,8022420,0,5769,0,11,3.46668894e-09,3.46668894e-09
4930,40,8022420,0,5769,0,-26,3.46668894e-09,3.46668894e-09
4931,43,8028189,0,5769,0,12.297692,3.46668894e-09,3.46668894e-09
4932,42,8028189,0,5769,0,8,3.46668894e-09,3.46668894e-09
4933,41,8028189,0,5769,0,12,3.46668894e-09,3.46668894e-09
4934,40,8028189,0,5769,0,-26,3.46668894e-09,3.46668894e-09
4935,43,8033958,0,5769,0,12.297692,3.46668894e-09,3.46668894e-09
4936,42,8033958,0,5769,0,9,3.46668894e-09,3.46668894e-09
4937,41,8033958,0,5769,0,12,3.46668894e-09,3.46668894e-09
4938,40,8033958,0,5769,0,-26,3.46668894e-09,3.46668894e-09
4939,43,8039727,0,5769,0,12.297692,3.46668894e-09,3.46668894e-09
4940,42,8039727,0,5769,0,8,3.46668894e-09,3.46668894e-09
4941,41,8039727,0,5769,0,11,3.46668894e-09,3.46668894e-09
4942,40,8039727,0,5769,0,-26,3.46668894e-09,3.46668894e-09
4943,43,8045496,0,5769,0,12.297692,3.46668894e-09,3.46668894e-09
4944,42,8045496,0,5769,0,9,3.46668894e-09,3.46668894e-09
4945,41,8045496,0,5769,0,12,3.46668894e-09,3.46668894e-09
4946,40,8045496,0,5769,0,-26,3.46668894e-09,3.46668894e-09
4947,43,8051265,0,5769,0,12.297692,3.46668894e-09,3.46668894e-09
4948,42,8051265,0,5769,0,8,3.46668894e-09,3.46668894e-09
4949,41,8051265,0,5769,0,12,3.46668894e-09,3.46668894e-09
4950,40,8051265,0,5769,0,-26,3.46668894e-09,3.46668894e-09
4951,43,8057034,0,5769,0,12.297692,3.46668894e-09,3.46668894e-09
4952,42,8057034,0,5769,0,9,3.46668894e-09,3.46668894e-09
4953,41,8057034,0,5769,0,11,3.46668894e-09,3.46668894e-09
4954,40,8057034,0,5769,0,-25,3.46668894e-09,3.46668894e-09
4955,43,8062803,0,5769,0,12.297692,3.46668894e-09,3.46668894e-09
4956,42,8062803,0,5769,0,8,3.46668894e-09,3.46668894e-09
4957,41,8062803,0,5769,0,12,3.46668894e-09,3.46668894e-09
4958,40,8062803,0,5769,0,-26,3.46668894e-09,3.46668894e-09
4959,43,8068572,0,5769,0,12.297692,3.46668894e-09,3.46668894e-09
4960,42,8068572,0,5769,0,9,3.46668894e-09,3.46668894e-09
4961,41,8068572,0,5769,0,12,3.46668894e-09,3.46668894e-09
4962,40,8068572,0,5769,0,-26,3.46668894e-09,3.46668894e-09
4963,43,8074341,0,5769,0,12.297692,3.46668894e-09,3.46668894e-09
4964,42,8074341,0,5769,0,9,3.46668894e-09,3.46668894e-09
4965,41,8074341,0,5769,0,11,3.46668894e-09,3.46668894e-09
4966,40,8074341,0,5769,0,-26,3.46668894e-09,3.46668894e-09
4967,43,8080110,0,5769,0,12.297692,3.46668894e-09,3.46668894e-09
4968,42,8080110,0,5769,0,8,3.46668894e-09,3.46668894e-09
4969,41,8080110,0,5769,0,12,3.46668894e-09,3.46668894e-09
4970,40,8080110,0,5769,0,-26,3.46668894e-09,3.46668894e-09
4971,43,8085879,0,5769,0,12.297692,3.46668894e-09,3.46668894e-09
4972,42,8085879,0,5769,0,9,3.46668894e-09,3.46668894e-09
4973,41,8085879,0,5769,0,12,3.46668894e-09,3.46668894e-09
4974,40,8085879,0,5769,0,-26,3.46668894e-09,3.46668894e-09
4975,43,8091648,0,5769,0,12.297692,3.46668894e-09,3.46668894e-09
4976,42,8091648,0,5769,0,8,3.46668894e-09,3.46668894e-09
4977,41,8091648,0,5769,0,12,3.46668894e-09,3.46668894e-09
4978,40,8091648,0,5769,0,-26,3.46668894e-09,3.46668894e-09
4979,43,8097417,0,5769,0,12.297692,3.46668894e-09,3.46668894e-09
4980,42,8097417,0,5769,0,9,3.46668894e-09,3.46668894e-09
4981,41,8097417,0,5769,0,12,3.46668894e-09,3.46668894e-09
4982,40,8097417,0,5769,0,-26,3.46668894e-09,3.46668894e-09
4983,43,8103186,0,5769,0,12.297692,3.46668894e-09,3.46668894e-09
4984,42,8103186,0,5769,0,9,3.46668894e-09,3.46668894e-09
4985,41,8103186,0,5769,0,11,3.46668894e-09,3.46668894e-09
4986,40,8103186,0,5769,0,-25,3.46668894e-09,3.46668894e-09
4987,43,8108955,0,5769,0,12.297692,3.46668894e-09,3.46668894e-09
4988,42,8108955,0,5769,0,8,3.46668894e-09,3.46668894e-09
4989,41,8108955,0,5769,0,12,3.46668894e-09,3.46668894e-09
4990,40,8108955,0,5769,0,-26,3.46668894e-09,3.46668894e-09
4991,43,8114724,0,5769,0,12.297692,3.46668894e-09,3.46668894e-09
4992,42,8114724,0,5769,0,9,3.46668894e-09,3.46668894e-09
4993,41,8114724,0,5769,0,12,3.46668894e-09,3.46668894e-09
4994,40,8114724,0,5769,0,-26,3.46668894e-09,3.46668894e-09
4995,43,8120493,0,5769,0,12.297692,3.46669138e-09,3.46669138e-09
4996,42,8120493,0,5769,0,9,3.46669138e-09,3.46669138e-09
4997,41,8120493,0,5769,0,12,3.46669138e-09,3.46669138e-09
4998,40,8120493,0,5769,0,-26,3.46669138e-09,3.46669138e-09
4999,43,8126262,0,5769,0,12.297692,3.46668982e-09,3.46668982e-09
5000,42,8126262,0,5769,0,9,3.46668982e-09,3.46668982e-09
5001,41,8126262,0,5769,0,12,3.46668982e-09,3.46668982e-09
5002,40,8126262,0,5769,0,-26,3.46668982e-09,3.46668982e-09
5003,43,8132031,0,5769,0,12.297692,3.46668982e-09,3.46668982e-09
5004,42,8132031,0,5769,0,8,3.46668982e-09,3.46668982e-09
5005,41,8132031,0,5769,0,12,3.46668982e-09,3.46668982e-09
5006,40,8132031,0,5769,0,-26,3.46668982e-09,3.46668982e-09
5007,43,8137800,0,5769,0,12.297692,3.46665252e-09,3.46665252e-09
5008,42,8137800,0,5769,0,9,3.46665252e-09,3.46665252e-09
5009,41,8137800,0,5769,0,12,3.46665252e-09,3.46665252e-09
5010,40,8137800,0,5769,0,-26,3.46665252e-09,3.46665252e-09
5011,43,8143569,0,5769,0,12.297692,3.46665252e-09,3.46665252e-09
5012,42,8143569,0,5769,0,9,3.46665252e-09,3.46665252e-09
5013,41,8143569,0,5769,0,12,3.46665252e-09,3.46665252e-09
5014,40,8143569,0,5769,0,-25,3.46665252e-09,3.46665252e-09
5015,43,8149338,0,5769,0,12.297692,3.46665252e-09,3.46665252e-09
5016,42,8149338,0,5769,0,9,3.46665252e-09,3.46665252e-09
5017,41,8149338,0,5769,0,12,3.46665252e-09,3.46665252e-09
5018,40,8149338,0,5769,0,-26,3.46665252e-09,3.46665252e-09
5019,43,8155107,0,5769,0,12.297692,3.46665252e-09,3.46665252e-09
5020,42,8155107,0,5769,0,9,3.46665252e-09,3.46665252e-09
5021,41,8155107,0,5769,0,12,3.46665252e-09,3.46665252e-09
5022,40,8155107,0,5769,0,-26,3.46665252e-09,3.46665252e-09
5023,43,8160876,0,5769,0,12.297692,3.46665252e-09,3.46665252e-09
5024,42,8160876,0,5769,0,9,3.46665252e-09,3.46665252e-09
5025,41,8160876,0,5769,0,12,3.46665252e-09,3.46665252e-09
5026,40,8160876,0,5769,0,-26,3.46665252e-09,3.46665252e-09
5027,43,8166645,0,5769,0,12.297692,3.46665252e-09,3.46665252e-09
5028,42,8166645,0,5769,0,8,3.46665252e-09,3.46665252e-09
5029,41,8166645,0,5769,0,12,3.46665252e-09,3.46665252e-09
5030,40,8166645,0,5769,0,-26,3.46665252e-09,3.46665252e-09
5031,43,8172414,0,5769,0,12.297692,3.46665252e-09,3.46665252e-09
5032,42,8172414,0,5769,0,9,3.46665252e-09,3.46665252e-09
5033,41,8172414,0,5769,0,12,3.46665252e-09,3.46665252e-09
5034,40,8172414,0,5769,0,-26,3.46665252e-09,3.46665252e-09
5035,43,8178183,0,5769,0,12.297692,3.46665252e-09,3.46665252e-09
5036,42,8178183,0,5769,0,9,3.46665252e-09,3.46665252e-09
5037,41,8178183,0,5769,0,12,3.46665252e-09,3.46665252e-09
5038,40,8178183,0,5769,0,-26,3.46665252e-09,3.46665252e-09
5039,43,8183952,0,5769,0,12.297692,3.46665252e-09,3.46665252e-09
5040,42,8183952,0,5769,0,9,3.46665252e-09,3.46665252e-09
5041,41,8183952,0,5769,0,13,3.46665252e-09,3.46665252e-09
5042,40,8183952,0,5769,0,-26,3.46665252e-09,3.46665252e-09
5043,43,8189721,0,5769,0,12.297692,3.46665252e-09,3.46665252e-09
5044,42,8189721,0,5769,0,9,3.46665252e-09,3.46665252e-09
5045,41,8189721,0,5769,0,12,3.46665252e-09,3.46665252e-09
5046,40,8189721,0,5769,0,-25,3.46665252e-09,3.46665252e-09
5047,43,8195490,0,5769,0,12.297692,3.46665252e-09,3.46665252e-09
5048,42,8195490,0,5769,0,9,3.46665252e-09,3.46665252e-09
5049,41,8195490,0,5769,0,12,3.46665252e-09,3.46665252e-09
5050,40,8195490,0,5769,0,-26,3.46665252e-09,3.46665252e-09
5051,43,8201259,0,5769,0,12.297692,3.46665252e-09,3.46665252e-09
5052,42,8201259,0,5769,0,9,3.46665252e-09,3.46665252e-09
5053,41,8201259,0,5769,0,12,3.46665252e-09,3.46665252e-09
5054,40,8201259,0,5769,0,-26,3.46665252e-09,3.46665252e-09
5055,43,8207028,0,5769,0,12.297692,3.46665252e-09,3.46665252e-09
5056,42,8207028,0,5769,0,9,3.46665252e-09,3.46665252e-09
5057,41,8207028,0,5769,0,12,3.46665252e-09,3.46665252e-09
5058,40,8207028,0,5769,0,-26,3.46665252e-09,3.46665252e-09
5059,43,8212797,0,5769,0,12.297692,3.46665252e-09,3.46665252e-09
5060,42,8212797,0,5769,0,9,3.46665252e-09,3.46665252e-09
5061,41,8212797,0,5769,0,13,3.46665252e-09,3.46665252e-09
5062,40,8212797,0,5769,0,-26,3.46665252e-09,3.46665252e-09
5063,43,8218566,0,5769,0,12.297692,3.46665252e-09,3.46665252e-09
5064,42,8218566,0,5769,0,9,3.46665252e-09,3.46665252e-09
5065,41,8218566,0,5769,0,12,3.46665252e-09,3.46665252e-09
5066,40,8218566,0,5769,0,-26,3.46665252e-09,3.46665252e-09
5067,43,8224335,0,5769,0,12.297692,3.46665252e-09,3.46665252e-09
5068,42,8224335,0,5769,0,9,3.46665252e-09,3.46665252e-09
5069,41,8224335,0,5769,0,12,3.46665252e-09,3.46665252e-09
5070,40,8224335,0,5769,0,-26,3.46665252e-09,3.46665252e-09
5071,43,8230104,0,5769,0,12.297692,3.46665252e-09,3.46665252e-09
5072,42,8230104,0,5769,0,9,3.46665252e-09,3.46665252e-09
5073,41,8230104,0,5769,0,13,3.46665252e-09,3.46665252e-09
5074,40,8230104,0,5769,0,-25,3.46665252e-09,3.46665252e-09
5075,43,8235873,0,5769,0,12.297692,3.46665252e-09,3.46665252e-09
5076,42,8235873,0,5769,0,9,3.46665252e-09,3.46665252e-09
5077,41,8235873,0,5769,0,12,3.46665252e-09,3.46665252e-09
5078,40,8235873,0,5769,0,-26,3.46665252e-09,3.46665252e-09
5079,43,8241642,0,5769,0,12.297692,3.46665252e-09,3.46665252e-09
5080,42,8241642,0,5769,0,9,3.46665252e-09,3.46665252e-09
5081,41,8241642,0,5769,0,12,3.46665252e-09,3.46665252e-09
5082,40,8241642,0,5769,0,-26,3.46665252e-09,3.46665252e-09
5083,43,8247411,0,5769,0,12.297692,3.46665252e-09,3.46665252e-09
5084,42,8247411,0,5769,0,9,3.46665252e-09,3.46665252e-09
5085,41,8247411,0,5769,0,13,3.46665252e-09,3.46665252e-09
5086,40,8247411,0,5769,0,-26,3.46665252e-09,3.46665252e-09
5087,43,8253180,0,5769,0,12.297692,3.46665252e-09,3.46665252e-09
5088,42,8253180,0,5769,0,10,3.46665252e-09,3.46665252e-09
5089,41,8253180,0,5769,0,12,3.46665252e-09,3.46665252e-09
5090,40,8253180,0,5769,0,-26,3.46665252e-09,3.46665252e-09
5091,43,8258949,0,5769,0,12.297692,3.46665252e-09,3.46665252e-09
5092,42,8258949,0,5769,0,9,3.46665252e-09,3.46665252e-09
5093,41,8258949,0,5769,0,12,3.46665252e-09,3.46665252e-09
5094,40,8258949,0,5769,0,-26,3.46665252e-09,3.46665252e-09
5095,43,8264718,0,5769,0,12.297692,3.46665252e-09,3.46665252e-09
5096,42,8264718,0,5769,0,9,3.46665252e-09,3.46665252e-09
5097,41,8264718,0,5769,0,13,3.46665252e-09,3.46665252e-09
5098,40,8264718,0,5769,0,-26,3.46665252e-09,3.46665252e-09
5099,43,8270487,0,5769,0,12.297692,3.46665252e-09,3.46665252e-09
5100,42,8270487,0,5769,0,9,3.46665252e-09,3.46665252e-09
5101,41,8270487,0,5769,0,12,3.46665252e-09,3.46665252e-09
5102,40,8270487,0,5769,0,-25,3.46665252e-09,3.46665252e-09
5103,43,8276256,0,5769,0,12.297692,3.46665252e-09,3.46665252e-09
5104,42,8276256,0,5769,0,9,3.46665252e-09,3.46665252e-09
5105,41,8276256,0,5769,0,13,3.46665252e-09,3.46665252e-09
5106,40,8276256,0,5769,0,-26,3.46665252e-09,3.46665252e-09
5107,43,8282025,0,5769,0,12.297692,3.46665252e-09,3.46665252e-09
5108,42,8282025,0,5769,0,10,3.46665252e-09,3.46665252e-09
5109,41,8282025,0,5769,0,12,3.46665252e-09,3.46665252e-09
5110,40,8282025,0,5769,0,-26,3.46665252e-09,3.46665252e-09
5111,43,8287794,0,5769,0,12.297692,3.46665252e-09,3.46665252e-09
5112,42,8287794,0,5769,0,9,3.46665252e-09,3.46665252e-09
5113,41,8287794,0,5769,0,13,3.46665252e-09,3.46665252e-09
5114,40,8287794,0,5769,0,-26,3.46665252e-09,3.46665252e-09
5115,43,8293563,0,5769,0,12.297692,3.46665252e-09,3.46665252e-09
5116,42,8293563,0,5769,0,9,3.46665252e-09,3.46665252e-09
5117,41,8293563,0,5769,0,12,3.46665252e-09,3.46665252e-09
5118,40,8293563,0,5769,0,-26,3.46665252e-09,3.46665252e-09
5119,43,8299332,0,5769,0,12.297692,3.46665252e-09,3.46665252e-09
5120,42,8299332,0,5769,0,9,3.46665252e-09,3.46665252e-09
5121,41,8299332,0,5769,0,13,3.46665252e-09,3.46665252e-09
5122,40,8299332,0,5769,0,-26,3.46665252e-09,3.46665252e-09
5123,43,8305101,0,5769,0,12.297692,3.46665252e-09,3.46665252e-09
5124,42,8305101,0,5769,0,10,3.46665252e-09,3.46665252e-09
5125,41,8305101,0,5769,0,12,3.46665252e-09,3.46665252e-09
5126,40,8305101,0,5769,0,-26,3.46665252e-09,3.46665252e-09
5127,43,8310870,0,5769,0,12.297692,3.46665252e-09,3.46665252e-09
5128,42,8310870,0,5769,0,9,3.46665252e-09,3.46665252e-09
5129,41,8310870,0,5769,0,13,3.46665252e-09,3.46665252e-09
5130,40,8310870,0,5769,0,-25,3.46665252e-09,3.46665252e-09
5131,43,8316639,0,5769,0,12.297692,3.46665252e-09,3.46665252e-09
5132,42,8316639,0,5769,0,9,3.46665252e-09,3.46665252e-09
5133,41,8316639,0,5769,0,13,3.46665252e-09,3.46665252e-09
5134,40,8316639,0,5769,0,-26,3.46665252e-09,3.46665252e-09
5135,43,8322408,0,5769,0,12.297692,3.46665252e-09,3.46665252e-09
5136,42,8322408,0,5769,0,9,3.46665252e-09,3.46665252e-09
5137,41,8322408,0,5769,0,12,3.46665252e-09,3.46665252e-09
5138,40,8322408,0,5769,0,-26,3.46665252e-09,3.46665252e-09
5139,43,8328177,0,5769,0,12.297692,3.46665252e-09,3.46665252e-09
5140,42,8328177,0,5769,0,10,3.46665252e-09,3.46665252e-09
5141,41,8328177,0,5769,0,13,3.46665252e-09,3.46665252e-09
5142,40,8328177,0,5769,0,-26,3.46665252e-09,3.46665252e-09
5143,43,8333946,0,5769,0,12.297692,3.46665252e-09,3.46665252e-09
5144,42,8333946,0,5769,0,9,3.46665252e-09,3.46665252e-09
5145,41,8333946,0,5769,0,13,3.46665252e-09,3.46665252e-09
5146,40,8333946,0,5769,0,-26,3.46665252e-09,3.46665252e-09
5147,43,8339715,0,5769,0,12.297692,3.46665252e-09,3.46665252e-09
5148,42,8339715,0,5769,0,10,3.46665252e-09,3.46665252e-09
5149,41,8339715,0,5769,0,12,3.46665252e-09,3.46665252e-09
5150,40,8339715,0,5769,0,-26,3.46665252e-09,3.46665252e-09
5151,43,8345484,0,5769,0,12.297692,3.46665252e-09,3.46665252e-09
5152,42,8345484,0,5769,0,9,3.46665252e-09,3.46665252e-09
5153,41,8345484,0,5769,0,13,3.46665252e-09,3.46665252e-09
5154,40,8345484,0,5769,0,-25,3.46665252e-09,3.46665252e-09
5155,43,8351253,0,5769,0,12.297692,3.46665252e-09,3.46665252e-09
5156,42,8351253,0,5769,0,9,3.46665252e-09,3.46665252e-09
5157,41,8351253,0,5769,0,13,3.46665252e-09,3.46665252e-09
5158,40,8351253,0,5769,0,-26,3.46665252e-09,3.46665252e-09
5159,43,8357022,0,5769,0,12.297692,3.46665252e-09,3.46665252e-09
5160,42,8357022,0,5769,0,10,3.46665252e-09,3.46665252e-09
5161,41,8357022,0,5769,0,13,3.46665252e-09,3.46665252e-09
5162,40,8357022,0,5769,0,-26,3.46665252e-09,3.46665252e-09
5163,43,8362791,0,5769,0,12.297692,3.46665252e-09,3.46665252e-09
5164,42,8362791,0,5769,0,9,3.46665252e-09,3.46665252e-09
5165,41,8362791,0,5769,0,12,3.46665252e-09,3.46665252e-09
5166,40,8362791,0,5769,0,-26,3.46665252e-09,3.46665252e-09
5167,43,8368560,0,5769,0,12.297692,3.46665252e-09,3.46665252e-09
5168,42,8368560,0,5769,0,10,3.46665252e-09,3.46665252e-09
5169,41,8368560,0,5769,0,13,3.46665252e-09,3.46665252e-09
5170,40,8368560,0,5769,0,-26,3.46665252e-09,3.46665252e-09
5171,43,8374329,0,5769,0,12.297692,3.46665252e-09,3.46665252e-09
5172,42,8374329,0,5769,0,9,3.46665252e-09,3.46665252e-09
5173,41,8374329,0,5769,0,13,3.46665252e-09,3.46665252e-09
5174,40,8374329,0,5769,0,-26,3.46665252e-09,3.46665252e-09
5175,43,8380098,0,5769,0,12.297692,3.46665252e-09,3.46665252e-09
5176,42,8380098,0,5769,0,10,3.46665252e-09,3.46665252e-09
5177,41,8380098,0,5769,0,13,3.46665252e-09,3.46665252e-09
5178,40,8380098,0,5769,0,-26,3.46665252e-09,3.46665252e-09
5179,43,8385867,0,5769,0,12.297692,3.46665252e-09,3.46665252e-09
5180,42,8385867,0,5769,0,9,3.46665252e-09,3.46665252e-09
5181,41,8385867,0,5769,0,13,3.46665252e-09,3.46665252e-09
5182,40,8385867,0,5769,0,-25,3.46665252e-09,3.46665252e-09
5183,43,8391636,0,5769,0,12.297692,3.46665252e-09,3.46665252e-09
5184,42,8391636,0,5769,0,10,3.46665252e-09,3.46665252e-09
5185,41,8391636,0,5769,0,12,3.46665252e-09,3.46665252e-09
5186,40,8391636,0,5769,0,-26,3.46665252e-09,3.46665252e-09
5187,43,8397405,0,5769,0,12.297692,3.46665252e-09,3.46665252e-09
5188,42,8397405,0,5769,0,9,3.46665252e-09,3.46665252e-09
5189,41,8397405,0,5769,0,13,3.46665252e-09,3.46665252e-09
5190,40,8397405,0,5769,0,-26,3.46665252e-09,3.46665252e-09
5191,43,8403174,0,5769,0,12.297692,3.46665252e-09,3.46665252e-09
5192,42,8403174,0,5769,0,10,3.46665252e-09,3.46665252e-09
5193,41,8403174,0,5769,0,13,3.46665252e-09,3.46665252e-09
5194,40,8403174,0,5769,0,-26,3.46665252e-09,3.46665252e-09
5195,43,8408943,0,5769,0,12.297692,3.46665252e-09,3.46665252e-09
5196,42,8408943,0,5769,0,9,3.46665252e-09,3.46665252e-09
5197,41,8408943,0,5769,0,13,3.46665252e-09,3.46665252e-09
5198,40,8408943,0,5769,0,-26,3.46665252e-09,3.46665252e-09
5199,43,8414712,0,5769,0,12.297692,3.46665252e-09,3.46665252e-09
5200,42,8414712,0,5769,0,10,3.46665252e-09,3.46665252e-09
5201,41,8414712,0,5769,0,13,3.46665252e-09,3.46665252e-09
5202,40,8414712,0,5769,0,-26,3.46665252e-09,3.46665252e-09
5203,43,8420481,0,5769,0,12.297692,3.46665252e-09,3.46665252e-09
5204,42,8420481,0,5769,0,10,3.46665252e-09,3.46665252e-09
5205,41,8420481,0,5769,0,13,3.46665252e-09,3.46665252e-09
5206,40,8420481,0,5769,0,-26,3.46665252e-09,3.46665252e-09
5207,43,8426250,0,5769,0,12.297692,3.46665252e-09,3.46665252e-09
5208,42,8426250,0,5769,0,9,3.46665252e-09,3.46665252e-09
5209,41,8426250,0,5769,0,13,3.46665252e-09,3.46665252e-09
5210,40,8426250,0,5769,0,-25,3.46665252e-09,3.46665252e-09
5211,43,8432019,0,5769,0,12.297692,3.46665252e-09,3.46665252e-09
5212,42,8432019,0,5769,0,10,3.46665252e-09,3.46665252e-09
5213,41,8432019,0,5769,0,13,3.46665252e-09,3.46665252e-09
5214,40,8432019,0,5769,0,-26,3.46665252e-09,3.46665252e-09
5215,43,8437788,0,5769,0,12.297692,3.46665252e-09,3.46665252e-09
5216,42,8437788,0,5769,0,10,3.46665252e-09,3.46665252e-09
5217,41,8437788,0,5769,0,13,3.46665252e-09,3.46665252e-09
5218,40,8437788,0,5769,0,-26,3.46665252e-09,3.46665252e-09
5219,43,8443557,0,5769,0,12.297692,3.46665252e-09,3.46665252e-09
5220,42,8443557,0,5769,0,9,3.46665252e-09,3.46665252e-09
5221,41,8443557,0,5769,0,13,3.46665252e-09,3.46665252e-09
5222,40,8443557,0,5769,0,-26,3.46665252e-09,3.46665252e-09
5223,43,8449326,0,5769,0,12.297692,3.46665252e-09,3.46665252e-09
5224,42,8449326,0,5769,0,10,3.46665252e-09,3.46665252e-09
5225,41,8449326,0,5769,0,13,3.46665252e-09,3.46665252e-09
5226,40,8449326,0,5769,0,-26,3.46665252e-09,3.46665252e-09
5227,43,8455095,0,5769,0,12.297692,3.46665252e-09,3.46665252e-09
5228,42,8455095,0,5769,0,10,3.46665252e-09,3.46665252e-09
5229,41,8455095,0,5769,0,13,3.46665252e-09,3.46665252e-09
5230,40,8455095,0,5769,0,-26,3.46665252e-09,3.46665252e-09
5231,43,8460864,0,5769,0,12.297692,3.46665252e-09,3.46665252e-09
5232,42,8460864,0,5769,0,9,3.46665252e-09,3.46665252e-09
5233,41,8460864,0,5769,0,13,3.46665252e-09,3.46665252e-09
5234,40,8460864,0,5769,0,-25,3.46665252e-09,3.46665252e-09
5235,43,8466633,0,5769,0,12.297692,3.46665252e-09,3.46665252e-09
5236,42,8466633,0,5769,0,10,3.46665252e-09,3.46665252e-09
5237,41,8466633,0,5769,0,14,3.46665252e-09,3.46665252e-09
5238,40,8466633,0,5769,0,-26,3.46665252e-09,3.46665252e-09
5239,43,8472402,0,5769,0,12.297692,3.46665252e-09,3.46665252e-09
5240,42,8472402,0,5769,0,10,3.46665252e-09,3.46665252e-09
5241,41,8472402,0,5769,0,13,3.46665252e-09,3.46665252e-09
5242,40,8472402,0,5769,0,-26,3.46665252e-09,3.46665252e-09
5243,43,8478171,0,5769,0,12.297692,3.46665252e-09,3.46665252e-09
5244,42,8478171,0,5769,0,10,3.46665252e-09,3.46665252e-09
5245,41,8478171,0,5769,0,13,3.46665252e-09,3.46665252e-09
5246,40,8478171,0,5769,0,-26,3.46665252e-09,3.46665252e-09
5247,43,8483940,0,5769,0,12.297692,3.46665252e-09,3.46665252e-09
5248,42,8483940,0,5769,0,9,3.46665252e-09,3.46665252e-09
5249,41,8483940,0,5769,0,13,3.46665252e-09,3.46665252e-09
5250,40,8483940,0,5769,0,-26,3.46665252e-09,3.46665252e-09
5251,43,8489709,0,5769,0,12.297692,3.46665252e-09,3.46665252e-09
5252,42,8489709,0,5769,0,10,3.46665252e-09,3.46665252e-09
5253,41,8489709,0,5769,0,13,3.46665252e-09,3.46665252e-09
5254,40,8489709,0,5769,0,-26,3.46665252e-09,3.46665252e-09
5255,43,8495478,0,5769,0,12.297692,3.46665252e-09,3.46665252e-09
5256,42,8495478,0,5769,0,10,3.46665252e-09,3.46665252e-09
5257,41,8495478,0,5769,0,13,3.46665252e-09,3.46665252e-09
5258,40,8495478,0,5769,0,-26,3.46665252e-09,3.46665252e-09
5259,43,8501247,0,5769,0,12.297692,3.46665252e-09,3.46665252e-09
5260,42,8501247,0,5769,0,10,3.46665252e-09,3.46665252e-09
5261,41,8501247,0,5769,0,14,3.46665252e-09,3.46665252e-09
5262,40,8501247,0,5769,0,-25,3.46665252e-09,3.46665252e-09
5263,43,8507016,0,5769,0,12.297692,3.46665252e-09,3.46665252e-09
5264,42,8507016,0,5769,0,10,3.46665252e-09,3.46665252e-09
5265,41,8507016,0,5769,0,13,3.46665252e-09,3.46665252e-09
5266,40,8507016,0,5769,0,-26,3.46665252e-09,3.46665252e-09
5267,43,8512785,0,5769,0,12.297692,3.46665252e-09,3.46665252e-09
5268,42,8512785,0,5769,0,10,3.46665252e-09,3.46665252e-09
5269,41,8512785,0,5769,0,13,3.46665252e-09,3.46665252e-09
5270,40,8512785,0,5769,0,-26,3.46665252e-09,3.46665252e-09
5271,43,8518554,0,5769,0,12.297692,3.46665252e-09,3.46665252e-09
5272,42,8518554,0,5769,0,9,3.46665252e-09,3.46665252e-09
5273,41,8518554,0,5769,0,13,3.46665252e-09,3.46665252e-09
5274,40,8518554,0,5769,0,-26,3.46665252e-09,3.46665252e-09
5275,43,8524323,0,5769,0,12.297692,3.46665252e-09,3.46665252e-09
5276,42,8524323,0,5769,0,10,3.46665252e-09,3.46665252e-09
5277,41,8524323,0,5769,0,14,3.46665252e-09,3.46665252e-09
5278,40,8524323,0,5769,0,-26,3.46665252e-09,3.46665252e-09
5279,43,8530092,0,5769,0,12.297692,3.46665252e-09,3.46665252e-09
5280,42,8530092,0,5769,0,10,3.46665252e-09,3.46665252e-09
5281,41,8530092,0,5769,0,13,3.46665252e-09,3.46665252e-09
5282,40,8530092,0,5769,0,-26,3.46665252e-09,3.46665252e-09
5283,43,8535861,0,5769,0,12.297692,3.46665252e-09,3.46665252e-09
5284,42,8535861,0,5769,0,10,3.46665252e-09,3.46665252e-09
5285,41,8535861,0,5769,0,13,3.46665252e-09,3.46665252e-09
5286,40,8535861,0,5769,0,-26,3.46665252e-09,3.46665252e-09
5287,43,8541630,0,5769,0,12.297692,3.46665252e-09,3.46665252e-09
5288,42,8541630,0,5769,0,10,3.46665252e-09,3.46665252e-09
5289,41,8541630,0,5769,0,14,3.46665252e-09,3.46665252e-09
5290,40,8541630,0,5769,0,-25,3.46665252e-09,3.46665252e-09
5291,43,8547399,0,5769,0,12.297692,3.46665252e-09,3.46665252e-09
5292,42,8547399,0,5769,0,10,3.46665252e-09,3.46665252e-09
5293,41,8547399,0,5769,0,13,3.46665252e-09,3.46665252e-09
5294,40,8547399,0,5769,0,-26,3.46665252e-09,3.46665252e-09
5295,43,8553168,0,5769,0,12.297692,3.46665252e-09,3.46665252e-09
5296,42,8553168,0,5769,0,10,3.46665252e-09,3.46665252e-09
5297,41,8553168,0,5769,0,13,3.46665252e-09,3.46665252e-09
5298,40,8553168,0,5769,0,-26,3.46665252e-09,3.46665252e-09
5299,43,8558937,0,5769,0,12.297692,3.46665252e-09,3.46665252e-09
5300,42,8558937,0,5769,0,10,3.46665252e-09,3.46665252e-09
5301,41,8558937,0,5769,0,14,3.46665252e-09,3.46665252e-09
5302,40,8558937,0,5769,0,-26,3.46665252e-09,3.46665252e-09
5303,43,8564706,0,5769,0,12.297692,3.46665252e-09,3.46665252e-09
5304,42,8564706,0,5769,0,10,3.46665252e-09,3.46665252e-09
5305,41,8564706,0,5769,0,13,3.46665252e-09,3.46665252e-09
5306,40,8564706,0,5769,0,-26,3.46665252e-09,3.46665252e-09
5307,43,8570475,0,5769,0,12.297692,3.46665252e-09,3.46665252e-09
5308,42,8570475,0,5769,0,10,3.46665252e-09,3.46665252e-09
5309,41,8570475,0,5769,0,14,3.46665252e-09,3.46665252e-09
5310,40,8570475,0,5769,0,-26,3.46665252e-09,3.46665252e-09
5311,43,8576244,0,5769,0,12.297692,3.46665252e-09,3.46665252e-09
5312,42,8576244,0,5769,0,10,3.46665252e-09,3.46665252e-09
5313,41,8576244,0,5769,0,13,3.46665252e-09,3.46665252e-09
5314,40,8576244,0,5769,0,-26,3.46665252e-09,3.46665252e-09
5315,43,8582013,0,5769,0,12.297692,3.46665252e-09,3.46665252e-09
5316,42,8582013,0,5769,0,10,3.46665252e-09,3.46665252e-09
5317,41,8582013,0,5769,0,14,3.46665252e-09,3.46665252e-09
5318,40,8582013,0,5769,0,-25,3.46665252e-09,3.46665252e-09
5319,43,8587782,0,5769,0,12.297692,3.46665252e-09,3.46665252e-09
5320,42,8587782,0,5769,0,10,3.46665252e-09,3.46665252e-09
5321,41,8587782,0,5769,0,13,3.46665252e-09,3.46665252e-09
5322,40,8587782,0,5769,0,-26,3.46665252e-09,3.46665252e-09
5323,43,8593551,0,5769,0,12.297692,3.46665252e-09,3.46665252e-09
5324,42,8593551,0,5769,0,10,3.46665252e-09,3.46665252e-09
5325,41,8593551,0,5769,0,14,3.46665252e-09,3.46665252e-09
5326,40,8593551,0,5769,0,-26,3.46665252e-09,3.46665252e-09
5327,43,8599320,0,5769,0,12.297692,3.46665541e-09,3.46665541e-09
5328,42,8599320,0,5769,0,11,3.46665541e-09,3.46665541e-09
5329,41,8599320,0,5769,0,13,3.46665541e-09,3.46665541e-09
5330,40,8599320,0,5769,0,-26,3.46665541e-09,3.46665541e-09
5331,43,8605089,0,5769,0,12.297692,3.46665407e-09,3.46665407e-09
5332,42,8605089,0,5769,0,10,3.46665407e-09,3.46665407e-09
5333,41,8605089,0,5769,0,14,3.46665407e-09,3.46665407e-09
5334,40,8605089,0,5769,0,-26,3.46665407e-09,3.46665407e-09
5335,43,8610858,0,5769,0,12.297692,3.46665541e-09,3.46665541e-09
5336,42,8610858,0,5769,0,10,3.46665541e-09,3.46665541e-09
5337,41,8610858,0,5769,0,14,3.46665541e-09,3.46665541e-09
5338,40,8610858,0,5769,0,-26,3.46665541e-09,3.46665541e-09
5339,43,8616627,0,5769,0,12.297692,3.46667361e-09,3.46667361e-09
5340,42,8616627,0,5769,0,10,3.46667361e-09,3.46667361e-09
5341,41,8616627,0,5769,0,13,3.46667361e-09,3.46667361e-09
5342,40,8616627,0,5769,0,-25,3.46667361e-09,3.46667361e-09
5343,43,8622396,0,5769,0,12.297692,3.46667361e-09,3.46667361e-09
5344,42,8622396,0,5769,0,10,3.46667361e-09,3.46667361e-09
5345,41,8622396,0,5769,0,14,3.46667361e-09,3.46667361e-09
5346,40,8622396,0,5769,0,-26,3.46667361e-09,3.46667361e-09
5347,43,8628165,0,5769,0,12.297692,3.46667361e-09,3.46667361e-09
5348,42,8628165,0,5769,0,10,3.46667361e-09,3.46667361e-09
5349,41,8628165,0,5769,0,13,3.46667361e-09,3.46667361e-09
5350,40,8628165,0,5769,0,-26,3.46667361e-09,3.46667361e-09
5351,43,8633934,0,5769,0,12.297692,3.46667361e-09,3.46667361e-09
5352,42,8633934,0,5769,0,11,3.46667361e-09,3.46667361e-09
5353,41,8633934,0,5769,0,14,3.46667361e-09,3.46667361e-09
5354,40,8633934,0,5769,0,-26,3.46667361e-09,3.46667361e-09
5355,43,8639703,0,5769,0,12.297692,3.46667361e-09,3.46667361e-09
5356,42,8639703,0,5769,0,10,3.46667361e-09,3.46667361e-09
5357,41,8639703,0,5769,0,14,3.46667361e-09,3.46667361e-09
5358,40,8639703,0,5769,0,-26,3.46667361e-09,3.46667361e-09
5359,43,8645472,0,5769,0,12.297692,3.46667361e-09,3.46667361e-09
5360,42,8645472,0,5769,0,10,3.46667361e-09,3.46667361e-09
5361,41,8645472,0,5769,0,13,3.46667361e-09,3.46667361e-09
5362,40,8645472,0,5769,0,-26,3.46667361e-09,3.46667361e-09
5363,43,8651241,0,5769,0,12.297692,3.46667361e-09,3.46667361e-09
5364,42,8651241,0,5769,0,10,3.46667361e-09,3.46667361e-09
5365,41,8651241,0,5769,0,14,3.46667361e-09,3.46667361e-09
5366,40,8651241,0,5769,0,-26,3.46667361e-09,3.46667361e-09
5367,43,8657010,0,5769,0,12.297692,3.46667361e-09,3.46667361e-09
5368,42,8657010,0,5769,0,11,3.46667361e-09,3.46667361e-09
5369,41,8657010,0,5769,0,14,3.46667361e-09,3.46667361e-09
5370,40,8657010,0,5769,0,-25,3.46667361e-09,3.46667361e-09
5371,43,8662779,0,5769,0,12.297692,3.46667361e-09,3.46667361e-09
5372,42,8662779,0,5769,0,10,3.46667361e-09,3.46667361e-09
5373,41,8662779,0,5769,0,14,3.46667361e-09,3.46667361e-09
5374,40,8662779,0,5769,0,-26,3.46667361e-09,3.46667361e-09
5375,43,8668548,0,5769,0,12.297692,3.46667361e-09,3.46667361e-09
5376,42,8668548,0,5769,0,10,3.46667361e-09,3.46667361e-09
5377,41,8668548,0,5769,0,13,3.46667361e-09,3.46667361e-09
5378,40,8668548,0,5769,0,-26,3.46667361e-09,3.46667361e-09
5379,43,8674317,0,5769,0,12.297692,3.46667361e-09,3.46667361e-09
5380,42,8674317,0,5769,0,10,3.46667361e-09,3.46667361e-09
5381,41,8674317,0,5769,0,14,3.46667361e-09,3.46667361e-09
5382,40,8674317,0,5769,0,-26,3.46667361e-09,3.46667361e-09
5383,43,8680086,0,5769,0,12.297692,3.46667361e-09,3.46667361e-09
5384,42,8680086,0,5769,0,11,3.46667361e-09,3.46667361e-09
5385,41,8680086,0,5769,0,14,3.46667361e-09,3.46667361e-09
5386,40,8680086,0,5769,0,-26,3.46667361e-09,3.46667361e-09
5387,43,8685855,0,5769,0,12.297692,3.46667361e-09,3.46667361e-09
5388,42,8685855,0,5769,0,10,3.46667361e-09,3.46667361e-09
5389,41,8685855,0,5769,0,14,3.46667361e-09,3.46667361e-09
5390,40,8685855,0,5769,0,-26,3.46667361e-09,3.46667361e-09
5391,43,8691624,0,5769,0,12.297692,3.46667361e-09,3.46667361e-09
5392,42,8691624,0,5769,0,10,3.46667361e-09,3.46667361e-09
5393,41,8691624,0,5769,0,14,3.46667361e-09,3.46667361e-09
5394,40,8691624,0,5769,0,-25,3.46667361e-09,3.46667361e-09
5395,43,8697393,0,5769,0,12.297692,3.46667361e-09,3.46667361e-09
5396,42,8697393,0,5769,0,11,3.46667361e-09,3.46667361e-09
5397,41,8697393,0,5769,0,13,3.46667361e-09,3.46667361e-09
5398,40,8697393,0,5769,0,-26,3.46667361e-09,3.46667361e-09
5399,43,8703162,0,5769,0,12.297692,3.46667361e-09,3.46667361e-09
5400,42,8703162,0,5769,0,10,3.46667361e-09,3.46667361e-09
5401,41,8703162,0,5769,0,14,3.46667361e-09,3.46667361e-09
5402,40,8703162,0,5769,0,-26,3.46667361e-09,3.46667361e-09
5403,43,8708931,0,5769,0,12.297692,3.46667361e-09,3.46667361e-09
5404,42,8708931,0,5769,0,11,3.46667361e-09,3.46667361e-09
5405,41,8708931,0,5769,0,14,3.46667361e-09,3.46667361e-09
5406,40,8708931,0,5769,0,-26,3.46667361e-09,3.46667361e-09
5407,43,8714700,0,5769,0,12.297692,3.46667361e-09,3.46667361e-09
5408,42,8714700,0,5769,0,10,3.46667361e-09,3.46667361e-09
5409,41,8714700,0,5769,0,14,3.46667361e-09,3.46667361e-09
5410,40,8714700,0,5769,0,-26,3.46667361e-09,3.46667361e-09
5411,43,8720469,0,5769,0,12.297692,3.46667361e-09,3.46667361e-09
5412,42,8720469,0,5769,0,11,3.46667361e-09,3.46667361e-09
5413,41,8720469,0,5769,0,14,3.46667361e-09,3.46667361e-09
5414,40,8720469,0,5769,0,-26,3.46667361e-09,3.46667361e-09
5415,43,8726238,0,5769,0,12.297692,3.46667361e-09,3.46667361e-09
5416,42,8726238,0,5769,0,10,3.46667361e-09,3.46667361e-09
5417,41,8726238,0,5769,0,14,3.46667361e-09,3.46667361e-09
5418,40,8726238,0,5769,0,-25,3.46667361e-09,3.46667361e-09
5419,43,8732007,0,5769,0,12.297692,3.46667361e-09,3.46667361e-09
5420,42,8732007,0,5769,0,11,3.46667361e-09,3.46667361e-09
5421,41,8732007,0,5769,0,14,3.46667361e-09,3.46667361e-09
5422,40,8732007,0,5769,0,-26,3.46667361e-09,3.46667361e-09
5423,43,8737776,0,5769,0,12.297692,3.46667361e-09,3.46667361e-09
5424,42,8737776,0,5769,0,10,3.46667361e-09,3.46667361e-09
5425,41,8737776,0,5769,0,14,3.46667361e-09,3.46667361e-09
5426,40,8737776,0,5769,0,-26,3.46667361e-09,3.46667361e-09
5427,43,8743545,0,5769,0,12.297692,3.46667361e-09,3.46667361e-09
5428,42,8743545,0,5769,0,11,3.46667361e-09,3.46667361e-09
5429,41,8743545,0,5769,0,14,3.46667361e-09,3.46667361e-09
5430,40,8743545,0,5769,0,-26,3.46667361e-09,3.46667361e-09
5431,43,8749314,0,5769,0,12.297692,3.46667361e-09,3.46667361e-09
5432,42,8749314,0,5769,0,10,3.46667361e-09,3.46667361e-09
5433,41,8749314,0,5769,0,14,3.46667361e-09,3.46667361e-09
5434,40,8749314,0,5769,0,-26,3.46667361e-09,3.46667361e-09
5435,43,8755083,0,5769,0,12.297692,3.46667361e-09,3.46667361e-09
5436,42,8755083,0,5769,0,11,3.46667361e-09,3.46667361e-09
5437,41,8755083,0,5769,0,14,3.46667361e-09,3.46667361e-09
5438,40,8755083,0,5769,0,-26,3.46667361e-09,3.46667361e-09
5439,43,8760852,0,5769,0,12.297692,3.46667361e-09,3.46667361e-09
5440,42,8760852,0,5769,0,10,3.46667361e-09,3.46667361e-09
5441,41,8760852,0,5769,0,14,3.46667361e-09,3.46667361e-09
5442,40,8760852,0,5769,0,-25,3.46667361e-09,3.46667361e-09
5443,43,8766621,0,5769,0,12.297692,3.46667361e-09,3.46667361e-09
5444,42,8766621,0,5769,0,11,3.46667361e-09,3.46667361e-09
5445,41,8766621,0,5769,0,14,3.46667361e-09,3.46667361e-09
5446,40,8766621,0,5769,0,-26,3.46667361e-09,3.46667361e-09
5447,43,8772390,0,5769,0,12.297692,3.46667361e-09,3.46667361e-09
5448,42,8772390,0,5769,0,10,3.46667361e-09,3.46667361e-09
5449,41,8772390,0,5769,0,14,3.46667361e-09,3.46667361e-09
5450,40,8772390,0,5769,0,-26,3.46667361e-09,3.46667361e-09
5451,43,8778159,0,5769,0,12.297692,3.46667361e-09,3.46667361e-09
5452,42,8778159,0,5769,0,11,3.46667361e-09,3.46667361e-09
5453,41,8778159,0,5769,0,14,3.46667361e-09,3.46667361e-09
5454,40,8778159,0,5769,0,-26,3.46667361e-09,3.46667361e-09
5455,43,8783928,0,5769,0,12.297692,3.46667361e-09,3.46667361e-09
5456,42,8783928,0,5769,0,11,3.46667361e-09,3.46667361e-09
5457,41,8783928,0,5769,0,15,3.46667361e-09,3.46667361e-09
5458,40,8783928,0,5769,0,-26,3.46667361e-09,3.46667361e-09
5459,43,8789697,0,5769,0,12.297692,3.46667361e-09,3.46667361e-09
5460,42,8789697,0,5769,0,10,3.46667361e-09,3.46667361e-09
5461,41,8789697,0,5769,0,14,3.46667361e-09,3.46667361e-09
5462,40,8789697,0,5769,0,-26,3.46667361e-09,3.46667361e-09
5463,43,8795466,0,5769,0,12.297692,3.46667361e-09,3.46667361e-09
5464,42,8795466,0,5769,0,11,3.46667361e-09,3.46667361e-09
5465,41,8795466,0,5769,0,14,3.46667361e-09,3.46667361e-09
5466,40,8795466,0,5769,0,-25,3.46667361e-09,3.46667361e-09
5467,43,8801235,0,5769,0,12.297692,3.46667361e-09,3.46667361e-09
5468,42,8801235,0,5769,0,10,3.46667361e-09,3.46667361e-09
5469,41,8801235,0,5769,0,14,3.46667361e-09,3.46667361e-09
5470,40,8801235,0,5769,0,-26,3.46667361e-09,3.46667361e-09
5471,43,8807004,0,5769,0,12.297692,3.46667361e-09,3.46667361e-09
5472,42,8807004,0,5769,0,11,3.46667361e-09,3.46667361e-09
5473,41,8807004,0,5769,0,14,3.46667361e-09,3.46667361e-09
5474,40,8807004,0,5769,0,-26,3.46667361e-09,3.46667361e-09
5475,43,8812773,0,5769,0,12.297692,3.46667361e-09,3.46667361e-09
5476,42,8812773,0,5769,0,11,3.46667361e-09,3.46667361e-09
5477,41,8812773,0,5769,0,14,3.46667361e-09,3.46667361e-09
5478,40,8812773,0,5769,0,-26,3.46667361e-09,3.46667361e-09
5479,43,8818542,0,5769,0,12.297692,3.46667361e-09,3.46667361e-09
5480,42,8818542,0,5769,0,11,3.46667361e-09,3.46667361e-09
5481,41,8818542,0,5769,0,15,3.46667361e-09,3.46667361e-09
5482,40,8818542,0,5769,0,-26,3.46667361e-09,3.46667361e-09
5483,43,8824311,0,5769,0,12.297692,3.46667361e-09,3.46667361e-09
5484,42,8824311,0,5769,0,10,3.46667361e-09,3.46667361e-09
5485,41,8824311,0,5769,0,14,3.46667361e-09,3.46667361e-09
5486,40,8824311,0,5769,0,-26,3.46667361e-09,3.46667361e-09
5487,43,8830080,0,5769,0,12.297692,3.46667361e-09,3.46667361e-09
5488,42,8830080,0,5769,0,11,3.46667361e-09,3.46667361e-09
5489,41,8830080,0,5769,0,14,3.46667361e-09,3.46667361e-09
5490,40,8830080,0,5769,0,-25,3.46667361e-09,3.46667361e-09
5491,43,8835849,0,5769,0,12.297692,3.46667361e-09,3.46667361e-09
5492,42,8835849,0,5769,0,11,3.46667361e-09,3.46667361e-09
5493,41,8835849,0,5769,0,15,3.46667361e-09,3.46667361e-09
5494,40,8835849,0,5769,0,-26,3.46667361e-09,3.46667361e-09
5495,43,8841618,0,5769,0,12.297692,3.46667361e-09,3.46667361e-09
5496,42,8841618,0,5769,0,11,3.46667361e-09,3.46667361e-09
5497,41,8841618,0,5769,0,14,3.46667361e-09,3.46667361e-09
5498,40,8841618,0,5769,0,-26,3.46667361e-09,3.46667361e-09
5499,43,8847387,0,5769,0,12.297692,3.46667361e-09,3.46667361e-09
5500,42,8847387,0,5769,0,10,3.46667361e-09,3.46667361e-09
5501,41,8847387,0,5769,0,14,3.46667361e-09,3.46667361e-09
5502,40,8847387,0,5769,0,-26,3.46667361e-09,3.46667361e-09
5503,43,8853156,0,5769,0,12.297692,3.46667361e-09,3.46667361e-09
5504,42,8853156,0,5769,0,11,3.46667361e-09,3.46667361e-09
5505,41,8853156,0,5769,0,15,3.46667361e-09,3.46667361e-09
5506,40,8853156,0,5769,0,-26,3.46667361e-09,3.46667361e-09
5507,43,8858925,0,5769,0,12.297692,3.46667361e-09,3.46667361e-09
5508,42,8858925,0,5769,0,11,3.46667361e-09,3.46667361e-09
5509,41,8858925,0,5769,0,14,3.46667361e-09,3.46667361e-09
5510,40,8858925,0,5769,0,-26,3.46667361e-09,3.46667361e-09
5511,43,8864694,0,5769,0,12.297692,3.46667361e-09,3.46667361e-09
5512,42,8864694,0,5769,0,11,3.46667361e-09,3.46667361e-09
5513,41,8864694,0,5769,0,14,3.46667361e-09,3.46667361e-09
5514,40,8864694,0,5769,0,-25,3.46667361e-09,3.46667361e-09
5515,43,8870463,0,5769,0,12.297692,3.46667361e-09,3.46667361e-09
5516,42,8870463,0,5769,0,11,3.46667361e-09,3.46667361e-09
5517,41,8870463,0,5769,0,15,3.46667361e-09,3.46667361e-09
5518,40,8870463,0,5769,0,-26,3.46667361e-09,3.46667361e-09
5519,43,8876232,0,5769,0,12.297692,3.46667361e-09,3.46667361e-09
5520,42,8876232,0,5769,0,11,3.46667361e-09,3.46667361e-09
5521,41,8876232,0,5769,0,14,3.46667361e-09,3.46667361e-09
5522,40,8876232,0,5769,0,-26,3.46667361e-09,3.46667361e-09
5523,43,8882001,0,5769,0,12.297692,3.46667361e-09,3.46667361e-09
5524,42,8882001,0,5769,0,10,3.46667361e-09,3.46667361e-09
5525,41,8882001,0,5769,0,14,3.46667361e-09,3.46667361e-09
5526,40,8882001,0,5769,0,-26,3.46667361e-09,3.46667361e-09
5527,43,8887770,0,5769,0,12.297692,3.46667361e-09,3.46667361e-09
5528,42,8887770,0,5769,0,11,3.46667361e-09,3.46667361e-09
5529,41,8887770,0,5769,0,15,3.46667361e-09,3.46667361e-09
5530,40,8887770,0,5769,0,-26,3.46667361e-09,3.46667361e-09
5531,43,8893539,0,5769,0,12.297692,3.46667361e-09,3.46667361e-09
5532,42,8893539,0,5769,0,11,3.46667361e-09,3.46667361e-09
5533,41,8893539,0,5769,0,14,3.46667361e-09,3.46667361e-09
5534,40,8893539,0,5769,0,-25,3.46667361e-09,3.46667361e-09
5535,43,8899308,0,5769,0,12.297692,3.46667361e-09,3.46667361e-09
5536,42,8899308,0,5769,0,11,3.46667361e-09,3.46667361e-09
5537,41,8899308,0,5769,0,15,3.46667361e-09,3.46667361e-09
5538,40,8899308,0,5769,0,-26,3.46667361e-09,3.46667361e-09
5539,43,8905077,0,5769,0,12.297692,3.46667361e-09,3.46667361e-09
5540,42,8905077,0,5769,0,11,3.46667361e-09,3.46667361e-09
5541,41,8905077,0,5769,0,14,3.46667361e-09,3.46667361e-09
5542,40,8905077,0,5769,0,-26,3.46667361e-09,3.46667361e-09
5543,43,8910846,0,5769,0,12.297692,3.46667361e-09,3.46667361e-09
5544,42,8910846,0,5769,0,11,3.46667361e-09,3.46667361e-09
5545,41,8910846,0,5769,0,15,3.46667361e-09,3.46667361e-09
5546,40,8910846,0,5769,0,-26,3.46667361e-09,3.46667361e-09
5547,43,8916615,0,5769,0,12.297692,3.46667361e-09,3.46667361e-09
5548,42,8916615,0,5769,0,11,3.46667361e-09,3.46667361e-09
5549,41,8916615,0,5769,0,14,3.46667361e-09,3.46667361e-09
5550,40,8916615,0,5769,0,-26,3.46667361e-09,3.46667361e-09
5551,43,8922384,0,5769,0,12.297692,3.46667361e-09,3.46667361e-09
5552,42,8922384,0,5769,0,11,3.46667361e-09,3.46667361e-09
5553,41,8922384,0,5769,0,15,3.46667361e-09,3.46667361e-09
5554,40,8922384,0,5769,0,-26,3.46667361e-09,3.46667361e-09
5555,43,8928153,0,5769,0,12.297692,3.46667361e-09,3.46667361e-09
5556,42,8928153,0,5769,0,11,3.46667361e-09,3.46667361e-09
5557,41,8928153,0,5769,0,15,3.46667361e-09,3.46667361e-09
5558,40,8928153,0,5769,0,-25,3.46667361e-09,3.46667361e-09
5559,43,8933922,0,5769,0,12.297692,3.46667361e-09,3.46667361e-09
5560,42,8933922,0,5769,0,11,3.46667361e-09,3.46667361e-09
5561,41,8933922,0,5769,0,14,3.46667361e-09,3.46667361e-09
5562,40,8933922,0,5769,0,-26,3.46667361e-09,3.46667361e-09
5563,43,8939691,0,5769,0,12.297692,3.46667361e-09,3.46667361e-09
5564,42,8939691,0,5769,0,11,3.46667361e-09,3.46667361e-09
5565,41,8939691,0,5769,0,15,3.46667361e-09,3.46667361e-09
5566,40,8939691,0,5769,0,-26,3.46667361e-09,3.46667361e-09
5567,43,8945460,0,5769,0,12.297692,3.46667361e-09,3.46667361e-09
5568,42,8945460,0,5769,0,11,3.46667361e-09,3.46667361e-09
5569,41,8945460,0,5769,0,14,3.46667361e-09,3.46667361e-09
5570,40,8945460,0,5769,0,-26,3.46667361e-09,3.46667361e-09
5571,43,8951229,0,5769,0,12.297692,3.46667361e-09,3.46667361e-09
5572,42,8951229,0,5769,0,11,3.46667361e-09,3.46667361e-09
5573,41,8951229,0,5769,0,15,3.46667361e-09,3.46667361e-09
5574,40,8951229,0,5769,0,-26,3.46667361e-09,3.46667361e-09
5575,43,8956998,0,5769,0,12.297692,3.46667361e-09,3.46667361e-09
5576,42,8956998,0,5769,0,11,3.46667361e-09,3.46667361e-09
5577,41,8956998,0,5769,0,15,3.46667361e-09,3.46667361e-09
5578,40,8956998,0,5769,0,-26,3.46667361e-09,3.46667361e-09
5579,43,8962767,0,5769,0,12.297692,3.46667206e-09,3.46667206e-09
5580,42,8962767,0,5769,0,12,3.46667206e-09,3.46667206e-09
5581,41,8962767,0,5769,0,14,3.46667206e-09,3.46667206e-09
5582,40,8962767,0,5769,0,-25,3.46667206e-09,3.46667206e-09
5583,43,8968536,0,5769,0,12.297692,3.46667273e-09,3.46667273e-09
5584,42,8968536,0,5769,0,11,3.46667273e-09,3.46667273e-09
5585,41,8968536,0,5769,0,15,3.46667273e-09,3.46667273e-09
5586,40,8968536,0,5769,0,-26,3.46667273e-09,3.46667273e-09
5587,43,8974305,0,5769,0,12.297692,3.46667117e-09,3.46667117e-09
5588,42,8974305,0,5769,0,11,3.46667117e-09,3.46667117e-09
5589,41,8974305,0,5769,0,15,3.46667117e-09,3.46667117e-09
5590,40,8974305,0,5769,0,-26,3.46667117e-09,3.46667117e-09
5591,43,8980074,0,5769,0,12.297692,3.46666540e-09,3.46666540e-09
5592,42,8980074,0,5769,0,11,3.46666540e-09,3.46666540e-09
5593,41,8980074,0,5769,0,14,3.46666540e-09,3.46666540e-09
5594,40,8980074,0,5769,0,-26,3.46666540e-09,3.46666540e-09
5595,43,8985843,0,5769,0,12.297692,3.46666540e-09,3.46666540e-09
5596,42,8985843,0,5769,0,11,3.46666540e-09,3.46666540e-09
5597,41,8985843,0,5769,0,15,3.46666540e-09,3.46666540e-09
5598,40,8985843,0,5769,0,-26,3.46666540e-09,3.46666540e-09
5599,43,8991612,0,5769,0,12.297692,3.46666540e-09,3.46666540e-09
5600,42,8991612,0,5769,0,11,3.46666540e-09,3.46666540e-09
5601,41,8991612,0,5769,0,15,3.46666540e-09,3.46666540e-09
5602,40,8991612,0,5769,0,-25,3.46666540e-09,3.46666540e-09
5603,43,8997381,0,5769,0,12.297692,3.46666540e-09,3.46666540e-09
5604,42,8997381,0,5769,0,11,3.46666540e-09,3.46666540e-09
5605,41,8997381,0,5769,0,15,3.46666540e-09,3.46666540e-09
5606,40,8997381,0,5769,0,-26,3.46666540e-09,3.46666540e-09
5607,43,9003150,0,5769,0,12.297692,3.46666540e-09,3.46666540e-09
5608,42,9003150,0,5769,0,12,3.46666540e-09,3.46666540e-09
5609,41,9003150,0,5769,0,14,3.46666540e-09,3.46666540e-09
5610,40,9003150,0,5769,0,-26,3.46666540e-09,3.46666540e-09
5611,43,9008919,0,5769,0,12.297692,3.46666540e-09,3.46666540e-09
5612,42,9008919,0,5769,0,11,3.46666540e-09,3.46666540e-09
5613,41,9008919,0,5769,0,15,3.46666540e-09,3.46666540e-09
5614,40,9008919,0,5769,0,-26,3.46666540e-09,3.46666540e-09
5615,43,9014688,0,5769,0,12.297692,3.46666540e-09,3.46666540e-09
5616,42,9014688,0,5769,0,11,3.46666540e-09,3.46666540e-09
5617,41,9014688,0,5769,0,15,3.46666540e-09,3.46666540e-09
5618,40,9014688,0,5769,0,-26,3.46666540e-09,3.46666540e-09
5619,43,9020457,0,5769,0,12.297692,3.46666540e-09,3.46666540e-09
5620,42,9020457,0,5769,0,11,3.46666540e-09,3.46666540e-09
5621,41,9020457,0,5769,0,15,3.46666540e-09,3.46666540e-09
5622,40,9020457,0,5769,0,-25,3.46666540e-09,3.46666540e-09
5623,43,9026226,0,5769,0,12.297692,3.46666540e-09,3.46666540e-09
5624,42,9026226,0,5769,0,12,3.46666540e-09,3.46666540e-09
5625,41,9026226,0,5769,0,15,3.46666540e-09,3.46666540e-09
5626,40,9026226,0,5769,0,-26,3.46666540e-09,3.46666540e-09
5627,43,9031995,0,5769,0,12.297692,3.46666629e-09,3.46666629e-09
5628,42,9031995,0,5769,0,11,3.46666629e-09,3.46666629e-09
5629,41,9031995,0,5769,0,15,3.46666629e-09,3.46666629e-09
5630,40,9031995,0,5769,0,-26,3.46666629e-09,3.46666629e-09
5631,43,9037764,0,5769,0,12.297692,3.46666762e-09,3.46666762e-09
5632,42,9037764,0,5769,0,11,3.46666762e-09,3.46666762e-09
5633,41,9037764,0,5769,0,14,3.46666762e-09,3.46666762e-09
5634,40,9037764,0,5769,0,-26,3.46666762e-09,3.46666762e-09
5635,43,9043533,0,5769,0,12.297692,3.46666762e-09,3.46666762e-09
5636,42,9043533,0,5769,0,12,3.46666762e-09,3.46666762e-09
5637,41,9043533,0,5769,0,15,3.46666762e-09,3.46666762e-09
5638,40,9043533,0,5769,0,-26,3.46666762e-09,3.46666762e-09
5639,43,9049302,0,5769,0,12.297692,3.46666762e-09,3.46666762e-09
5640,42,9049302,0,5769,0,11,3.46666762e-09,3.46666762e-09
5641,41,9049302,0,5769,0,15,3.46666762e-09,3.46666762e-09
5642,40,9049302,0,5769,0,-26,3.46666762e-09,3.46666762e-09
5643,43,9055071,0,5769,0,12.297692,3.46666762e-09,3.46666762e-09
5644,42,9055071,0,5769,0,11,3.46666762e-09,3.46666762e-09
5645,41,9055071,0,5769,0,15,3.46666762e-09,3.46666762e-09
5646,40,9055071,0,5769,0,-25,3.46666762e-09,3.46666762e-09
5647,43,9060840,0,5769,0,12.297692,3.46666762e-09,3.46666762e-09
5648,42,9060840,0,5769,0,12,3.46666762e-09,3.46666762e-09
5649,41,9060840,0,5769,0,15,3.46666762e-09,3.46666762e-09
5650,40,9060840,0,5769,0,-26,3.46666762e-09,3.46666762e-09
5651,43,9066609,0,5769,0,12.297692,3.46666673e-09,3.46666673e-09
5652,42,9066609,0,5769,0,11,3.46666673e-09,3.46666673e-09
5653,41,9066609,0,5769,0,15,3.46666673e-09,3.46666673e-09
5654,40,9066609,0,5769,0,-26,3.46666673e-09,3.46666673e-09
5655,43,9072378,0,5769,0,12.297692,3.46666851e-09,3.46666851e-09
5656,42,9072378,0,5769,0,11,3.46666851e-09,3.46666851e-09
5657,41,9072378,0,5769,0,15,3.46666851e-09,3.46666851e-09
5658,40,9072378,0,5769,0,-26,3.46666851e-09,3.46666851e-09
5659,43,9078147,0,5769,0,12.297692,3.46666629e-09,3.46666629e-09
5660,42,9078147,0,5769,0,12,3.46666629e-09,3.46666629e-09
5661,41,9078147,0,5769,0,15,3.46666629e-09,3.46666629e-09
5662,40,9078147,0,5769,0,-26,3.46666629e-09,3.46666629e-09
5663,43,9083916,0,5769,0,12.297692,3.46666740e-09,3.46666740e-09
5664,42,9083916,0,5769,0,11,3.46666740e-09,3.46666740e-09
5665,41,9083916,0,5769,0,15,3.46666740e-09,3.46666740e-09
5666,40,9083916,0,5769,0,-25,3.46666740e-09,3.46666740e-09
5667,43,9089685,0,5769,0,12.297692,3.46666740e-09,3.46666740e-09
5668,42,9089685,0,5769,0,12,3.46666740e-09,3.46666740e-09
5669,41,9089685,0,5769,0,15,3.46666740e-09,3.46666740e-09
5670,40,9089685,0,5769,0,-26,3.46666740e-09,3.46666740e-09
5671,43,9095454,0,5769,0,12.297692,3.46666740e-09,3.46666740e-09
5672,42,9095454,0,5769,0,11,3.46666740e-09,3.46666740e-09
5673,41,9095454,0,5769,0,15,3.46666740e-09,3.46666740e-09
5674,40,9095454,0,5769,0,-26,3.46666740e-09,3.46666740e-09
5675,43,9101223,0,5769,0,12.297692,3.46666740e-09,3.46666740e-09
5676,42,9101223,0,5769,0,12,3.46666740e-09,3.46666740e-09
5677,41,9101223,0,5769,0,15,3.46666740e-09,3.46666740e-09
5678,40,9101223,0,5769,0,-26,3.46666740e-09,3.46666740e-09
5679,43,9106992,0,5769,0,12.297692,3.46666740e-09,3.46666740e-09
5680,42,9106992,0,5769,0,11,3.46666740e-09,3.46666740e-09
5681,41,9106992,0,5769,0,15,3.46666740e-09,3.46666740e-09
5682,40,9106992,0,5769,0,-26,3.46666740e-09,3.46666740e-09
5683,43,9112761,0,5769,0,12.297692,3.46666873e-09,3.46666873e-09
5684,42,9112761,0,5769,0,12,3.46666873e-09,3.46666873e-09
5685,41,9112761,0,5769,0,15,3.46666873e-09,3.46666873e-09
5686,40,9112761,0,5769,0,-25,3.46666873e-09,3.46666873e-09
5687,43,9118530,0,5769,0,12.297692,3.46666540e-09,3.46666540e-09
5688,42,9118530,0,5769,0,11,3.46666540e-09,3.46666540e-09
5689,41,9118530,0,5769,0,16,3.46666540e-09,3.46666540e-09
5690,40,9118530,0,5769,0,-26,3.46666540e-09,3.46666540e-09
5691,43,9124299,0,5769,0,12.297692,3.46666540e-09,3.46666540e-09
5692,42,9124299,0,5769,0,12,3.46666540e-09,3.46666540e-09
5693,41,9124299,0,5769,0,15,3.46666540e-09,3.46666540e-09
5694,40,9124299,0,5769,0,-26,3.46666540e-09,3.46666540e-09
5695,43,9130068,0,5769,0,12.297692,3.46666762e-09,3.46666762e-09
5696,42,9130068,0,5769,0,11,3.46666762e-09,3.46666762e-09
5697,41,9130068,0,5769,0,15,3.46666762e-09,3.46666762e-09
5698,40,9130068,0,5769,0,-26,3.46666762e-09,3.46666762e-09
5699,43,9135837,0,5769,0,12.297692,3.46666762e-09,3.46666762e-09
5700,42,9135837,0,5769,0,12,3.46666762e-09,3.46666762e-09
5701,41,9135837,0,5769,0,15,3.46666762e-09,3.46666762e-09
5702,40,9135837,0,5769,0,-26,3.46666762e-09,3.46666762e-09
5703,43,9141606,0,5769,0,12.297692,3.46666984e-09,3.46666984e-09
5704,42,9141606,0,5769,0,11,3.46666984e-09,3.46666984e-09
5705,41,9141606,0,5769,0,15,3.46666984e-09,3.46666984e-09
5706,40,9141606,0,5769,0,-25,3.46666984e-09,3.46666984e-09
5707,43,9147375,0,5769,0,12.297692,3.46666673e-09,3.46666673e-09
5708,42,9147375,0,5769,0,12,3.46666673e-09,3.46666673e-09
5709,41,9147375,0,5769,0,15,3.46666673e-09,3.46666673e-09
5710,40,9147375,0,5769,0,-26,3.46666673e-09,3.46666673e-09
5711,43,9153144,0,5769,0,12.297692,3.46666673e-09,3.46666673e-09
5712,42,9153144,0,5769,0,11,3.46666673e-09,3.46666673e-09
5713,41,9153144,0,5769,0,16,3.46666673e-09,3.46666673e-09
5714,40,9153144,0,5769,0,-26,3.46666673e-09,3.46666673e-09
5715,43,9158913,0,5769,0,12.297692,3.46666540e-09,3.46666540e-09
5716,42,9158913,0,5769,0,12,3.46666540e-09,3.46666540e-09
5717,41,9158913,0,5769,0,15,3.46666540e-09,3.46666540e-09
5718,40,9158913,0,5769,0,-26,3.46666540e-09,3.46666540e-09
5719,43,9164682,0,5769,0,12.297692,3.46666540e-09,3.46666540e-09
5720,42,9164682,0,5769,0,12,3.46666540e-09,3.46666540e-09
5721,41,9164682,0,5769,0,15,3.46666540e-09,3.46666540e-09
5722,40,9164682,0,5769,0,-26,3.46666540e-09,3.46666540e-09
5723,43,9170451,0,5769,0,12.297692,3.46666540e-09,3.46666540e-09
5724,42,9170451,0,5769,0,11,3.46666540e-09,3.46666540e-09
5725,41,9170451,0,5769,0,15,3.46666540e-09,3.46666540e-09
5726,40,9170451,0,5769,0,-25,3.46666540e-09,3.46666540e-09
5727,43,9176220,0,5769,0,12.297692,3.46666540e-09,3.46666540e-09
5728,42,9176220,0,5769,0,12,3.46666540e-09,3.46666540e-09
5729,41,9176220,0,5769,0,16,3.46666540e-09,3.46666540e-09
5730,40,9176220,0,5769,0,-26,3.46666540e-09,3.46666540e-09
5731,43,9181989,0,5769,0,12.297692,3.46666540e-09,3.46666540e-09
5732,42,9181989,0,5769,0,12,3.46666540e-09,3.46666540e-09
5733,41,9181989,0,5769,0,15,3.46666540e-09,3.46666540e-09
5734,40,9181989,0,5769,0,-26,3.46666540e-09,3.46666540e-09
5735,43,9187758,0,5769,0,12.297692,3.46666540e-09,3.46666540e-09
5736,42,9187758,0,5769,0,11,3.46666540e-09,3.46666540e-09
5737,41,9187758,0,5769,0,15,3.46666540e-09,3.46666540e-09
5738,40,9187758,0,5769,0,-26,3.46666540e-09,3.46666540e-09
5739,43,9193527,0,5769,0,12.297692,3.46666540e-09,3.46666540e-09
5740,42,9193527,0,5769,0,12,3.46666540e-09,3.46666540e-09
5741,41,9193527,0,5769,0,15,3.46666540e-09,3.46666540e-09
5742,40,9193527,0,5769,0,-26,3.46666540e-09,3.46666540e-09
5743,43,9199296,0,5769,0,12.297692,3.46666718e-09,3.46666718e-09
5744,42,9199296,0,5769,0,12,3.46666718e-09,3.46666718e-09
5745,41,9199296,0,5769,0,16,3.46666718e-09,3.46666718e-09
5746,40,9199296,0,5769,0,-25,3.46666718e-09,3.46666718e-09
5747,43,9205065,0,5769,0,12.297692,3.46666629e-09,3.46666629e-09
5748,42,9205065,0,5769,0,11,3.46666629e-09,3.46666629e-09
5749,41,9205065,0,5769,0,15,3.46666629e-09,3.46666629e-09
5750,40,9205065,0,5769,0,-26,3.46666629e-09,3.46666629e-09
5751,43,9210834,0,5769,0,12.297692,3.46666784e-09,3.46666784e-09
5752,42,9210834,0,5769,0,12,3.46666784e-09,3.46666784e-09
5753,41,9210834,0,5769,0,16,3.46666784e-09,3.46666784e-09
5754,40,9210834,0,5769,0,-26,3.46666784e-09,3.46666784e-09
5755,43,9216603,0,5769,0,12.297692,3.46667361e-09,3.46667361e-09
5756,42,9216603,0,5769,0,12,3.46667361e-09,3.46667361e-09
5757,41,9216603,0,5769,0,15,3.46667361e-09,3.46667361e-09
5758,40,9216603,0,5769,0,-26,3.46667361e-09,3.46667361e-09
5759,43,9222372,0,5769,0,12.297692,3.46667361e-09,3.46667361e-09
5760,42,9222372,0,5769,0,12,3.46667361e-09,3.46667361e-09
5761,41,9222372,0,5769,0,15,3.46667361e-09,3.46667361e-09
5762,40,9222372,0,5769,0,-26,3.46667361e-09,3.46667361e-09
5763,43,9228141,0,5769,0,12.297692,3.46667361e-09,3.46667361e-09
5764,42,9228141,0,5769,0,12,3.46667361e-09,3.46667361e-09
5765,41,9228141,0,5769,0,16,3.46667361e-09,3.46667361e-09
5766,40,9228141,0,5769,0,-25,3.46667361e-09,3.46667361e-09
5767,43,9233910,0,5769,0,12.297692,3.46667361e-09,3.46667361e-09
5768,42,9233910,0,5769,0,11,3.46667361e-09,3.46667361e-09
5769,41,9233910,0,5769,0,15,3.46667361e-09,3.46667361e-09
5770,40,9233910,0,5769,0,-26,3.46667361e-09,3.46667361e-09
5771,43,9239679,0,5769,0,12.297692,3.46667361e-09,3.46667361e-09
5772,42,9239679,0,5769,0,12,3.46667361e-09,3.46667361e-09
5773,41,9239679,0,5769,0,16,3.46667361e-09,3.46667361e-09
5774,40,9239679,0,5769,0,-26,3.46667361e-09,3.46667361e-09
5775,43,9245448,0,5769,0,12.297692,3.46667361e-09,3.46667361e-09
5776,42,9245448,0,5769,0,12,3.46667361e-09,3.46667361e-09
5777,41,9245448,0,5769,0,15,3.46667361e-09,3.46667361e-09
5778,40,9245448,0,5769,0,-26,3.46667361e-09,3.46667361e-09
5779,43,9251217,0,5769,0,12.297692,3.46667361e-09,3.46667361e-09
5780,42,9251217,0,5769,0,12,3.46667361e-09,3.46667361e-09
5781,41,9251217,0,5769,0,16,3.46667361e-09,3.46667361e-09
5782,40,9251217,0,5769,0,-26,3.46667361e-09,3.46667361e-09
5783,43,9256986,0,5769,0,12.297692,3.46667361e-09,3.46667361e-09
5784,42,9256986,0,5769,0,12,3.46667361e-09,3.46667361e-09
5785,41,9256986,0,5769,0,15,3.46667361e-09,3.46667361e-09
5786,40,9256986,0,5769,0,-25,3.46667361e-09,3.46667361e-09
5787,43,9262755,0,5769,0,12.297692,3.46667361e-09,3.46667361e-09
5788,42,9262755,0,5769,0,12,3.46667361e-09,3.46667361e-09
5789,41,9262755,0,5769,0,16,3.46667361e-09,3.46667361e-09
5790,40,9262755,0,5769,0,-26,3.46667361e-09,3.46667361e-09
5791,43,9268524,0,5769,0,12.297692,3.46667361e-09,3.46667361e-09
5792,42,9268524,0,5769,0,12,3.46667361e-09,3.46667361e-09
5793,41,9268524,0,5769,0,15,3.46667361e-09,3.46667361e-09
5794,40,9268524,0,5769,0,-26,3.46667361e-09,3.46667361e-09
5795,43,9274293,0,5769,0,12.297692,3.46667361e-09,3.46667361e-09
5796,42,9274293,0,5769,0,11,3.46667361e-09,3.46667361e-09
5797,41,9274293,0,5769,0,16,3.46667361e-09,3.46667361e-09
5798,40,9274293,0,5769,0,-26,3.46667361e-09,3.46667361e-09
5799,43,9280062,0,5769,0,12.297692,3.46667361e-09,3.46667361e-09
5800,42,9280062,0,5769,0,12,3.46667361e-09,3.46667361e-09
5801,41,9280062,0,5769,0,15,3.46667361e-09,3.46667361e-09
5802,40,9280062,0,5769,0,-26,3.46667361e-09,3.46667361e-09
5803,43,9285831,0,5769,0,12.297692,3.46667361e-09,3.46667361e-09
5804,42,9285831,0,5769,0,12,3.46667361e-09,3.46667361e-09
5805,41,9285831,0,5769,0,16,3.46667361e-09,3.46667361e-09
5806,40,9285831,0,5769,0,-25,3.46667361e-09,3.46667361e-09
5807,43,9291600,0,5769,0,12.297692,3.46667361e-09,3.46667361e-09
5808,42,9291600,0,5769,0,12,3.46667361e-09,3.46667361e-09
5809,41,9291600,0,5769,0,15,3.46667361e-09,3.46667361e-09
5810,40,9291600,0,5769,0,-26,3.46667361e-09,3.46667361e-09
5811,43,9297369,0,5769,0,12.297692,3.46667361e-09,3.46667361e-09
5812,42,9297369,0,5769,0,12,3.46667361e-09,3.46667361e-09
5813,41,9297369,0,5769,0,16,3.46667361e-09,3.46667361e-09
5814,40,9297369,0,5769,0,-26,3.46667361e-09,3.46667361e-09
5815,43,9303138,0,5769,0,12.297692,3.46667361e-09,3.46667361e-09
5816,42,9303138,0,5769,0,12,3.46667361e-09,3.46667361e-09
5817,41,9303138,0,5769,0,16,3.46667361e-09,3.46667361e-09
5818,40,9303138,0,5769,0,-26,3.46667361e-09,3.46667361e-09
5819,43,9308907,0,5769,0,12.297692,3.46667361e-09,3.46667361e-09
5820,42,9308907,0,5769,0,12,3.46667361e-09,3.46667361e-09
5821,41,9308907,0,5769,0,15,3.46667361e-09,3.46667361e-09
5822,40,9308907,0,5769,0,-25,3.46667361e-09,3.46667361e-09
5823,43,9314676,0,5769,0,12.297692,3.46667361e-09,3.46667361e-09
5824,42,9314676,0,5769,0,12,3.46667361e-09,3.46667361e-09
5825,41,9314676,0,5769,0,16,3.46667361e-09,3.46667361e-09
5826,40,9314676,0,5769,0,-26,3.46667361e-09,3.46667361e-09
5827,43,9320445,0,5769,0,12.297692,3.46667361e-09,3.46667361e-09
5828,42,9320445,0,5769,0,12,3.46667361e-09,3.46667361e-09
5829,41,9320445,0,5769,0,16,3.46667361e-09,3.46667361e-09
5830,40,9320445,0,5769,0,-26,3.46667361e-09,3.46667361e-09
5831,43,9326214,0,5769,0,12.297692,3.46667361e-09,3.46667361e-09
5832,42,9326214,0,5769,0,12,3.46667361e-09,3.46667361e-09
5833,41,9326214,0,5769,0,15,3.46667361e-09,3.46667361e-09
5834,40,9326214,0,5769,0,-26,3.46667361e-09,3.46667361e-09
5835,43,9331983,0,5769,0,12.297692,3.46667361e-09,3.46667361e-09
5836,42,9331983,0,5769,0,12,3.46667361e-09,3.46667361e-09
5837,41,9331983,0,5769,0,16,3.46667361e-09,3.46667361e-09
5838,40,9331983,0,5769,0,-26,3.46667361e-09,3.46667361e-09
5839,43,9337752,0,5769,0,12.297692,3.46667361e-09,3.46667361e-09
5840,42,9337752,0,5769,0,12,3.46667361e-09,3.46667361e-09
5841,41,9337752,0,5769,0,16,3.46667361e-09,3.46667361e-09
5842,40,9337752,0,5769,0,-25,3.46667361e-09,3.46667361e-09
5843,43,9343521,0,5769,0,12.297692,3.46667361e-09,3.46667361e-09
5844,42,9343521,0,5769,0,12,3.46667361e-09,3.46667361e-09
5845,41,9343521,0,5769,0,15,3.46667361e-09,3.46667361e-09
5846,40,9343521,0,5769,0,-26,3.46667361e-09,3.46667361e-09
5847,43,9349290,0,5769,0,12.297692,3.46667361e-09,3.46667361e-09
5848,42,9349290,0,5769,0,13,3.46667361e-09,3.46667361e-09
5849,41,9349290,0,5769,0,16,3.46667361e-09,3.46667361e-09
5850,40,9349290,0,5769,0,-26,3.46667361e-09,3.46667361e-09
5851,43,9355059,0,5769,0,12.297692,3.46667361e-09,3.46667361e-09
5852,42,9355059,0,5769,0,12,3.46667361e-09,3.46667361e-09
5853,41,9355059,0,5769,0,16,3.46667361e-09,3.46667361e-09
5854,40,9355059,0,5769,0,-26,3.46667361e-09,3.46667361e-09
5855,43,9360828,0,5769,0,12.297692,3.46667361e-09,3.46667361e-09
5856,42,9360828,0,5769,0,12,3.46667361e-09,3.46667361e-09
5857,41,9360828,0,5769,0,16,3.46667361e-09,3.46667361e-09
5858,40,9360828,0,5769,0,-26,3.46667361e-09,3.46667361e-09
5859,43,9366597,0,5769,0,12.297692,3.46667361e-09,3.46667361e-09
5860,42,9366597,0,5769,0,12,3.46667361e-09,3.46667361e-09
5861,41,9366597,0,5769,0,15,3.46667361e-09,3.46667361e-09
5862,40,9366597,0,5769,0,-25,3.46667361e-09,3.46667361e-09
5863,43,9372366,0,5769,0,12.297692,3.46667361e-09,3.46667361e-09
5864,42,9372366,0,5769,0,12,3.46667361e-09,3.46667361e-09
5865,41,9372366,0,5769,0,16,3.46667361e-09,3.46667361e-09
5866,40,9372366,0,5769,0,-26,3.46667361e-09,3.46667361e-09
5867,43,9378135,0,5769,0,12.297692,3.46667361e-09,3.46667361e-09
5868,42,9378135,0,5769,0,12,3.46667361e-09,3.46667361e-09
5869,41,9378135,0,5769,0,16,3.46667361e-09,3.46667361e-09
5870,40,9378135,0,5769,0,-26,3.46667361e-09,3.46667361e-09
5871,43,9383904,0,5769,0,12.297692,3.46667361e-09,3.46667361e-09
5872,42,9383904,0,5769,0,12,3.46667361e-09,3.46667361e-09
5873,41,9383904,0,5769,0,16,3.46667361e-09,3.46667361e-09
5874,40,9383904,0,5769,0,-26,3.46667361e-09,3.46667361e-09
5875,43,9389673,0,5769,0,12.297692,3.46667361e-09,3.46667361e-09
5876,42,9389673,0,5769,0,13,3.46667361e-09,3.46667361e-09
5877,41,9389673,0,5769,0,16,3.46667361e-09,3.46667361e-09
5878,40,9389673,0,5769,0,-25,3.46667361e-09,3.46667361e-09
5879,43,9395442,0,5769,0,12.297692,3.46667361e-09,3.46667361e-09
5880,42,9395442,0,5769,0,12,3.46667361e-09,3.46667361e-09
5881,41,9395442,0,5769,0,16,3.46667361e-09,3.46667361e-09
5882,40,9395442,0,5769,0,-26,3.46667361e-09,3.46667361e-09
5883,43,9401211,0,5769,0,12.297692,3.46667361e-09,3.46667361e-09
5884,42,9401211,0,5769,0,12,3.46667361e-09,3.46667361e-09
5885,41,9401211,0,5769,0,15,3.46667361e-09,3.46667361e-09
5886,40,9401211,0,5769,0,-26,3.46667361e-09,3.46667361e-09
5887,43,9406980,0,5769,0,12.297692,3.46667361e-09,3.46667361e-09
5888,42,9406980,0,5769,0,12,3.46667361e-09,3.46667361e-09
5889,41,9406980,0,5769,0,16,3.46667361e-09,3.46667361e-09
5890,40,9406980,0,5769,0,-26,3.46667361e-09,3.46667361e-09
5891,43,9412749,0,5769,0,12.297692,3.46667361e-09,3.46667361e-09
5892,42,9412749,0,5769,0,13,3.46667361e-09,3.46667361e-09
5893,41,9412749,0,5769,0,16,3.46667361e-09,3.46667361e-09
5894,40,9412749,0,5769,0,-26,3.46667361e-09,3.46667361e-09
5895,43,9418518,0,5769,0,12.297692,3.46667361e-09,3.46667361e-09
5896,42,9418518,0,5769,0,12,3.46667361e-09,3.46667361e-09
5897,41,9418518,0,5769,0,16,3.46667361e-09,3.46667361e-09
5898,40,9418518,0,5769,0,-25,3.46667361e-09,3.46667361e-09
5899,43,9424287,0,5769,0,12.297692,3.46667361e-09,3.46667361e-09
5900,42,9424287,0,5769,0,12,3.46667361e-09,3.46667361e-09
5901,41,9424287,0,5769,0,16,3.46667361e-09,3.46667361e-09
5902,40,9424287,0,5769,0,-26,3.46667361e-09,3.46667361e-09
5903,43,9430056,0,5769,0,12.297692,3.46667361e-09,3.46667361e-09
5904,42,9430056,0,5769,0,12,3.46667361e-09,3.46667361e-09
5905,41,9430056,0,5769,0,16,3.46667361e-09,3.46667361e-09
5906,40,9430056,0,5769,0,-26,3.46667361e-09,3.46667361e-09
5907,43,9435825,0,5769,0,12.297692,3.46667361e-09,3.46667361e-09
5908,42,9435825,0,5769,0,13,3.46667361e-09,3.46667361e-09
5909,41,9435825,0,5769,0,16,3.46667361e-09,3.46667361e-09
5910,40,9435825,0,5769,0,-26,3.46667361e-09,3.46667361e-09
5911,43,9441594,0,5769,0,12.297692,3.46667361e-09,3.46667361e-09
5912,42,9441594,0,5769,0,12,3.46667361e-09,3.46667361e-09
5913,41,9441594,0,5769,0,16,3.46667361e-09,3.46667361e-09
5914,40,9441594,0,5769,0,-25,3.46667361e-09,3.46667361e-09
5915,43,9447363,0,5769,0,12.297692,3.46667361e-09,3.46667361e-09
5916,42,9447363,0,5769,0,12,3.46667361e-09,3.46667361e-09
5917,41,9447363,0,5769,0,16,3.46667361e-09,3.46667361e-09
5918,40,9447363,0,5769,0,-26,3.46667361e-09,3.46667361e-09
5919,43,9453132,0,5769,0,12.297692,3.46667361e-09,3.46667361e-09
5920,42,9453132,0,5769,0,13,3.46667361e-09,3.46667361e-09
5921,41,9453132,0,5769,0,16,3.46667361e-09,3.46667361e-09
5922,40,9453132,0,5769,0,-26,3.46667361e-09,3.46667361e-09
5923,43,9458901,0,5769,0,12.297692,3.46667361e-09,3.46667361e-09
5924,42,9458901,0,5769,0,12,3.46667361e-09,3.46667361e-09
5925,41,9458901,0,5769,0,16,3.46667361e-09,3.46667361e-09
5926,40,9458901,0,5769,0,-26,3.46667361e-09,3.46667361e-09
5927,43,9464670,0,5769,0,12.297692,3.46667361e-09,3.46667361e-09
5928,42,9464670,0,5769,0,13,3.46667361e-09,3.46667361e-09
5929,41,9464670,0,5769,0,16,3.46667361e-09,3.46667361e-09
5930,40,9464670,0,5769,0,-25,3.46667361e-09,3.46667361e-09
5931,43,9470439,0,5769,0,12.297692,3.46667361e-09,3.46667361e-09
5932,42,9470439,0,5769,0,12,3.46667361e-09,3.46667361e-09
5933,41,9470439,0,5769,0,16,3.46667361e-09,3.46667361e-09
5934,40,9470439,0,5769,0,-26,3.46667361e-09,3.46667361e-09
5935,43,9476208,0,5769,0,12.297692,3.46667361e-09,3.46667361e-09
5936,42,9476208,0,5769,0,12,3.46667361e-09,3.46667361e-09
5937,41,9476208,0,5769,0,16,3.46667361e-09,3.46667361e-09
5938,40,9476208,0,5769,0,-26,3.46667361e-09,3.46667361e-09
5939,43,9481977,0,5769,0,12.297692,3.46667361e-09,3.46667361e-09
5940,42,9481977,0,5769,0,13,3.46667361e-09,3.46667361e-09
5941,41,9481977,0,5769,0,16,3.46667361e-09,3.46667361e-09
5942,40,9481977,0,5769,0,-26,3.46667361e-09,3.46667361e-09
5943,43,9487746,0,5769,0,12.297692,3.46667361e-09,3.46667361e-09
5944,42,9487746,0,5769,0,12,3.46667361e-09,3.46667361e-09
5945,41,9487746,0,5769,0,16,3.46667361e-09,3.46667361e-09
5946,40,9487746,0,5769,0,-26,3.46667361e-09,3.46667361e-09
5947,43,9493515,0,5769,0,12.297692,3.46667361e-09,3.46667361e-09
5948,42,9493515,0,5769,0,13,3.46667361e-09,3.46667361e-09
5949,41,9493515,0,5769,0,16,3.46667361e-09,3.46667361e-09
5950,40,9493515,0,5769,0,-25,3.46667361e-09,3.46667361e-09
5951,43,9499284,0,5769,0,12.297692,3.46667361e-09,3.46667361e-09
5952,42,9499284,0,5769,0,12,3.46667361e-09,3.46667361e-09
5953,41,9499284,0,5769,0,17,3.46667361e-09,3.46667361e-09
5954,40,9499284,0,5769,0,-26,3.46667361e-09,3.46667361e-09
5955,43,9505053,0,5769,0,12.297692,3.46667361e-09,3.46667361e-09
5956,42,9505053,0,5769,0,13,3.46667361e-09,3.46667361e-09
5957,41,9505053,0,5769,0,16,3.46667361e-09,3.46667361e-09
5958,40,9505053,0,5769,0,-26,3.46667361e-09,3.46667361e-09
5959,43,9510822,0,5769,0,12.297692,3.46667361e-09,3.46667361e-09
5960,42,9510822,0,5769,0,12,3.46667361e-09,3.46667361e-09
5961,41,9510822,0,5769,0,16,3.46667361e-09,3.46667361e-09
5962,40,9510822,0,5769,0,-26,3.46667361e-09,3.46667361e-09
5963,43,9516591,0,5769,0,12.297692,3.46667361e-09,3.46667361e-09
5964,42,9516591,0,5769,0,13,3.46667361e-09,3.46667361e-09
5965,41,9516591,0,5769,0,16,3.46667361e-09,3.46667361e-09
5966,40,9516591,0,5769,0,-25,3.46667361e-09,3.46667361e-09
5967,43,9522360,0,5769,0,12.297692,3.46667361e-09,3.46667361e-09
5968,42,9522360,0,5769,0,12,3.46667361e-09,3.46667361e-09
5969,41,9522360,0,5769,0,16,3.46667361e-09,3.46667361e-09
5970,40,9522360,0,5769,0,-26,3.46667361e-09,3.46667361e-09
5971,43,9528129,0,5769,0,12.297692,3.46667361e-09,3.46667361e-09
5972,42,9528129,0,5769,0,13,3.46667361e-09,3.46667361e-09
5973,41,9528129,0,5769,0,16,3.46667361e-09,3.46667361e-09
5974,40,9528129,0,5769,0,-26,3.46667361e-09,3.46667361e-09
5975,43,9533898,0,5769,0,12.297692,3.46667361e-09,3.46667361e-09
5976,42,9533898,0,5769,0,12,3.46667361e-09,3.46667361e-09
5977,41,9533898,0,5769,0,17,3.46667361e-09,3.46667361e-09
5978,40,9533898,0,5769,0,-26,3.46667361e-09,3.46667361e-09
5979,43,9539667,0,5769,0,12.297692,3.46667361e-09,3.46667361e-09
5980,42,9539667,0,5769,0,13,3.46667361e-09,3.46667361e-09
5981,41,9539667,0,5769,0,16,3.46667361e-09,3.46667361e-09
5982,40,9539667,0,5769,0,-25,3.46667361e-09,3.46667361e-09
5983,43,9545436,0,5769,0,12.297692,3.46667361e-09,3.46667361e-09
5984,42,9545436,0,5769,0,12,3.46667361e-09,3.46667361e-09
5985,41,9545436,0,5769,0,16,3.46667361e-09,3.46667361e-09
5986,40,9545436,0,5769,0,-26,3.46667361e-09,3.46667361e-09
5987,43,9551205,0,5769,0,12.297692,3.46667361e-09,3.46667361e-09
5988,42,9551205,0,5769,0,13,3.46667361e-09,3.46667361e-09
5989,41,9551205,0,5769,0,16,3.46667361e-09,3.46667361e-09
5990,40,9551205,0,5769,0,-26,3.46667361e-09,3.46667361e-09
5991,43,9556974,0,5769,0,12.297692,3.46667361e-09,3.46667361e-09
5992,42,9556974,0,5769,0,13,3.46667361e-09,3.46667361e-09
5993,41,9556974,0,5769,0,17,3.46667361e-09,3.46667361e-09
5994,40,9556974,0,5769,0,-26,3.46667361e-09,3.46667361e-09
5995,43,9562743,0,5769,0,12.297692,3.46667361e-09,3.46667361e-09
5996,42,9562743,0,5769,0,12,3.46667361e-09,3.46667361e-09
5997,41,9562743,0,5769,0,16,3.46667361e-09,3.46667361e-09
5998,40,9562743,0,5769,0,-25,3.46667361e-09,3.46667361e-09
5999,43,9568512,0,5769,0,12.297692,3.46667361e-09,3.46667361e-09
6000,42,9568512,0,5769,0,13,3.46667361e-09,3.46667361e-09
6001,41,9568512,0,5769,0,16,3.46667361e-09,3.46667361e-09
6002,40,9568512,0,5769,0,-26,3.46667361e-09,3.46667361e-09
6003,43,9574281,0,5769,0,12.297692,3.46667273e-09,3.46667273e-09
6004,42,9574281,0,5769,0,12,3.46667273e-09,3.46667273e-09
6005,41,9574281,0,5769,0,16,3.46667273e-09,3.46667273e-09
6006,40,9574281,0,5769,0,-26,3.46667273e-09,3.46667273e-09
6007,43,9580050,0,5769,0,12.297692,3.46667206e-09,3.46667206e-09
6008,42,9580050,0,5769,0,13,3.46667206e-09,3.46667206e-09
6009,41,9580050,0,5769,0,17,3.46667206e-09,3.46667206e-09
6010,40,9580050,0,5769,0,-26,3.46667206e-09,3.46667206e-09
6011,43,9585819,0,5769,0,12.297692,3.46665252e-09,3.46665252e-09
6012,42,9585819,0,5769,0,13,3.46665252e-09,3.46665252e-09
6013,41,9585819,0,5769,0,16,3.46665252e-09,3.46665252e-09
6014,40,9585819,0,5769,0,-25,3.46665252e-09,3.46665252e-09
6015,43,9591588,0,5769,0,12.297692,3.46665252e-09,3.46665252e-09
6016,42,9591588,0,5769,0,12,3.46665252e-09,3.46665252e-09
6017,41,9591588,0,5769,0,16,3.46665252e-09,3.46665252e-09
6018,40,9591588,0,5769,0,-26,3.46665252e-09,3.46665252e-09
6019,43,9597357,0,5769,0,12.297692,3.46665252e-09,3.46665252e-09
6020,42,9597357,0,5769,0,13,3.46665252e-09,3.46665252e-09
6021,41,9597357,0,5769,0,17,3.46665252e-09,3.46665252e-09
6022,40,9597357,0,5769,0,-26,3.46665252e-09,3.46665252e-09
6023,43,9603126,0,5769,0,12.297692,3.46665252e-09,3.46665252e-09
6024,42,9603126,0,5769,0,13,3.46665252e-09,3.46665252e-09
6025,41,9603126,0,5769,0,16,3.46665252e-09,3.46665252e-09
6026,40,9603126,0,5769,0,-26,3.46665252e-09,3.46665252e-09
6027,43,9608895,0,5769,0,12.297692,3.46665252e-09,3.46665252e-09
6028,42,9608895,0,5769,0,13,3.46665252e-09,3.46665252e-09
6029,41,9608895,0,5769,0,17,3.46665252e-09,3.46665252e-09
6030,40,9608895,0,5769,0,-26,3.46665252e-09,3.46665252e-09
6031,43,9614664,0,5769,0,12.297692,3.46665252e-09,3.46665252e-09
6032,42,9614664,0,5769,0,12,3.46665252e-09,3.46665252e-09
6033,41,9614664,0,5769,0,16,3.46665252e-09,3.46665252e-09
6034,40,9614664,0,5769,0,-25,3.46665252e-09,3.46665252e-09
6035,43,9620433,0,5769,0,12.297692,3.46665252e-09,3.46665252e-09
6036,42,9620433,0,5769,0,13,3.46665252e-09,3.46665252e-09
6037,41,9620433,0,5769,0,16,3.46665252e-09,3.46665252e-09
6038,40,9620433,0,5769,0,-26,3.46665252e-09,3.46665252e-09
6039,43,9626202,0,5769,0,12.297692,3.46665252e-09,3.46665252e-09
6040,42,9626202,0,5769,0,13,3.46665252e-09,3.46665252e-09
6041,41,9626202,0,5769,0,17,3.46665252e-09,3.46665252e-09
6042,40,9626202,0,5769,0,-26,3.46665252e-09,3.46665252e-09
6043,43,9631971,0,5769,0,12.297692,3.46665252e-09,3.46665252e-09
6044,42,9631971,0,5769,0,13,3.46665252e-09,3.46665252e-09
6045,41,9631971,0,5769,0,16,3.46665252e-09,3.46665252e-09
6046,40,9631971,0,5769,0,-26,3.46665252e-09,3.46665252e-09
6047,43,9637740,0,5769,0,12.297692,3.46665252e-09,3.46665252e-09
6048,42,9637740,0,5769,0,12,3.46665252e-09,3.46665252e-09
6049,41,9637740,0,5769,0,17,3.46665252e-09,3.46665252e-09
6050,40,9637740,0,5769,0,-25,3.46665252e-09,3.46665252e-09
6051,43,9643509,0,5769,0,12.297692,3.46665252e-09,3.46665252e-09
6052,42,9643509,0,5769,0,13,3.46665252e-09,3.46665252e-09
6053,41,9643509,0,5769,0,16,3.46665252e-09,3.46665252e-09
6054,40,9643509,0,5769,0,-26,3.46665252e-09,3.46665252e-09
6055,43,9649278,0,5769,0,12.297692,3.46665252e-09,3.46665252e-09
6056,42,9649278,0,5769,0,13,3.46665252e-09,3.46665252e-09
6057,41,9649278,0,5769,0,17,3.46665252e-09,3.46665252e-09
6058,40,9649278,0,5769,0,-26,3.46665252e-09,3.46665252e-09
6059,43,9655047,0,5769,0,12.297692,3.46665252e-09,3.46665252e-09
6060,42,9655047,0,5769,0,13,3.46665252e-09,3.46665252e-09
6061,41,9655047,0,5769,0,16,3.46665252e-09,3.46665252e-09
6062,40,9655047,0,5769,0,-26,3.46665252e-09,3.46665252e-09
6063,43,9660816,0,5769,0,12.297692,3.46665252e-09,3.46665252e-09
6064,42,9660816,0,5769,0,13,3.46665252e-09,3.46665252e-09
6065,41,9660816,0,5769,0,17,3.46665252e-09,3.46665252e-09
6066,40,9660816,0,5769,0,-25,3.46665252e-09,3.46665252e-09
6067,43,9666585,0,5769,0,12.297692,3.46665252e-09,3.46665252e-09
6068,42,9666585,0,5769,0,13,3.46665252e-09,3.46665252e-09
6069,41,9666585,0,5769,0,16,3.46665252e-09,3.46665252e-09
6070,40,9666585,0,5769,0,-26,3.46665252e-09,3.46665252e-09
6071,43,9672354,0,5769,0,12.297692,3.46665252e-09,3.46665252e-09
6072,42,9672354,0,5769,0,13,3.46665252e-09,3.46665252e-09
6073,41,9672354,0,5769,0,17,3.46665252e-09,3.46665252e-09
6074,40,9672354,0,5769,0,-26,3.46665252e-09,3.46665252e-09
6075,43,9678123,0,5769,0,12.297692,3.46665252e-09,3.46665252e-09
6076,42,9678123,0,5769,0,12,3.46665252e-09,3.46665252e-09
6077,41,9678123,0,5769,0,16,3.46665252e-09,3.46665252e-09
6078,40,9678123,0,5769,0,-26,3.46665252e-09,3.46665252e-09
6079,43,9683892,0,5769,0,12.297692,3.46665252e-09,3.46665252e-09
6080,42,9683892,0,5769,0,13,3.46665252e-09,3.46665252e-09
6081,41,9683892,0,5769,0,17,3.46665252e-09,3.46665252e-09
6082,40,9683892,0,5769,0,-25,3.46665252e-09,3.46665252e-09
6083,43,9689661,0,5769,0,12.297692,3.46665252e-09,3.46665252e-09
6084,42,9689661,0,5769,0,13,3.46665252e-09,3.46665252e-09
6085,41,9689661,0,5769,0,17,3.46665252e-09,3.46665252e-09
6086,40,9689661,0,5769,0,-26,3.46665252e-09,3.46665252e-09
6087,43,9695430,0,5769,0,12.297692,3.46665252e-09,3.46665252e-09
6088,42,9695430,0,5769,0,13,3.46665252e-09,3.46665252e-09
6089,41,9695430,0,5769,0,16,3.46665252e-09,3.46665252e-09
6090,40,9695430,0,5769,0,-26,3.46665252e-09,3.46665252e-09
6091,43,9701199,0,5769,0,12.297692,3.46665252e-09,3.46665252e-09
6092,42,9701199,0,5769,0,13,3.46665252e-09,3.46665252e-09
6093,41,9701199,0,5769,0,17,3.46665252e-09,3.46665252e-09
6094,40,9701199,0,5769,0,-25,3.46665252e-09,3.46665252e-09
6095,43,9706968,0,5769,0,12.297692,3.46665252e-09,3.46665252e-09
6096,42,9706968,0,5769,0,13,3.46665252e-09,3.46665252e-09
6097,41,9706968,0,5769,0,16,3.46665252e-09,3.46665252e-09
6098,40,9706968,0,5769,0,-26,3.46665252e-09,3.46665252e-09
6099,43,9712737,0,5769,0,12.297692,3.46665252e-09,3.46665252e-09
6100,42,9712737,0,5769,0,13,3.46665252e-09,3.46665252e-09
6101,41,9712737,0,5769,0,17,3.46665252e-09,3.46665252e-09
6102,40,9712737,0,5769,0,-26,3.46665252e-09,3.46665252e-09
6103,43,9718506,0,5769,0,12.297692,3.46665252e-09,3.46665252e-09
6104,42,9718506,0,5769,0,13,3.46665252e-09,3.46665252e-09
6105,41,9718506,0,5769,0,17,3.46665252e-09,3.46665252e-09
6106,40,9718506,0,5769,0,-26,3.46665252e-09,3.46665252e-09
6107,43,9724275,0,5769,0,12.297692,3.46665541e-09,3.46665541e-09
6108,42,9724275,0,5769,0,13,3.46665541e-09,3.46665541e-09
6109,41,9724275,0,5769,0,16,3.46665541e-09,3.46665541e-09
6110,40,9724275,0,5769,0,-25,3.46665541e-09,3.46665541e-09
6111,43,9730044,0,5769,0,12.297692,3.46665541e-09,3.46665541e-09
6112,42,9730044,0,5769,0,13,3.46665541e-09,3.46665541e-09
6113,41,9730044,0,5769,0,17,3.46665541e-09,3.46665541e-09
6114,40,9730044,0,5769,0,-26,3.46665541e-09,3.46665541e-09
6115,43,9735813,0,5769,0,12.297692,3.46665541e-09,3.46665541e-09
6116,42,9735813,0,5769,0,13,3.46665541e-09,3.46665541e-09
6117,41,9735813,0,5769,0,17,3.46665541e-09,3.46665541e-09
6118,40,9735813,0,5769,0,-26,3.46665541e-09,3.46665541e-09
6119,43,9741582,0,5769,0,12.297692,3.46668982e-09,3.46668982e-09
6120,42,9741582,0,5769,0,13,3.46668982e-09,3.46668982e-09
6121,41,9741582,0,5769,0,17,3.46668982e-09,3.46668982e-09
6122,40,9741582,0,5769,0,-26,3.46668982e-09,3.46668982e-09
6123,43,9747351,0,5769,0,12.297692,3.46665407e-09,3.46665407e-09
6124,42,9747351,0,5769,0,13,3.46665407e-09,3.46665407e-09
6125,41,9747351,0,5769,0,16,3.46665407e-09,3.46665407e-09
6126,40,9747351,0,5769,0,-25,3.46665407e-09,3.46665407e-09
6127,43,9753120,0,5769,0,12.297692,3.46665407e-09,3.46665407e-09
6128,42,9753120,0,5769,0,13,3.46665407e-09,3.46665407e-09
6129,41,9753120,0,5769,0,17,3.46665407e-09,3.46665407e-09
6130,40,9753120,0,5769,0,-26,3.46665407e-09,3.46665407e-09
6131,43,9758889,0,5769,0,12.297692,3.46668982e-09,3.46668982e-09
6132,42,9758889,0,5769,0,13,3.46668982e-09,3.46668982e-09
6133,41,9758889,0,5769,0,17,3.46668982e-09,3.46668982e-09
6134,40,9758889,0,5769,0,-26,3.46668982e-09,3.46668982e-09
6135,43,9764658,0,5769,0,12.297692,3.46668982e-09,3.46668982e-09
6136,42,9764658,0,5769,0,13,3.46668982e-09,3.46668982e-09
6137,41,9764658,0,5769,0,17,3.46668982e-09,3.46668982e-09
6138,40,9764658,0,5769,0,-26,3.46668982e-09,3.46668982e-09
6139,43,9770427,0,5769,0,12.297692,3.46665407e-09,3.46665407e-09
6140,42,9770427,0,5769,0,14,3.46665407e-09,3.46665407e-09
6141,41,9770427,0,5769,0,16,3.46665407e-09,3.46665407e-09
6142,40,9770427,0,5769,0,-25,3.46665407e-09,3.46665407e-09
6143,43,9776196,0,5769,0,12.297692,3.46665407e-09,3.46665407e-09
6144,42,9776196,0,5769,0,13,3.46665407e-09,3.46665407e-09
6145,41,9776196,0,5769,0,17,3.46665407e-09,3.46665407e-09
6146,40,9776196,0,5769,0,-26,3.46665407e-09,3.46665407e-09
6147,43,9781965,0,5769,0,12.297692,3.46668982e-09,3.46668982e-09
6148,42,9781965,0,5769,0,13,3.46668982e-09,3.46668982e-09
6149,41,9781965,0,5769,0,17,3.46668982e-09,3.46668982e-09
6150,40,9781965,0,5769,0,-26,3.46668982e-09,3.46668982e-09
6151,43,9787734,0,5769,0,12.297692,3.46668982e-09,3.46668982e-09
6152,42,9787734,0,5769,0,13,3.46668982e-09,3.46668982e-09
6153,41,9787734,0,5769,0,17,3.46668982e-09,3.46668982e-09
6154,40,9787734,0,5769,0,-26,3.46668982e-09,3.46668982e-09
6155,43,9793503,0,5769,0,12.297692,3.46665407e-09,3.46665407e-09
6156,42,9793503,0,5769,0,13,3.46665407e-09,3.46665407e-09
6157,41,9793503,0,5769,0,17,3.46665407e-09,3.46665407e-09
6158,40,9793503,0,5769,0,-25,3.46665407e-09,3.46665407e-09
6159,43,9799272,0,5769,0,12.297692,3.46665407e-09,3.46665407e-09
6160,42,9799272,0,5769,0,13,3.46665407e-09,3.46665407e-09
6161,41,9799272,0,5769,0,16,3.46665407e-09,3.46665407e-09
6162,40,9799272,0,5769,0,-26,3.46665407e-09,3.46665407e-09
6163,43,9805041,0,5769,0,12.297692,3.46668982e-09,3.46668982e-09
6164,42,9805041,0,5769,0,14,3.46668982e-09,3.46668982e-09
6165,41,9805041,0,5769,0,17,3.46668982e-09,3.46668982e-09
6166,40,9805041,0,5769,0,-26,3.46668982e-09,3.46668982e-09
6167,43,9810810,0,5769,0,12.297692,3.46668982e-09,3.46668982e-09
6168,42,9810810,0,5769,0,13,3.46668982e-09,3.46668982e-09
6169,41,9810810,0,5769,0,17,3.46668982e-09,3.46668982e-09
6170,40,9810810,0,5769,0,-26,3.46668982e-09,3.46668982e-09
6171,43,9816579,0,5769,0,12.297692,3.46665407e-09,3.46665407e-09
6172,42,9816579,0,5769,0,13,3.46665407e-09,3.46665407e-09
6173,41,9816579,0,5769,0,17,3.46665407e-09,3.46665407e-09
6174,40,9816579,0,5769,0,-25,3.46665407e-09,3.46665407e-09
6175,43,9822348,0,5769,0,12.297692,3.46665407e-09,3.46665407e-09
6176,42,9822348,0,5769,0,13,3.46665407e-09,3.46665407e-09
6177,41,9822348,0,5769,0,17,3.46665407e-09,3.46665407e-09
6178,40,9822348,0,5769,0,-26,3.46665407e-09,3.46665407e-09
6179,43,9828117,0,5769,0,12.297692,3.46668982e-09,3.46668982e-09
6180,42,9828117,0,5769,0,13,3.46668982e-09,3.46668982e-09
6181,41,9828117,0,5769,0,17,3.46668982e-09,3.46668982e-09
6182,40,9828117,0,5769,0,-26,3.46668982e-09,3.46668982e-09
6183,43,9833886,0,5769,0,12.297692,3.46668982e-09,3.46668982e-09
6184,42,9833886,0,5769,0,14,3.46668982e-09,3.46668982e-09
6185,41,9833886,0,5769,0,17,3.46668982e-09,3.46668982e-09
6186,40,9833886,0,5769,0,-25,3.46668982e-09,3.46668982e-09
6187,43,9839655,0,5769,0,12.297692,3.46665407e-09,3.46665407e-09
6188,42,9839655,0,5769,0,13,3.46665407e-09,3.46665407e-09
6189,41,9839655,0,5769,0,17,3.46665407e-09,3.46665407e-09
6190,40,9839655,0,5769,0,-26,3.46665407e-09,3.46665407e-09
6191,43,9845424,0,5769,0,12.297692,3.46665407e-09,3.46665407e-09
6192,42,9845424,0,5769,0,13,3.46665407e-09,3.46665407e-09
6193,41,9845424,0,5769,0,17,3.46665407e-09,3.46665407e-09
6194,40,9845424,0,5769,0,-26,3.46665407e-09,3.46665407e-09
6195,43,9851193,0,5769,0,12.297692,3.46668982e-09,3.46668982e-09
6196,42,9851193,0,5769,0,13,3.46668982e-09,3.46668982e-09
6197,41,9851193,0,5769,0,17,3.46668982e-09,3.46668982e-09
6198,40,9851193,0,5769,0,-26,3.46668982e-09,3.46668982e-09
6199,43,9856962,0,5769,0,12.297692,3.46668982e-09,3.46668982e-09
6200,42,9856962,0,5769,0,14,3.46668982e-09,3.46668982e-09
6201,41,9856962,0,5769,0,17,3.46668982e-09,3.46668982e-09
6202,40,9856962,0,5769,0,-25,3.46668982e-09,3.46668982e-09
6203,43,9862731,0,5769,0,12.297692,3.46665407e-09,3.46665407e-09
6204,42,9862731,0,5769,0,13,3.46665407e-09,3.46665407e-09
6205,41,9862731,0,5769,0,17,3.46665407e-09,3.46665407e-09
6206,40,9862731,0,5769,0,-26,3.46665407e-09,3.46665407e-09
6207,43,9868500,0,5769,0,12.297692,3.46665407e-09,3.46665407e-09
6208,42,9868500,0,5769,0,13,3.46665407e-09,3.46665407e-09
6209,41,9868500,0,5769,0,17,3.46665407e-09,3.46665407e-09
6210,40,9868500,0,5769,0,-26,3.46665407e-09,3.46665407e-09
6211,43,9874269,0,5769,0,12.297692,3.46668982e-09,3.46668982e-09
6212,42,9874269,0,5769,0,14,3.46668982e-09,3.46668982e-09
6213,41,9874269,0,5769,0,17,3.46668982e-09,3.46668982e-09
6214,40,9874269,0,5769,0,-26,3.46668982e-09,3.46668982e-09
6215,43,9880038,0,5769,0,12.297692,3.46668982e-09,3.46668982e-09
6216,42,9880038,0,5769,0,13,3.46668982e-09,3.46668982e-09
6217,41,9880038,0,5769,0,17,3.46668982e-09,3.46668982e-09
6218,40,9880038,0,5769,0,-25,3.46668982e-09,3.46668982e-09
6219,43,9885807,0,5769,0,12.297692,3.46665407e-09,3.46665407e-09
6220,42,9885807,0,5769,0,14,3.46665407e-09,3.46665407e-09
6221,41,9885807,0,5769,0,17,3.46665407e-09,3.46665407e-09
6222,40,9885807,0,5769,0,-26,3.46665407e-09,3.46665407e-09
6223,43,9891576,0,5769,0,12.297692,3.46665407e-09,3.46665407e-09
6224,42,9891576,0,5769,0,13,3.46665407e-09,3.46665407e-09
6225,41,9891576,0,5769,0,17,3.46665407e-09,3.46665407e-09
6226,40,9891576,0,5769,0,-26,3.46665407e-09,3.46665407e-09
6227,43,9897345,0,5769,0,12.297692,3.46668982e-09,3.46668982e-09
6228,42,9897345,0,5769,0,13,3.46668982e-09,3.46668982e-09
6229,41,9897345,0,5769,0,17,3.46668982e-09,3.46668982e-09
6230,40,9897345,0,5769,0,-25,3.46668982e-09,3.46668982e-09
6231,43,9903114,0,5769,0,12.297692,3.46668982e-09,3.46668982e-09
6232,42,9903114,0,5769,0,14,3.46668982e-09,3.46668982e-09
6233,41,9903114,0,5769,0,17,3.46668982e-09,3.46668982e-09
6234,40,9903114,0,5769,0,-26,3.46668982e-09,3.46668982e-09
6235,43,9908883,0,5769,0,12.297692,3.46665407e-09,3.46665407e-09
6236,42,9908883,0,5769,0,13,3.46665407e-09,3.46665407e-09
6237,41,9908883,0,5769,0,17,3.46665407e-09,3.46665407e-09
6238,40,9908883,0,5769,0,-26,3.46665407e-09,3.46665407e-09
6239,43,9914652,0,5769,0,12.297692,3.46665407e-09,3.46665407e-09
6240,42,9914652,0,5769,0,14,3.46665407e-09,3.46665407e-09
6241,41,9914652,0,5769,0,17,3.46665407e-09,3.46665407e-09
6242,40,9914652,0,5769,0,-26,3.46665407e-09,3.46665407e-09
6243,43,9920421,0,5769,0,12.297692,3.46668982e-09,3.46668982e-09
6244,42,9920421,0,5769,0,13,3.46668982e-09,3.46668982e-09
6245,41,9920421,0,5769,0,17,3.46668982e-09,3.46668982e-09
6246,40,9920421,0,5769,0,-25,3.46668982e-09,3.46668982e-09
6247,43,9926190,0,5769,0,12.297692,3.46668982e-09,3.46668982e-09
6248,42,9926190,0,5769,0,14,3.46668982e-09,3.46668982e-09
6249,41,9926190,0,5769,0,17,3.46668982e-09,3.46668982e-09
6250,40,9926190,0,5769,0,-26,3.46668982e-09,3.46668982e-09
6251,43,9931959,0,5769,0,12.297692,3.46665407e-09,3.46665407e-09
6252,42,9931959,0,5769,0,13,3.46665407e-09,3.46665407e-09
6253,41,9931959,0,5769,0,18,3.46665407e-09,3.46665407e-09
6254,40,9931959,0,5769,0,-26,3.46665407e-09,3.46665407e-09
6255,43,9937728,0,5769,0,12.297692,3.46665407e-09,3.46665407e-09
6256,42,9937728,0,5769,0,13,3.46665407e-09,3.46665407e-09
6257,41,9937728,0,5769,0,17,3.46665407e-09,3.46665407e-09
6258,40,9937728,0,5769,0,-25,3.46665407e-09,3.46665407e-09
6259,43,9943497,0,5769,0,12.297692,3.46668982e-09,3.46668982e-09
6260,42,9943497,0,5769,0,14,3.46668982e-09,3.46668982e-09
6261,41,9943497,0,5769,0,17,3.46668982e-09,3.46668982e-09
6262,40,9943497,0,5769,0,-26,3.46668982e-09,3.46668982e-09
6263,43,9949266,0,5769,0,12.297692,3.46668982e-09,3.46668982e-09
6264,42,9949266,0,5769,0,14,3.46668982e-09,3.46668982e-09
6265,41,9949266,0,5769,0,17,3.46668982e-09,3.46668982e-09
6266,40,9949266,0,5769,0,-26,3.46668982e-09,3.46668982e-09
6267,43,9955035,0,5769,0,12.297692,3.46665407e-09,3.46665407e-09
6268,42,9955035,0,5769,0,13,3.46665407e-09,3.46665407e-09
6269,41,9955035,0,5769,0,17,3.46665407e-09,3.46665407e-09
6270,40,9955035,0,5769,0,-26,3.46665407e-09,3.46665407e-09
6271,43,9960804,0,5769,0,12.297692,3.46665407e-09,3.46665407e-09
6272,42,9960804,0,5769,0,14,3.46665407e-09,3.46665407e-09
6273,41,9960804,0,5769,0,17,3.46665407e-09,3.46665407e-09
6274,40,9960804,0,5769,0,-25,3.46665407e-09,3.46665407e-09
6275,43,9966573,0,5769,0,12.297692,3.46668982e-09,3.46668982e-09
6276,42,9966573,0,5769,0,13,3.46668982e-09,3.46668982e-09
6277,41,9966573,0,5769,0,18,3.46668982e-09,3.46668982e-09
6278,40,9966573,0,5769,0,-26,3.46668982e-09,3.46668982e-09
6279,43,9972342,0,5769,0,12.297692,3.46668982e-09,3.46668982e-09
6280,42,9972342,0,5769,0,14,3.46668982e-09,3.46668982e-09
6281,41,9972342,0,5769,0,17,3.46668982e-09,3.46668982e-09
6282,40,9972342,0,5769,0,-26,3.46668982e-09,3.46668982e-09
6283,43,9978111,0,5769,0,12.297692,3.46665407e-09,3.46665407e-09
6284,42,9978111,0,5769,0,13,3.46665407e-09,3.46665407e-09
6285,41,9978111,0,5769,0,17,3.46665407e-09,3.46665407e-09
6286,40,9978111,0,5769,0,-25,3.46665407e-09,3.46665407e-09
6287,43,9983880,0,5769,0,12.297692,3.46665407e-09,3.46665407e-09
6288,42,9983880,0,5769,0,14,3.46665407e-09,3.46665407e-09
6289,41,9983880,0,5769,0,17,3.46665407e-09,3.46665407e-09
6290,40,9983880,0,5769,0,-26,3.46665407e-09,3.46665407e-09
6291,43,9989649,0,5769,0,12.297692,3.46668982e-09,3.46668982e-09
6292,42,9989649,0,5769,0,13,3.46668982e-09,3.46668982e-09
6293,41,9989649,0,5769,0,18,3.46668982e-09,3.46668982e-09
6294,40,9989649,0,5769,0,-26,3.46668982e-09,3.46668982e-09
6295,43,9995418,0,5769,0,12.297692,3.46668982e-09,3.46668982e-09
6296,42,9995418,0,5769,0,14,3.46668982e-09,3.46668982e-09
6297,41,9995418,0,5769,0,17,3.46668982e-09,3.46668982e-09
6298,40,9995418,0,5769,0,-26,3.46668982e-09,3.46668982e-09
6299,43,10001187,0,5769,0,12.297692,3.46665407e-09,3.46665407e-09
6300,42,10001187,0,5769,0,14,3.46665407e-09,3.46665407e-09
6301,41,10001187,0,5769,0,17,3.46665407e-09,3.46665407e-09
6302,40,10001187,0,5769,0,-25,3.46665407e-09,3.46665407e-09
6303,43,10006956,0,5769,0,12.297692,3.46665407e-09,3.46665407e-09
6304,42,10006956,0,5769,0,13,3.46665407e-09,3.46665407e-09
6305,41,10006956,0,5769,0,18,3.46665407e-09,3.46665407e-09
6306,40,10006956,0,5769,0,-26,3.46665407e-09,3.46665407e-09
6307,43,10012725,0,5769,0,12.297692,3.46668982e-09,3.46668982e-09
6308,42,10012725,0,5769,0,14,3.46668982e-09,3.46668982e-09
6309,41,10012725,0,5769,0,17,3.46668982e-09,3.46668982e-09
6310,40,10012725,0,5769,0,-26,3.46668982e-09,3.46668982e-09
6311,43,10018494,0,5769,0,12.297692,3.46668982e-09,3.46668982e-09
6312,42,10018494,0,5769,0,14,3.46668982e-09,3.46668982e-09
6313,41,10018494,0,5769,0,17,3.46668982e-09,3.46668982e-09
6314,40,10018494,0,5769,0,-25,3.46668982e-09,3.46668982e-09
6315,43,10024263,0,5769,0,12.297692,3.46665407e-09,3.46665407e-09
6316,42,10024263,0,5769,0,13,3.46665407e-09,3.46665407e-09
6317,41,10024263,0,5769,0,18,3.46665407e-09,3.46665407e-09
6318,40,10024263,0,5769,0,-26,3.46665407e-09,3.46665407e-09
6319,43,10030032,0,5769,0,12.297692,3.46665407e-09,3.46665407e-09
6320,42,10030032,0,5769,0,14,3.46665407e-09,3.46665407e-09
6321,41,10030032,0,5769,0,17,3.46665407e-09,3.46665407e-09
6322,40,10030032,0,5769,0,-26,3.46665407e-09,3.46665407e-09
6323,43,10035801,0,5769,0,12.297692,3.46668982e-09,3.46668982e-09
6324,42,10035801,0,5769,0,14,3.46668982e-09,3.46668982e-09
6325,41,10035801,0,5769,0,17,3.46668982e-09,3.46668982e-09
6326,40,10035801,0,5769,0,-25,3.46668982e-09,3.46668982e-09
6327,43,10041570,0,5769,0,12.297692,3.46668982e-09,3.46668982e-09
6328,42,10041570,0,5769,0,14,3.46668982e-09,3.46668982e-09
6329,41,10041570,0,5769,0,18,3.46668982e-09,3.46668982e-09
6330,40,10041570,0,5769,0,-26,3.46668982e-09,3.46668982e-09
6331,43,10047339,0,5769,0,12.297692,3.46665407e-09,3.46665407e-09
6332,42,10047339,0,5769,0,13,3.46665407e-09,3.46665407e-09
6333,41,10047339,0,5769,0,17,3.46665407e-09,3.46665407e-09
6334,40,10047339,0,5769,0,-26,3.46665407e-09,3.46665407e-09
6335,43,10053108,0,5769,0,12.297692,3.46665496e-09,3.46665496e-09
6336,42,10053108,0,5769,0,14,3.46665496e-09,3.46665496e-09
6337,41,10053108,0,5769,0,17,3.46665496e-09,3.46665496e-09
6338,40,10053108,0,5769,0,-26,3.46665496e-09,3.46665496e-09
6339,43,10058877,0,5769,0,12.297692,3.46668894e-09,3.46668894e-09
6340,42,10058877,0,5769,0,14,3.46668894e-09,3.46668894e-09
6341,41,10058877,0,5769,0,18,3.46668894e-09,3.46668894e-09
6342,40,10058877,0,5769,0,-25,3.46668894e-09,3.46668894e-09
6343,43,10064646,0,5769,0,12.297692,3.46668894e-09,3.46668894e-09
6344,42,10064646,0,5769,0,14,3.46668894e-09,3.46668894e-09
6345,41,10064646,0,5769,0,17,3.46668894e-09,3.46668894e-09
6346,40,10064646,0,5769,0,-26,3.46668894e-09,3.46668894e-09
6347,43,10070415,0,5769,0,12.297692,3.46668894e-09,3.46668894e-09
6348,42,10070415,0,5769,0,13,3.46668894e-09,3.46668894e-09
6349,41,10070415,0,5769,0,18,3.46668894e-09,3.46668894e-09
6350,40,10070415,0,5769,0,-26,3.46668894e-09,3.46668894e-09
6351,43,10076184,0,5769,0,12.297692,3.46668894e-09,3.46668894e-09
6352,42,10076184,0,5769,0,14,3.46668894e-09,3.46668894e-09
6353,41,10076184,0,5769,0,17,3.46668894e-09,3.46668894e-09
6354,40,10076184,0,5769,0,-25,3.46668894e-09,3.46668894e-09
6355,43,10081953,0,5769,0,12.297692,3.46668894e-09,3.46668894e-09
6356,42,10081953,0,5769,0,14,3.46668894e-09,3.46668894e-09
6357,41,10081953,0,5769,0,18,3.46668894e-09,3.46668894e-09
6358,40,10081953,0,5769,0,-26,3.46668894e-09,3.46668894e-09
6359,43,10087722,0,5769,0,12.297692,3.46668894e-09,3.46668894e-09
6360,42,10087722,0,5769,0,14,3.46668894e-09,3.46668894e-09
6361,41,10087722,0,5769,0,17,3.46668894e-09,3.46668894e-09
6362,40,10087722,0,5769,0,-26,3.46668894e-09,3.46668894e-09
6363,43,10093491,0,5769,0,12.297692,3.46668894e-09,3.46668894e-09
6364,42,10093491,0,5769,0,14,3.46668894e-09,3.46668894e-09
6365,41,10093491,0,5769,0,18,3.46668894e-09,3.46668894e-09
6366,40,10093491,0,5769,0,-25,3.46668894e-09,3.46668894e-09
6367,43,10099260,0,5769,0,12.297692,3.46668894e-09,3.46668894e-09
6368,42,10099260,0,5769,0,13,3.46668894e-09,3.46668894e-09
6369,41,10099260,0,5769,0,17,3.46668894e-09,3.46668894e-09
6370,40,10099260,0,5769,0,-26,3.46668894e-09,3.46668894e-09
6371,43,10105029,0,5769,0,12.297692,3.46668894e-09,3.46668894e-09
6372,42,10105029,0,5769,0,14,3.46668894e-09,3.46668894e-09
6373,41,10105029,0,5769,0,18,3.46668894e-09,3.46668894e-09
6374,40,10105029,0,5769,0,-26,3.46668894e-09,3.46668894e-09
6375,43,10110798,0,5769,0,12.297692,3.46668894e-09,3.46668894e-09
6376,42,10110798,0,5769,0,14,3.46668894e-09,3.46668894e-09
6377,41,10110798,0,5769,0,17,3.46668894e-09,3.46668894e-09
6378,40,10110798,0,5769,0,-26,3.46668894e-09,3.46668894e-09
6379,43,10116567,0,5769,0,12.297692,3.46668894e-09,3.46668894e-09
6380,42,10116567,0,5769,0,14,3.46668894e-09,3.46668894e-09
6381,41,10116567,0,5769,0,18,3.46668894e-09,3.46668894e-09
6382,40,10116567,0,5769,0,-25,3.46668894e-09,3.46668894e-09
6383,43,10122336,0,5769,0,12.297692,3.46668894e-09,3.46668894e-09
6384,42,10122336,0,5769,0,14,3.46668894e-09,3.46668894e-09
6385,41,10122336,0,5769,0,17,3.46668894e-09,3.46668894e-09
6386,40,10122336,0,5769,0,-26,3.46668894e-09,3.46668894e-09
6387,43,10128105,0,5769,0,12.297692,3.46669138e-09,3.46669138e-09
6388,42,10128105,0,5769,0,14,3.46669138e-09,3.46669138e-09
6389,41,10128105,0,5769,0,18,3.46669138e-09,3.46669138e-09
6390,40,10128105,0,5769,0,-26,3.46669138e-09,3.46669138e-09
6391,43,10133874,0,5769,0,12.297692,3.46668849e-09,3.46668849e-09
6392,42,10133874,0,5769,0,14,3.46668849e-09,3.46668849e-09
6393,41,10133874,0,5769,0,18,3.46668849e-09,3.46668849e-09
6394,40,10133874,0,5769,0,-25,3.46668849e-09,3.46668849e-09
6395,43,10139643,0,5769,0,12.297692,3.46668849e-09,3.46668849e-09
6396,42,10139643,0,5769,0,14,3.46668849e-09,3.46668849e-09
6397,41,10139643,0,5769,0,17,3.46668849e-09,3.46668849e-09
6398,40,10139643,0,5769,0,-26,3.46668849e-09,3.46668849e-09
6399,43,10145412,0,5769,0,12.297692,3.46661988e-09,3.46661988e-09
6400,42,10145412,0,5769,0,14,3.46661988e-09,3.46661988e-09
6401,41,10145412,0,5769,0,18,3.46661988e-09,3.46661988e-09
6402,40,10145412,0,5769,0,-26,3.46661988e-09,3.46661988e-09
6403,43,10151181,0,5769,0,12.297692,3.46668894e-09,3.46668894e-09
6404,42,10151181,0,5769,0,14,3.46668894e-09,3.46668894e-09
6405,41,10151181,0,5769,0,17,3.46668894e-09,3.46668894e-09
6406,40,10151181,0,5769,0,-25,3.46668894e-09,3.46668894e-09
6407,43,10156950,0,5769,0,12.297692,3.46668894e-09,3.46668894e-09
6408,42,10156950,0,5769,0,14,3.46668894e-09,3.46668894e-09
6409,41,10156950,0,5769,0,18,3.46668894e-09,3.46668894e-09
6410,40,10156950,0,5769,0,-26,3.46668894e-09,3.46668894e-09
6411,43,10162719,0,5769,0,12.297692,3.46661988e-09,3.46661988e-09
6412,42,10162719,0,5769,0,14,3.46661988e-09,3.46661988e-09
6413,41,10162719,0,5769,0,18,3.46661988e-09,3.46661988e-09
6414,40,10162719,0,5769,0,-26,3.46661988e-09,3.46661988e-09
6415,43,10168488,0,5769,0,12.297692,3.46661988e-09,3.46661988e-09
6416,42,10168488,0,5769,0,14,3.46661988e-09,3.46661988e-09
6417,41,10168488,0,5769,0,17,3.46661988e-09,3.46661988e-09
6418,40,10168488,0,5769,0,-25,3.46661988e-09,3.46661988e-09
6419,43,10174257,0,5769,0,12.297692,3.46668894e-09,3.46668894e-09
6420,42,10174257,0,5769,0,14,3.46668894e-09,3.46668894e-09
6421,41,10174257,0,5769,0,18,3.46668894e-09,3.46668894e-09
6422,40,10174257,0,5769,0,-26,3.46668894e-09,3.46668894e-09
6423,43,10180026,0,5769,0,12.297692,3.46668894e-09,3.46668894e-09
6424,42,10180026,0,5769,0,14,3.46668894e-09,3.46668894e-09
6425,41,10180026,0,5769,0,18,3.46668894e-09,3.46668894e-09
6426,40,10180026,0,5769,0,-26,3.46668894e-09,3.46668894e-09
6427,43,10185795,0,5769,0,12.297692,3.46661988e-09,3.46661988e-09
6428,42,10185795,0,5769,0,14,3.46661988e-09,3.46661988e-09
6429,41,10185795,0,5769,0,17,3.46661988e-09,3.46661988e-09
6430,40,10185795,0,5769,0,-25,3.46661988e-09,3.46661988e-09
6431,43,10191564,0,5769,0,12.297692,3.46661988e-09,3.46661988e-09
6432,42,10191564,0,5769,0,14,3.46661988e-09,3.46661988e-09
6433,41,10191564,0,5769,0,18,3.46661988e-09,3.46661988e-09
6434,40,10191564,0,5769,0,-26,3.46661988e-09,3.46661988e-09
6435,43,10197333,0,3862,1945,12.297692,3.46668894e-09,3.46668894e-09
6436,42,10197333,0,3862,1945,14,3.46668894e-09,3.46668894e-09
6437,41,10197333,0,3862,1945,18,3.46668894e-09,3.46668894e-09
6438,40,10197333,0,3862,1945,-26,3.46668894e-09,3.46668894e-09
6439,43,10203140,0,0,6433,12.297692,3.46669071e-09,3.46669071e-09
6440,42,10203140,0,0,6433,14,3.46669071e-09,3.46669071e-09
6441,41,10203140,0,0,6433,17,3.46669071e-09,3.46669071e-09
6442,40,10203140,0,0,6433,-25,3.46669071e-09,3.46669071e-09
6443,43,10209573,0,0,7630,12.297692,3.46662055e-09,3.46662055e-09
6444,42,10209573,0,0,7630,14,3.46662055e-09,3.46662055e-09
6445,41,10209573,0,0,7630,18,3.46662055e-09,3.46662055e-09
6446,40,10209573,0,0,7630,-26,3.46662055e-09,3.46662055e-09
6447,43,10217203,0,0,9940,12.297692,3.46661810e-09,3.46661810e-09
6448,42,10217203,0,0,9940,14,3.46661810e-09,3.46661810e-09
6449,41,10217203,0,0,9940,18,3.46661810e-09,3.46661810e-09
6450,40,10217203,0,0,9940,-26,3.46661810e-09,3.46661810e-09
6451,43,10227143,0,0,22802,12.297692,3.46668849e-09,3.46668849e-09
6452,42,10227143,0,0,22802,14,3.46668849e-09,3.46668849e-09
6453,41,10227143,0,0,22802,18,3.46668849e-09,3.46668849e-09
6454,40,10227143,0,0,22802,-26,3.46668849e-09,3.46668849e-09
6455,43,10249945,22802,0,0,12.297692,3.46668849e-09,3.46668849e-09
6456,42,10249945,22802,0,0,-22,3.46668849e-09,3.46668849e-09
6457,41,10249945,22802,0,0,19,3.46668849e-09,3.46668849e-09
6458,40,10249945,22802,0,0,-4,3.46668849e-09,3.46668849e-09
6459,43,10272747,9940,0,0,12.297692,3.46668849e-09,3.46668849e-09
6460,42,10272747,9940,0,0,-22,3.46668849e-09,3.46668849e-09
6461,41,10272747,9940,0,0,19,3.46668849e-09,3.46668849e-09
6462,40,10272747,9940,0,0,-5,3.46668849e-09,3.46668849e-09
6463,43,10282687,7630,0,0,12.297692,3.46668894e-09,3.46668894e-09
6464,42,10282687,7630,0,0,-22,3.46668894e-09,3.46668894e-09
6465,41,10282687,7630,0,0,19,3.46668894e-09,3.46668894e-09
6466,40,10282687,7630,0,0,-5,3.46668894e-09,3.46668894e-09
6467,43,10290317,6433,0,0,12.297692,3.46668982e-09,3.46668982e-09
6468,42,10290317,6433,0,0,-22,3.46668982e-09,3.46668982e-09
6469,41,10290317,6433,0,0,19,3.46668982e-09,3.46668982e-09
6470,40,10290317,6433,0,0,-5,3.46668982e-09,3.46668982e-09
6471,43,10296750,1945,3862,0,12.297692,3.46668894e-09,3.46668894e-09
6472,42,10296750,1945,3862,0,-22,3.46668894e-09,3.46668894e-09
6473,41,10296750,1945,3862,0,20,3.46668894e-09,3.46668894e-09
6474,40,10296750,1945,3862,0,-4,3.46668894e-09,3.46668894e-09
6475,43,10302557,0,5769,0,12.297692,3.46668894e-09,3.46668894e-09
6476,42,10302557,0,5769,0,-22,3.46668894e-09,3.46668894e-09
6477,41,10302557,0,5769,0,19,3.46668894e-09,3.46668894e-09
6478,40,10302557,0,5769,0,-5,3.46668894e-09,3.46668894e-09
6479,43,10308326,0,5769,0,12.297692,3.46668894e-09,3.46668894e-09
6480,42,10308326,0,5769,0,-21,3.46668894e-09,3.46668894e-09
6481,41,10308326,0,5769,0,19,3.46668894e-09,3.46668894e-09
6482,40,10308326,0,5769,0,-4,3.46668894e-09,3.46668894e-09
6483,43,10314095,0,5769,0,12.297692,3.46668894e-09,3.46668894e-09
6484,42,10314095,0,5769,0,-22,3.46668894e-09,3.46668894e-09
6485,41,10314095,0,5769,0,19,3.46668894e-09,3.46668894e-09
6486,40,10314095,0,5769,0,-5,3.46668894e-09,3.46668894e-09
6487,43,10319864,0,5769,0,12.297692,3.46668894e-09,3.46668894e-09
6488,42,10319864,0,5769,0,-22,3.46668894e-09,3.46668894e-09
6489,41,10319864,0,5769,0,19,3.46668894e-09,3.46668894e-09
6490,40,10319864,0,5769,0,-5,3.46668894e-09,3.46668894e-09
6491,43,10325633,0,5769,0,12.297692,3.46668894e-09,3.46668894e-09
6492,42,10325633,0,5769,0,-22,3.46668894e-09,3.46668894e-09
6493,41,10325633,0,5769,0,20,3.46668894e-09,3.46668894e-09
6494,40,10325633,0,5769,0,-4,3.46668894e-09,3.46668894e-09
6495,43,10331402,0,5769,0,12.297692,3.46668894e-09,3.46668894e-09
6496,42,10331402,0,5769,0,-22,3.46668894e-09,3.46668894e-09
6497,41,10331402,0,5769,0,19,3.46668894e-09,3.46668894e-09
6498,40,10331402,0,5769,0,-5,3.46668894e-09,3.46668894e-09
6499,43,10337171,0,5769,0,12.297692,3.46668894e-09,3.46668894e-09
6500,42,10337171,0,5769,0,-22,3.46668894e-09,3.46668894e-09
6501,41,10337171,0,5769,0,19,3.46668894e-09,3.46668894e-09
6502,40,10337171,0,5769,0,-4,3.46668894e-09,3.46668894e-09
6503,43,10342940,0,5769,0,12.297692,3.46668894e-09,3.46668894e-09
6504,42,10342940,0,5769,0,-22,3.46668894e-09,3.46668894e-09
6505,41,10342940,0,5769,0,19,3.46668894e-09,3.46668894e-09
6506,40,10342940,0,5769,0,-5,3.46668894e-09,3.46668894e-09
6507,43,10348709,0,5769,0,12.297692,3.46668894e-09,3.46668894e-09
6508,42,10348709,0,5769,0,-22,3.46668894e-09,3.46668894e-09
6509,41,10348709,0,5769,0,20,3.46668894e-09,3.46668894e-09
6510,40,10348709,0,5769,0,-4,3.46668894e-09,3.46668894e-09
6511,43,10354478,0,5769,0,12.297692,3.46668894e-09,3.46668894e-09
6512,42,10354478,0,5769,0,-22,3.46668894e-09,3.46668894e-09
6513,41,10354478,0,5769,0,19,3.46668894e-09,3.46668894e-09
6514,40,10354478,0,5769,0,-5,3.46668894e-09,3.46668894e-09
6515,43,10360247,0,5769,0,12.297692,3.46668894e-09,3.46668894e-09
6516,42,10360247,0,5769,0,-22,3.46668894e-09,3.46668894e-09
6517,41,10360247,0,5769,0,19,3.46668894e-09,3.46668894e-09
6518,40,10360247,0,5769,0,-4,3.46668894e-09,3.46668894e-09
6519,43,10366016,0,5769,0,12.297692,3.46668894e-09,3.46668894e-09
6520,42,10366016,0,5769,0,-22,3.46668894e-09,3.46668894e-09
6521,41,10366016,0,5769,0,20,3.46668894e-09,3.46668894e-09
6522,40,10366016,0,5769,0,-5,3.46668894e-09,3.46668894e-09
6523,43,10371785,0,5769,0,12.297692,3.46668894e-09,3.46668894e-09
6524,42,10371785,0,5769,0,-21,3.46668894e-09,3.46668894e-09
6525,41,10371785,0,5769,0,19,3.46668894e-09,3.46668894e-09
6526,40,10371785,0,5769,0,-4,3.46668894e-09,3.46668894e-09
6527,43,10377554,0,5769,0,12.297692,3.46668894e-09,3.46668894e-09
6528,42,10377554,0,5769,0,-22,3.46668894e-09,3.46668894e-09
6529,41,10377554,0,5769,0,19,3.46668894e-09,3.46668894e-09
6530,40,10377554,0,5769,0,-4,3.46668894e-09,3.46668894e-09
6531,43,10383323,0,5769,0,12.297692,3.46668894e-09,3.46668894e-09
6532,42,10383323,0,5769,0,-22,3.46668894e-09,3.46668894e-09
6533,41,10383323,0,5769,0,20,3.46668894e-09,3.46668894e-09
6534,40,10383323,0,5769,0,-5,3.46668894e-09,3.46668894e-09
6535,43,10389092,0,5769,0,12.297692,3.46668894e-09,3.46668894e-09
6536,42,10389092,0,5769,0,-22,3.46668894e-09,3.46668894e-09
6537,41,10389092,0,5769,0,19,3.46668894e-09,3.46668894e-09
6538,40,10389092,0,5769,0,-4,3.46668894e-09,3.46668894e-09
6539,43,10394861,0,5769,0,12.297692,3.46668894e-09,3.46668894e-09
6540,42,10394861,0,5769,0,-22,3.46668894e-09,3.46668894e-09
6541,41,10394861,0,5769,0,19,3.46668894e-09,3.46668894e-09
6542,40,10394861,0,5769,0,-4,3.46668894e-09,3.46668894e-09
6543,43,10400630,0,5769,0,12.297692,3.46668894e-09,3.46668894e-09
6544,42,10400630,0,5769,0,-22,3.46668894e-09,3.46668894e-09
6545,41,10400630,0,5769,0,20,3.46668894e-09,3.46668894e-09
6546,40,10400630,0,5769,0,-4,3.46668894e-09,3.46668894e-09
6547,43,10406399,0,5769,0,12.297692,3.46668894e-09,3.46668894e-09
6548,42,10406399,0,5769,0,-22,3.46668894e-09,3.46668894e-09
6549,41,10406399,0,5769,0,19,3.46668894e-09,3.46668894e-09
6550,40,10406399,0,5769,0,-5,3.46668894e-09,3.46668894e-09
6551,43,10412168,0,5769,0,12.297692,3.46668894e-09,3.46668894e-09
6552,42,10412168,0,5769,0,-21,3.46668894e-09,3.46668894e-09
6553,41,10412168,0,5769,0,20,3.46668894e-09,3.46668894e-09
6554,40,10412168,0,5769,0,-4,3.46668894e-09,3.46668894e-09
6555,43,10417937,0,5769,0,12.297692,3.46669138e-09,3.46669138e-09
6556,42,10417937,0,5769,0,-22,3.46669138e-09,3.46669138e-09
6557,41,10417937,0,5769,0,19,3.46669138e-09,3.46669138e-09
6558,40,10417937,0,5769,0,-4,3.46669138e-09,3.46669138e-09
6559,43,10423706,0,5769,0,12.297692,3.46668982e-09,3.46668982e-09
6560,42,10423706,0,5769,0,-22,3.46668982e-09,3.46668982e-09
6561,41,10423706,0,5769,0,19,3.46668982e-09,3.46668982e-09
6562,40,10423706,0,5769,0,-4,3.46668982e-09,3.46668982e-09
6563,43,10429475,0,5769,0,12.297692,3.46668982e-09,3.46668982e-09
6564,42,10429475,0,5769,0,-22,3.46668982e-09,3.46668982e-09
6565,41,10429475,0,5769,0,20,3.46668982e-09,3.46668982e-09
6566,40,10429475,0,5769,0,-4,3.46668982e-09,3.46668982e-09
6567,43,10435244,0,5769,0,12.297692,3.46665252e-09,3.46665252e-09
6568,42,10435244,0,5769,0,-22,3.46665252e-09,3.46665252e-09
6569,41,10435244,0,5769,0,19,3.46665252e-09,3.46665252e-09
6570,40,10435244,0,5769,0,-5,3.46665252e-09,3.46665252e-09
6571,43,10441013,0,5769,0,12.297692,3.46665252e-09,3.46665252e-09
6572,42,10441013,0,5769,0,-22,3.46665252e-09,3.46665252e-09
6573,41,10441013,0,5769,0,20,3.46665252e-09,3.46665252e-09
6574,40,10441013,0,5769,0,-4,3.46665252e-09,3.46665252e-09
6575,43,10446782,0,5769,0,12.297692,3.46665252e-09,3.46665252e-09
6576,42,10446782,0,5769,0,-21,3.46665252e-09,3.46665252e-09
6577,41,10446782,0,5769,0,19,3.46665252e-09,3.46665252e-09
6578,40,10446782,0,5769,0,-4,3.46665252e-09,3.46665252e-09
6579,43,10452551,0,5769,0,12.297692,3.46665252e-09,3.46665252e-09
6580,42,10452551,0,5769,0,-22,3.46665252e-09,3.46665252e-09
6581,41,10452551,0,5769,0,20,3.46665252e-09,3.46665252e-09
6582,40,10452551,0,5769,0,-4,3.46665252e-09,3.46665252e-09
6583,43,10458320,0,5769,0,12.297692,3.46665252e-09,3.46665252e-09
6584,42,10458320,0,5769,0,-22,3.46665252e-09,3.46665252e-09
6585,41,10458320,0,5769,0,19,3.46665252e-09,3.46665252e-09
6586,40,10458320,0,5769,0,-4,3.46665252e-09,3.46665252e-09
6587,43,10464089,0,5769,0,12.297692,3.46665252e-09,3.46665252e-09
6588,42,10464089,0,5769,0,-22,3.46665252e-09,3.46665252e-09
6589,41,10464089,0,5769,0,20,3.46665252e-09,3.46665252e-09
6590,40,10464089,0,5769,0,-4,3.46665252e-09,3.46665252e-09
6591,43,10469858,0,5769,0,12.297692,3.46665252e-09,3.46665252e-09
6592,42,10469858,0,5769,0,-22,3.46665252e-09,3.46665252e-09
6593,41,10469858,0,5769,0,19,3.46665252e-09,3.46665252e-09
6594,40,10469858,0,5769,0,-4,3.46665252e-09,3.46665252e-09
6595,43,10475627,0,5769,0,12.297692,3.46665252e-09,3.46665252e-09
6596,42,10475627,0,5769,0,-21,3.46665252e-09,3.46665252e-09
6597,41,10475627,0,5769,0,20,3.46665252e-09,3.46665252e-09
6598,40,10475627,0,5769,0,-4,3.46665252e-09,3.46665252e-09
6599,43,10481396,0,5769,0,12.297692,3.46665252e-09,3.46665252e-09
6600,42,10481396,0,5769,0,-22,3.46665252e-09,3.46665252e-09
6601,41,10481396,0,5769,0,19,3.46665252e-09,3.46665252e-09
6602,40,10481396,0,5769,0,-4,3.46665252e-09,3.46665252e-09
6603,43,10487165,0,5769,0,12.297692,3.46665252e-09,3.46665252e-09
6604,42,10487165,0,5769,0,-22,3.46665252e-09,3.46665252e-09
6605,41,10487165,0,5769,0,20,3.46665252e-09,3.46665252e-09
6606,40,10487165,0,5769,0,-3,3.46665252e-09,3.46665252e-09
6607,43,10492934,0,5769,0,12.297692,3.46665252e-09,3.46665252e-09
6608,42,10492934,0,5769,0,-22,3.46665252e-09,3.46665252e-09
6609,41,10492934,0,5769,0,19,3.46665252e-09,3.46665252e-09
6610,40,10492934,0,5769,0,-4,3.46665252e-09,3.46665252e-09
6611,43,10498703,0,5769,0,12.297692,3.46665252e-09,3.46665252e-09
6612,42,10498703,0,5769,0,-21,3.46665252e-09,3.46665252e-09
6613,41,10498703,0,5769,0,20,3.46665252e-09,3.46665252e-09
6614,40,10498703,0,5769,0,-4,3.46665252e-09,3.46665252e-09
6615,43,10504472,0,5769,0,12.297692,3.46665252e-09,3.46665252e-09
6616,42,10504472,0,5769,0,-22,3.46665252e-09,3.46665252e-09
6617,41,10504472,0,5769,0,19,3.46665252e-09,3.46665252e-09
6618,40,10504472,0,5769,0,-4,3.46665252e-09,3.46665252e-09
6619,43,10510241,0,5769,0,12.297692,3.46665252e-09,3.46665252e-09
6620,42,10510241,0,5769,0,-22,3.46665252e-09,3.46665252e-09
6621,41,10510241,0,5769,0,20,3.46665252e-09,3.46665252e-09
6622,40,10510241,0,5769,0,-4,3.46665252e-09,3.46665252e-09
6623,43,10516010,0,5769,0,12.297692,3.46665252e-09,3.46665252e-09
6624,42,10516010,0,5769,0,-22,3.46665252e-09,3.46665252e-09
6625,41,10516010,0,5769,0,19,3.46665252e-09,3.46665252e-09
6626,40,10516010,0,5769,0,-4,3.46665252e-09,3.46665252e-09
6627,43,10521779,0,5769,0,12.297692,3.46665252e-09,3.46665252e-09
6628,42,10521779,0,5769,0,-21,3.46665252e-09,3.46665252e-09
6629,41,10521779,0,5769,0,20,3.46665252e-09,3.46665252e-09
6630,40,10521779,0,5769,0,-3,3.46665252e-09,3.46665252e-09
6631,43,10527548,0,5769,0,12.297692,3.46665252e-09,3.46665252e-09
6632,42,10527548,0,5769,0,-22,3.46665252e-09,3.46665252e-09
6633,41,10527548,0,5769,0,19,3.46665252e-09,3.46665252e-09
6634,40,10527548,0,5769,0,-4,3.46665252e-09,3.46665252e-09
6635,43,10533317,0,5769,0,12.297692,3.46665252e-09,3.46665252e-09
6636,42,10533317,0,5769,0,-22,3.46665252e-09,3.46665252e-09
6637,41,10533317,0,5769,0,20,3.46665252e-09,3.46665252e-09
6638,40,10533317,0,5769,0,-4,3.46665252e-09,3.46665252e-09
6639,43,10539086,0,5769,0,12.297692,3.46665252e-09,3.46665252e-09
6640,42,10539086,0,5769,0,-22,3.46665252e-09,3.46665252e-09
6641,41,10539086,0,5769,0,20,3.46665252e-09,3.46665252e-09
6642,40,10539086,0,5769,0,-3,3.46665252e-09,3.46665252e-09
6643,43,10544855,0,5769,0,12.297692,3.46665252e-09,3.46665252e-09
6644,42,10544855,0,5769,0,-21,3.46665252e-09,3.46665252e-09
6645,41,10544855,0,5769,0,19,3.46665252e-09,3.46665252e-09
6646,40,10544855,0,5769,0,-4,3.46665252e-09,3.46665252e-09
6647,43,10550624,0,5769,0,12.297692,3.46665252e-09,3.46665252e-09
6648,42,10550624,0,5769,0,-22,3.46665252e-09,3.46665252e-09
6649,41,10550624,0,5769,0,20,3.46665252e-09,3.46665252e-09
6650,40,10550624,0,5769,0,-4,3.46665252e-09,3.46665252e-09
6651,43,10556393,0,5769,0,12.297692,3.46665252e-09,3.46665252e-09
6652,42,10556393,0,5769,0,-22,3.46665252e-09,3.46665252e-09
6653,41,10556393,0,5769,0,20,3.46665252e-09,3.46665252e-09
6654,40,10556393,0,5769,0,-3,3.46665252e-09,3.46665252e-09
6655,43,10562162,0,5769,0,12.297692,3.46665252e-09,3.46665252e-09
6656,42,10562162,0,5769,0,-21,3.46665252e-09,3.46665252e-09
6657,41,10562162,0,5769,0,19,3.46665252e-09,3.46665252e-09
6658,40,10562162,0,5769,0,-4,3.46665252e-09,3.46665252e-09
6659,43,10567931,0,5769,0,12.297692,3.46665252e-09,3.46665252e-09
6660,42,10567931,0,5769,0,-22,3.46665252e-09,3.46665252e-09
6661,41,10567931,0,5769,0,20,3.46665252e-09,3.46665252e-09
6662,40,10567931,0,5769,0,-3,3.46665252e-09,3.46665252e-09
6663,43,10573700,0,5769,0,12.297692,3.46665252e-09,3.46665252e-09
6664,42,10573700,0,5769,0,-22,3.46665252e-09,3.46665252e-09
6665,41,10573700,0,5769,0,19,3.46665252e-09,3.46665252e-09
6666,40,10573700,0,5769,0,-4,3.46665252e-09,3.46665252e-09
6667,43,10579469,0,5769,0,12.297692,3.46665252e-09,3.46665252e-09
6668,42,10579469,0,5769,0,-22,3.46665252e-09,3.46665252e-09
6669,41,10579469,0,5769,0,20,3.46665252e-09,3.46665252e-09
6670,40,10579469,0,5769,0,-3,3.46665252e-09,3.46665252e-09
6671,43,10585238,0,5769,0,12.297692,3.46665252e-09,3.46665252e-09
6672,42,10585238,0,5769,0,-21,3.46665252e-09,3.46665252e-09
6673,41,10585238,0,5769,0,20,3.46665252e-09,3.46665252e-09
6674,40,10585238,0,5769,0,-4,3.46665252e-09,3.46665252e-09
6675,43,10591007,0,5769,0,12.297692,3.46665252e-09,3.46665252e-09
6676,42,10591007,0,5769,0,-22,3.46665252e-09,3.46665252e-09
6677,41,10591007,0,5769,0,19,3.46665252e-09,3.46665252e-09
6678,40,10591007,0,5769,0,-3,3.46665252e-09,3.46665252e-09
6679,43,10596776,0,5769,0,12.297692,3.46665252e-09,3.46665252e-09
6680,42,10596776,0,5769,0,-22,3.46665252e-09,3.46665252e-09
6681,41,10596776,0,5769,0,20,3.46665252e-09,3.46665252e-09
6682,40,10596776,0,5769,0,-4,3.46665252e-09,3.46665252e-09
6683,43,10602545,0,5769,0,12.297692,3.46665252e-09,3.46665252e-09
6684,42,10602545,0,5769,0,-21,3.46665252e-09,3.46665252e-09
6685,41,10602545,0,5769,0,20,3.46665252e-09,3.46665252e-09
6686,40,10602545,0,5769,0,-3,3.46665252e-09,3.46665252e-09
6687,43,10608314,0,5769,0,12.297692,3.46665252e-09,3.46665252e-09
6688,42,10608314,0,5769,0,-22,3.46665252e-09,3.46665252e-09
6689,41,10608314,0,5769,0,20,3.46665252e-09,3.46665252e-09
6690,40,10608314,0,5769,0,-4,3.46665252e-09,3.46665252e-09
6691,43,10614083,0,5769,0,12.297692,3.46665252e-09,3.46665252e-09
6692,42,10614083,0,5769,0,-22,3.46665252e-09,3.46665252e-09
6693,41,10614083,0,5769,0,19,3.46665252e-09,3.46665252e-09
6694,40,10614083,0,5769,0,-3,3.46665252e-09,3.46665252e-09
6695,43,10619852,0,5769,0,12.297692,3.46665252e-09,3.46665252e-09
6696,42,10619852,0,5769,0,-21,3.46665252e-09,3.46665252e-09
6697,41,10619852,0,5769,0,20,3.46665252e-09,3.46665252e-09
6698,40,10619852,0,5769,0,-3,3.46665252e-09,3.46665252e-09
6699,43,10625621,0,5769,0,12.297692,3.46665252e-09,3.46665252e-09
6700,42,10625621,0,5769,0,-22,3.46665252e-09,3.46665252e-09
6701,41,10625621,0,5769,0,20,3.46665252e-09,3.46665252e-09
6702,40,10625621,0,5769,0,-4,3.46665252e-09,3.46665252e-09
6703,43,10631390,0,5769,0,12.297692,3.46665252e-09,3.46665252e-09
6704,42,10631390,0,5769,0,-21,3.46665252e-09,3.46665252e-09
6705,41,10631390,0,5769,0,20,3.46665252e-09,3.46665252e-09
6706,40,10631390,0,5769,0,-3,3.46665252e-09,3.46665252e-09
6707,43,10637159,0,5769,0,12.297692,3.46665252e-09,3.46665252e-09
6708,42,10637159,0,5769,0,-22,3.46665252e-09,3.46665252e-09
6709,41,10637159,0,5769,0,19,3.46665252e-09,3.46665252e-09
6710,40,10637159,0,5769,0,-3,3.46665252e-09,3.46665252e-09
6711,43,10642928,0,5769,0,12.297692,3.46665252e-09,3.46665252e-09
6712,42,10642928,0,5769,0,-22,3.46665252e-09,3.46665252e-09
6713,41,10642928,0,5769,0,20,3.46665252e-09,3.46665252e-09
6714,40,10642928,0,5769,0,-3,3.46665252e-09,3.46665252e-09
6715,43,10648697,0,5769,0,12.297692,3.46665252e-09,3.46665252e-09
6716,42,10648697,0,5769,0,-21,3.46665252e-09,3.46665252e-09
6717,41,10648697,0,5769,0,20,3.46665252e-09,3.46665252e-09
6718,40,10648697,0,5769,0,-4,3.46665252e-09,3.46665252e-09
6719,43,10654466,0,5769,0,12.297692,3.46665252e-09,3.46665252e-09
6720,42,10654466,0,5769,0,-22,3.46665252e-09,3.46665252e-09
6721,41,10654466,0,5769,0,20,3.46665252e-09,3.46665252e-09
6722,40,10654466,0,5769,0,-3,3.46665252e-09,3.46665252e-09
6723,43,10660235,0,5769,0,12.297692,3.46665252e-09,3.46665252e-09
6724,42,10660235,0,5769,0,-22,3.46665252e-09,3.46665252e-09
6725,41,10660235,0,5769,0,19,3.46665252e-09,3.46665252e-09
6726,40,10660235,0,5769,0,-3,3.46665252e-09,3.46665252e-09
6727,43,10666004,0,5769,0,12.297692,3.46665252e-09,3.46665252e-09
6728,42,10666004,0,5769,0,-21,3.46665252e-09,3.46665252e-09
6729,41,10666004,0,5769,0,20,3.46665252e-09,3.46665252e-09
6730,40,10666004,0,5769,0,-3,3.46665252e-09,3.46665252e-09
6731,43,10671773,0,5769,0,12.297692,3.46665252e-09,3.46665252e-09
6732,42,10671773,0,5769,0,-22,3.46665252e-09,3.46665252e-09
6733,41,10671773,0,5769,0,20,3.46665252e-09,3.46665252e-09
6734,40,10671773,0,5769,0,-3,3.46665252e-09,3.46665252e-09
6735,43,10677542,0,5769,0,12.297692,3.46665252e-09,3.46665252e-09
6736,42,10677542,0,5769,0,-21,3.46665252e-09,3.46665252e-09
6737,41,10677542,0,5769,0,20,3.46665252e-09,3.46665252e-09
6738,40,10677542,0,5769,0,-3,3.46665252e-09,3.46665252e-09
6739,43,10683311,0,5769,0,12.297692,3.46665252e-09,3.46665252e-09
6740,42,10683311,0,5769,0,-22,3.46665252e-09,3.46665252e-09
6741,41,10683311,0,5769,0,20,3.46665252e-09,3.46665252e-09
6742,40,10683311,0,5769,0,-3,3.46665252e-09,3.46665252e-09
6743,43,10689080,0,5769,0,12.297692,3.46665252e-09,3.46665252e-09
6744,42,10689080,0,5769,0,-22,3.46665252e-09,3.46665252e-09
6745,41,10689080,0,5769,0,20,3.46665252e-09,3.46665252e-09
6746,40,10689080,0,5769,0,-3,3.46665252e-09,3.46665252e-09
6747,43,10694849,0,5769,0,12.297692,3.46665252e-09,3.46665252e-09
6748,42,10694849,0,5769,0,-21,3.46665252e-09,3.46665252e-09
6749,41,10694849,0,5769,0,19,3.46665252e-09,3.46665252e-09
6750,40,10694849,0,5769,0,-3,3.46665252e-09,3.46665252e-09
6751,43,10700618,0,5769,0,12.297692,3.46665252e-09,3.46665252e-09
6752,42,10700618,0,5769,0,-22,3.46665252e-09,3.46665252e-09
6753,41,10700618,0,5769,0,20,3.46665252e-09,3.46665252e-09
6754,40,10700618,0,5769,0,-3,3.46665252e-09,3.46665252e-09
6755,43,10706387,0,5769,0,12.297692,3.46665252e-09,3.46665252e-09
6756,42,10706387,0,5769,0,-21,3.46665252e-09,3.46665252e-09
6757,41,10706387,0,5769,0,20,3.46665252e-09,3.46665252e-09
6758,40,10706387,0,5769,0,-3,3.46665252e-09,3.46665252e-09
6759,43,10712156,0,5769,0,12.297692,3.46665252e-09,3.46665252e-09
6760,42,10712156,0,5769,0,-22,3.46665252e-09,3.46665252e-09
6761,41,10712156,0,5769,0,20,3.46665252e-09,3.46665252e-09
6762,40,10712156,0,5769,0,-3,3.46665252e-09,3.46665252e-09
6763,43,10717925,0,5769,0,12.297692,3.46665252e-09,3.46665252e-09
6764,42,10717925,0,5769,0,-21,3.46665252e-09,3.46665252e-09
6765,41,10717925,0,5769,0,20,3.46665252e-09,3.46665252e-09
6766,40,10717925,0,5769,0,-3,3.46665252e-09,3.46665252e-09
6767,43,10723694,0,5769,0,12.297692,3.46665252e-09,3.46665252e-09
6768,42,10723694,0,5769,0,-22,3.46665252e-09,3.46665252e-09
6769,41,10723694,0,5769,0,20,3.46665252e-09,3.46665252e-09
6770,40,10723694,0,5769,0,-3,3.46665252e-09,3.46665252e-09
6771,43,10729463,0,5769,0,12.297692,3.46665252e-09,3.46665252e-09
6772,42,10729463,0,5769,0,-21,3.46665252e-09,3.46665252e-09
6773,41,10729463,0,5769,0,20,3.46665252e-09,3.46665252e-09
6774,40,10729463,0,5769,0,-3,3.46665252e-09,3.46665252e-09
6775,43,10735232,0,5769,0,12.297692,3.46665252e-09,3.46665252e-09
6776,42,10735232,0,5769,0,-22,3.46665252e-09,3.46665252e-09
6777,41,10735232,0,5769,0,20,3.46665252e-09,3.46665252e-09
6778,40,10735232,0,5769,0,-3,3.46665252e-09,3.46665252e-09
6779,43,10741001,0,5769,0,12.297692,3.46665252e-09,3.46665252e-09
6780,42,10741001,0,5769,0,-21,3.46665252e-09,3.46665252e-09
6781,41,10741001,0,5769,0,19,3.46665252e-09,3.46665252e-09
6782,40,10741001,0,5769,0,-3,3.46665252e-09,3.46665252e-09
6783,43,10746770,0,5769,0,12.297692,3.46665252e-09,3.46665252e-09
6784,42,10746770,0,5769,0,-22,3.46665252e-09,3.46665252e-09
6785,41,10746770,0,5769,0,20,3.46665252e-09,3.46665252e-09
6786,40,10746770,0,5769,0,-3,3.46665252e-09,3.46665252e-09
6787,43,10752539,0,5769,0,12.297692,3.46665252e-09,3.46665252e-09
6788,42,10752539,0,5769,0,-22,3.46665252e-09,3.46665252e-09
6789,41,10752539,0,5769,0,20,3.46665252e-09,3.46665252e-09
6790,40,10752539,0,5769,0,-2,3.46665252e-09,3.46665252e-09
6791,43,10758308,0,5769,0,12.297692,3.46665252e-09,3.46665252e-09
6792,42,10758308,0,5769,0,-21,3.46665252e-09,3.46665252e-09
6793,41,10758308,0,5769,0,20,3.46665252e-09,3.46665252e-09
6794,40,10758308,0,5769,0,-3,3.46665252e-09,3.46665252e-09
6795,43,10764077,0,5769,0,12.297692,3.46665252e-09,3.46665252e-09
6796,42,10764077,0,5769,0,-22,3.46665252e-09,3.46665252e-09
6797,41,10764077,0,5769,0,20,3.46665252e-09,3.46665252e-09
6798,40,10764077,0,5769,0,-3,3.46665252e-09,3.46665252e-09
6799,43,10769846,0,5769,0,12.297692,3.46665252e-09,3.46665252e-09
6800,42,10769846,0,5769,0,-21,3.46665252e-09,3.46665252e-09
6801,41,10769846,0,5769,0,20,3.46665252e-09,3.46665252e-09
6802,40,10769846,0,5769,0,-2,3.46665252e-09,3.46665252e-09
6803,43,10775615,0,5769,0,12.297692,3.46665252e-09,3.46665252e-09
6804,42,10775615,0,5769,0,-22,3.46665252e-09,3.46665252e-09
6805,41,10775615,0,5769,0,20,3.46665252e-09,3.46665252e-09
6806,40,10775615,0,5769,0,-3,3.46665252e-09,3.46665252e-09
6807,43,10781384,0,5769,0,12.297692,3.46665252e-09,3.46665252e-09
6808,42,10781384,0,5769,0,-21,3.46665252e-09,3.46665252e-09
6809,41,10781384,0,5769,0,20,3.46665252e-09,3.46665252e-09
6810,40,10781384,0,5769,0,-3,3.46665252e-09,3.46665252e-09
6811,43,10787153,0,5769,0,12.297692,3.46665252e-09,3.46665252e-09
6812,42,10787153,0,5769,0,-21,3.46665252e-09,3.46665252e-09
6813,41,10787153,0,5769,0,20,3.46665252e-09,3.46665252e-09
6814,40,10787153,0,5769,0,-2,3.46665252e-09,3.46665252e-09
6815,43,10792922,0,5769,0,12.297692,3.46665252e-09,3.46665252e-09
6816,42,10792922,0,5769,0,-22,3.46665252e-09,3.46665252e-09
6817,41,10792922,0,5769,0,20,3.46665252e-09,3.46665252e-09
6818,40,10792922,0,5769,0,-3,3.46665252e-09,3.46665252e-09
6819,43,10798691,0,5769,0,12.297692,3.46665252e-09,3.46665252e-09
6820,42,10798691,0,5769,0,-21,3.46665252e-09,3.46665252e-09
6821,41,10798691,0,5769,0,20,3.46665252e-09,3.46665252e-09
6822,40,10798691,0,5769,0,-3,3.46665252e-09,3.46665252e-09
6823,43,10804460,0,5769,0,12.297692,3.46665252e-09,3.46665252e-09
6824,42,10804460,0,5769,0,-22,3.46665252e-09,3.46665252e-09
6825,41,10804460,0,5769,0,20,3.46665252e-09,3.46665252e-09
6826,40,10804460,0,5769,0,-2,3.46665252e-09,3.46665252e-09
6827,43,10810229,0,5769,0,12.297692,3.46665252e-09,3.46665252e-09
6828,42,10810229,0,5769,0,-21,3.46665252e-09,3.46665252e-09
6829,41,10810229,0,5769,0,20,3.46665252e-09,3.46665252e-09
6830,40,10810229,0,5769,0,-3,3.46665252e-09,3.46665252e-09
6831,43,10815998,0,5769,0,12.297692,3.46665252e-09,3.46665252e-09
6832,42,10815998,0,5769,0,-22,3.46665252e-09,3.46665252e-09
6833,41,10815998,0,5769,0,20,3.46665252e-09,3.46665252e-09
6834,40,10815998,0,5769,0,-2,3.46665252e-09,3.46665252e-09
6835,43,10821767,0,5769,0,12.297692,3.46665252e-09,3.46665252e-09
6836,42,10821767,0,5769,0,-21,3.46665252e-09,3.46665252e-09
6837,41,10821767,0,5769,0,20,3.46665252e-09,3.46665252e-09
6838,40,10821767,0,5769,0,-3,3.46665252e-09,3.46665252e-09
6839,43,10827536,0,5769,0,12.297692,3.46665252e-09,3.46665252e-09
6840,42,10827536,0,5769,0,-22,3.46665252e-09,3.46665252e-09
6841,41,10827536,0,5769,0,20,3.46665252e-09,3.46665252e-09
6842,40,10827536,0,5769,0,-2,3.46665252e-09,3.46665252e-09
6843,43,10833305,0,5769,0,12.297692,3.46665252e-09,3.46665252e-09
6844,42,10833305,0,5769,0,-21,3.46665252e-09,3.46665252e-09
6845,41,10833305,0,5769,0,20,3.46665252e-09,3.46665252e-09
6846,40,10833305,0,5769,0,-2,3.46665252e-09,3.46665252e-09
6847,43,10839074,0,5769,0,12.297692,3.46665252e-09,3.46665252e-09
6848,42,10839074,0,5769,0,-22,3.46665252e-09,3.46665252e-09
6849,41,10839074,0,5769,0,20,3.46665252e-09,3.46665252e-09
6850,40,10839074,0,5769,0,-3,3.46665252e-09,3.46665252e-09
6851,43,10844843,0,5769,0,12.297692,3.46665252e-09,3.46665252e-09
6852,42,10844843,0,5769,0,-21,3.46665252e-09,3.46665252e-09
6853,41,10844843,0,5769,0,20,3.46665252e-09,3.46665252e-09
6854,40,10844843,0,5769,0,-2,3.46665252e-09,3.46665252e-09
6855,43,10850612,0,5769,0,12.297692,3.46665252e-09,3.46665252e-09
6856,42,10850612,0,5769,0,-21,3.46665252e-09,3.46665252e-09
6857,41,10850612,0,5769,0,20,3.46665252e-09,3.46665252e-09
6858,40,10850612,0,5769,0,-3,3.46665252e-09,3.46665252e-09
6859,43,10856381,0,5769,0,12.297692,3.46665252e-09,3.46665252e-09
6860,42,10856381,0,5769,0,-22,3.46665252e-09,3.46665252e-09
6861,41,10856381,0,5769,0,21,3.46665252e-09,3.46665252e-09
6862,40,10856381,0,5769,0,-2,3.46665252e-09,3.46665252e-09
6863,43,10862150,0,5769,0,12.297692,3.46665252e-09,3.46665252e-09
6864,42,10862150,0,5769,0,-21,3.46665252e-09,3.46665252e-09
6865,41,10862150,0,5769,0,20,3.46665252e-09,3.46665252e-09
6866,40,10862150,0,5769,0,-2,3.46665252e-09,3.46665252e-09
6867,43,10867919,0,5769,0,12.297692,3.46665252e-09,3.46665252e-09
6868,42,10867919,0,5769,0,-22,3.46665252e-09,3.46665252e-09
6869,41,10867919,0,5769,0,20,3.46665252e-09,3.46665252e-09
6870,40,10867919,0,5769,0,-3,3.46665252e-09,3.46665252e-09
6871,43,10873688,0,5769,0,12.297692,3.46665252e-09,3.46665252e-09
6872,42,10873688,0,5769,0,-21,3.46665252e-09,3.46665252e-09
6873,41,10873688,0,5769,0,20,3.46665252e-09,3.46665252e-09
6874,40,10873688,0,5769,0,-2,3.46665252e-09,3.46665252e-09
6875,43,10879457,0,5769,0,12.297692,3.46665252e-09,3.46665252e-09
6876,42,10879457,0,5769,0,-21,3.46665252e-09,3.46665252e-09
6877,41,10879457,0,5769,0,20,3.46665252e-09,3.46665252e-09
6878,40,10879457,0,5769,0,-2,3.46665252e-09,3.46665252e-09
6879,43,10885226,0,5769,0,12.297692,3.46665252e-09,3.46665252e-09
6880,42,10885226,0,5769,0,-22,3.46665252e-09,3.46665252e-09
6881,41,10885226,0,5769,0,20,3.46665252e-09,3.46665252e-09
6882,40,10885226,0,5769,0,-2,3.46665252e-09,3.46665252e-09
6883,43,10890995,0,5769,0,12.297692,3.46665252e-09,3.46665252e-09
6884,42,10890995,0,5769,0,-21,3.46665252e-09,3.46665252e-09
6885,41,10890995,0,5769,0,20,3.46665252e-09,3.46665252e-09
6886,40,10890995,0,5769,0,-2,3.46665252e-09,3.46665252e-09
6887,43,10896764,0,5769,0,12.297692,3.46665541e-09,3.46665541e-09
6888,42,10896764,0,5769,0,-21,3.46665541e-09,3.46665541e-09
6889,41,10896764,0,5769,0,20,3.46665541e-09,3.46665541e-09
6890,40,10896764,0,5769,0,-3,3.46665541e-09,3.46665541e-09
6891,43,10902533,0,5769,0,12.297692,3.46665407e-09,3.46665407e-09
6892,42,10902533,0,5769,0,-22,3.46665407e-09,3.46665407e-09
6893,41,10902533,0,5769,0,21,3.46665407e-09,3.46665407e-09
6894,40,10902533,0,5769,0,-2,3.46665407e-09,3.46665407e-09
6895,43,10908302,0,5769,0,12.297692,3.46665541e-09,3.46665541e-09
6896,42,10908302,0,5769,0,-21,3.46665541e-09,3.46665541e-09
6897,41,10908302,0,5769,0,20,3.46665541e-09,3.46665541e-09
6898,40,10908302,0,5769,0,-2,3.46665541e-09,3.46665541e-09
6899,43,10914071,0,5769,0,12.297692,3.46667361e-09,3.46667361e-09
6900,42,10914071,0,5769,0,-21,3.46667361e-09,3.46667361e-09
6901,41,10914071,0,5769,0,20,3.46667361e-09,3.46667361e-09
6902,40,10914071,0,5769,0,-2,3.46667361e-09,3.46667361e-09
6903,43,10919840,0,5769,0,12.297692,3.46667361e-09,3.46667361e-09
6904,42,10919840,0,5769,0,-22,3.46667361e-09,3.46667361e-09
6905,41,10919840,0,5769,0,20,3.46667361e-09,3.46667361e-09
6906,40,10919840,0,5769,0,-2,3.46667361e-09,3.46667361e-09
6907,43,10925609,0,5769,0,12.297692,3.46667361e-09,3.46667361e-09
6908,42,10925609,0,5769,0,-21,3.46667361e-09,3.46667361e-09
6909,41,10925609,0,5769,0,20,3.46667361e-09,3.46667361e-09
6910,40,10925609,0,5769,0,-2,3.46667361e-09,3.46667361e-09
6911,43,10931378,0,5769,0,12.297692,3.46667361e-09,3.46667361e-09
6912,42,10931378,0,5769,0,-21,3.46667361e-09,3.46667361e-09
6913,41,10931378,0,5769,0,20,3.46667361e-09,3.46667361e-09
6914,40,10931378,0,5769,0,-2,3.46667361e-09,3.46667361e-09
6915,43,10937147,0,5769,0,12.297692,3.46667361e-09,3.46667361e-09
6916,42,10937147,0,5769,0,-22,3.46667361e-09,3.46667361e-09
6917,41,10937147,0,5769,0,21,3.46667361e-09,3.46667361e-09
6918,40,10937147,0,5769,0,-2,3.46667361e-09,3.46667361e-09
6919,43,10942916,0,5769,0,12.297692,3.46667361e-09,3.46667361e-09
6920,42,10942916,0,5769,0,-21,3.46667361e-09,3.46667361e-09
6921,41,10942916,0,5769,0,20,3.46667361e-09,3.46667361e-09
6922,40,10942916,0,5769,0,-2,3.46667361e-09,3.46667361e-09
6923,43,10948685,0,5769,0,12.297692,3.46667361e-09,3.46667361e-09
6924,42,10948685,0,5769,0,-21,3.46667361e-09,3.46667361e-09
6925,41,10948685,0,5769,0,20,3.46667361e-09,3.46667361e-09
6926,40,10948685,0,5769,0,-2,3.46667361e-09,3.46667361e-09
6927,43,10954454,0,5769,0,12.297692,3.46667361e-09,3.46667361e-09
6928,42,10954454,0,5769,0,-22,3.46667361e-09,3.46667361e-09
6929,41,10954454,0,5769,0,20,3.46667361e-09,3.46667361e-09
6930,40,10954454,0,5769,0,-2,3.46667361e-09,3.46667361e-09
6931,43,10960223,0,5769,0,12.297692,3.46667361e-09,3.46667361e-09
6932,42,10960223,0,5769,0,-21,3.46667361e-09,3.46667361e-09
6933,41,10960223,0,5769,0,21,3.46667361e-09,3.46667361e-09
6934,40,10960223,0,5769,0,-2,3.46667361e-09,3.46667361e-09
6935,43,10965992,0,5769,0,12.297692,3.46667361e-09,3.46667361e-09
6936,42,10965992,0,5769,0,-21,3.46667361e-09,3.46667361e-09
6937,41,10965992,0,5769,0,20,3.46667361e-09,3.46667361e-09
6938,40,10965992,0,5769,0,-1,3.46667361e-09,3.46667361e-09
6939,43,10971761,0,5769,0,12.297692,3.46667361e-09,3.46667361e-09
6940,42,10971761,0,5769,0,-22,3.46667361e-09,3.46667361e-09
6941,41,10971761,0,5769,0,20,3.46667361e-09,3.46667361e-09
6942,40,10971761,0,5769,0,-2,3.46667361e-09,3.46667361e-09
6943,43,10977530,0,5769,0,12.297692,3.46667361e-09,3.46667361e-09
6944,42,10977530,0,5769,0,-21,3.46667361e-09,3.46667361e-09
6945,41,10977530,0,5769,0,20,3.46667361e-09,3.46667361e-09
6946,40,10977530,0,5769,0,-2,3.46667361e-09,3.46667361e-09
6947,43,10983299,0,5769,0,12.297692,3.46667361e-09,3.46667361e-09
6948,42,10983299,0,5769,0,-21,3.46667361e-09,3.46667361e-09
6949,41,10983299,0,5769,0,21,3.46667361e-09,3.46667361e-09
6950,40,10983299,0,5769,0,-2,3.46667361e-09,3.46667361e-09
6951,43,10989068,0,5769,0,12.297692,3.46667361e-09,3.46667361e-09
6952,42,10989068,0,5769,0,-21,3.46667361e-09,3.46667361e-09
6953,41,10989068,0,5769,0,20,3.46667361e-09,3.46667361e-09
6954,40,10989068,0,5769,0,-2,3.46667361e-09,3.46667361e-09
6955,43,10994837,0,5769,0,12.297692,3.46667361e-09,3.46667361e-09
6956,42,10994837,0,5769,0,-22,3.46667361e-09,3.46667361e-09
6957,41,10994837,0,5769,0,20,3.46667361e-09,3.46667361e-09
6958,40,10994837,0,5769,0,-1,3.46667361e-09,3.46667361e-09
6959,43,11000606,0,5769,0,12.297692,3.46667361e-09,3.46667361e-09
6960,42,11000606,0,5769,0,-21,3.46667361e-09,3.46667361e-09
6961,41,11000606,0,5769,0,20,3.46667361e-09,3.46667361e-09
6962,40,11000606,0,5769,0,-2,3.46667361e-09,3.46667361e-09
6963,43,11006375,0,5769,0,12.297692,3.46667361e-09,3.46667361e-09
6964,42,11006375,0,5769,0,-21,3.46667361e-09,3.46667361e-09
6965,41,11006375,0,5769,0,21,3.46667361e-09,3.46667361e-09
6966,40,11006375,0,5769,0,-2,3.46667361e-09,3.46667361e-09
6967,43,11012144,0,5769,0,12.297692,3.46667361e-09,3.46667361e-09
6968,42,11012144,0,5769,0,-21,3.46667361e-09,3.46667361e-09
6969,41,11012144,0,5769,0,20,3.46667361e-09,3.46667361e-09
6970,40,11012144,0,5769,0,-1,3.46667361e-09,3.46667361e-09
6971,43,11017913,0,5769,0,12.297692,3.46667361e-09,3.46667361e-09
6972,42,11017913,0,5769,0,-22,3.46667361e-09,3.46667361e-09
6973,41,11017913,0,5769,0,20,3.46667361e-09,3.46667361e-09
6974,40,11017913,0,5769,0,-2,3.46667361e-09,3.46667361e-09
6975,43,11023682,0,5769,0,12.297692,3.46667361e-09,3.46667361e-09
6976,42,11023682,0,5769,0,-21,3.46667361e-09,3.46667361e-09
6977,41,11023682,0,5769,0,21,3.46667361e-09,3.46667361e-09
6978,40,11023682,0,5769,0,-2,3.46667361e-09,3.46667361e-09
6979,43,11029451,0,5769,0,12.297692,3.46667361e-09,3.46667361e-09
6980,42,11029451,0,5769,0,-21,3.46667361e-09,3.46667361e-09
6981,41,11029451,0,5769,0,20,3.46667361e-09,3.46667361e-09
6982,40,11029451,0,5769,0,-1,3.46667361e-09,3.46667361e-09
6983,43,11035220,0,5769,0,12.297692,3.46667361e-09,3.46667361e-09
6984,42,11035220,0,5769,0,-21,3.46667361e-09,3.46667361e-09
6985,41,11035220,0,5769,0,20,3.46667361e-09,3.46667361e-09
6986,40,11035220,0,5769,0,-2,3.46667361e-09,3.46667361e-09
6987,43,11040989,0,5769,0,12.297692,3.46667361e-09,3.46667361e-09
6988,42,11040989,0,5769,0,-22,3.46667361e-09,3.46667361e-09
6989,41,11040989,0,5769,0,21,3.46667361e-09,3.46667361e-09
6990,40,11040989,0,5769,0,-1,3.46667361e-09,3.46667361e-09
6991,43,11046758,0,5769,0,12.297692,3.46667361e-09,3.46667361e-09
6992,42,11046758,0,5769,0,-21,3.46667361e-09,3.46667361e-09
6993,41,11046758,0,5769,0,20,3.46667361e-09,3.46667361e-09
6994,40,11046758,0,5769,0,-2,3.46667361e-09,3.46667361e-09
6995,43,11052527,0,5769,0,12.297692,3.46667361e-09,3.46667361e-09
6996,42,11052527,0,5769,0,-21,3.46667361e-09,3.46667361e-09
6997,41,11052527,0,5769,0,20,3.46667361e-09,3.46667361e-09
6998,40,11052527,0,5769,0,-1,3.46667361e-09,3.46667361e-09
6999,43,11058296,0,5769,0,12.297692,3.46667361e-09,3.46667361e-09
7000,42,11058296,0,5769,0,-21,3.46667361e-09,3.46667361e-09
7001,41,11058296,0,5769,0,21,3.46667361e-09,3.46667361e-09
7002,40,11058296,0,5769,0,-2,3.46667361e-09,3.46667361e-09
7003,43,11064065,0,5769,0,12.297692,3.46667361e-09,3.46667361e-09
7004,42,11064065,0,5769,0,-21,3.46667361e-09,3.46667361e-09
7005,41,11064065,0,5769,0,20,3.46667361e-09,3.46667361e-09
7006,40,11064065,0,5769,0,-1,3.46667361e-09,3.46667361e-09
7007,43,11069834,0,5769,0,12.297692,3.46667361e-09,3.46667361e-09
7008,42,11069834,0,5769,0,-21,3.46667361e-09,3.46667361e-09
7009,41,11069834,0,5769,0,21,3.46667361e-09,3.46667361e-09
7010,40,11069834,0,5769,0,-2,3.46667361e-09,3.46667361e-09
7011,43,11075603,0,5769,0,12.297692,3.46667361e-09,3.46667361e-09
7012,42,11075603,0,5769,0,-22,3.46667361e-09,3.46667361e-09
7013,41,11075603,0,5769,0,20,3.46667361e-09,3.46667361e-09
7014,40,11075603,0,5769,0,-1,3.46667361e-09,3.46667361e-09
7015,43,11081372,0,5769,0,12.297692,3.46667361e-09,3.46667361e-09
7016,42,11081372,0,5769,0,-21,3.46667361e-09,3.46667361e-09
7017,41,11081372,0,5769,0,20,3.46667361e-09,3.46667361e-09
7018,40,11081372,0,5769,0,-1,3.46667361e-09,3.46667361e-09
7019,43,11087141,0,5769,0,12.297692,3.46667361e-09,3.46667361e-09
7020,42,11087141,0,5769,0,-21,3.46667361e-09,3.46667361e-09
7021,41,11087141,0,5769,0,21,3.46667361e-09,3.46667361e-09
7022,40,11087141,0,5769,0,-2,3.46667361e-09,3.46667361e-09
7023,43,11092910,0,5769,0,12.297692,3.46667361e-09,3.46667361e-09
7024,42,11092910,0,5769,0,-21,3.46667361e-09,3.46667361e-09
7025,41,11092910,0,5769,0,20,3.46667361e-09,3.46667361e-09
7026,40,11092910,0,5769,0,-1,3.46667361e-09,3.46667361e-09
7027,43,11098679,0,5769,0,12.297692,3.46667361e-09,3.46667361e-09
7028,42,11098679,0,5769,0,-21,3.46667361e-09,3.46667361e-09
7029,41,11098679,0,5769,0,21,3.46667361e-09,3.46667361e-09
7030,40,11098679,0,5769,0,-1,3.46667361e-09,3.46667361e-09
7031,43,11104448,0,5769,0,12.297692,3.46667361e-09,3.46667361e-09
7032,42,11104448,0,5769,0,-21,3.46667361e-09,3.46667361e-09
7033,41,11104448,0,5769,0,20,3.46667361e-09,3.46667361e-09
7034,40,11104448,0,5769,0,-2,3.46667361e-09,3.46667361e-09
7035,43,11110217,0,5769,0,12.297692,3.46667361e-09,3.46667361e-09
7036,42,11110217,0,5769,0,-22,3.46667361e-09,3.46667361e-09
7037,41,11110217,0,5769,0,20,3.46667361e-09,3.46667361e-09
7038,40,11110217,0,5769,0,-1,3.46667361e-09,3.46667361e-09
7039,43,11115986,0,5769,0,12.297692,3.46667361e-09,3.46667361e-09
7040,42,11115986,0,5769,0,-21,3.46667361e-09,3.46667361e-09
7041,41,11115986,0,5769,0,21,3.46667361e-09,3.46667361e-09
7042,40,11115986,0,5769,0,-1,3.46667361e-09,3.46667361e-09
7043,43,11121755,0,5769,0,12.297692,3.46667361e-09,3.46667361e-09
7044,42,11121755,0,5769,0,-21,3.46667361e-09,3.46667361e-09
7045,41,11121755,0,5769,0,20,3.46667361e-09,3.46667361e-09
7046,40,11121755,0,5769,0,-1,3.46667361e-09,3.46667361e-09
7047,43,11127524,0,5769,0,12.297692,3.46667361e-09,3.46667361e-09
7048,42,11127524,0,5769,0,-21,3.46667361e-09,3.46667361e-09
7049,41,11127524,0,5769,0,21,3.46667361e-09,3.46667361e-09
7050,40,11127524,0,5769,0,-1,3.46667361e-09,3.46667361e-09
7051,43,11133293,0,5769,0,12.297692,3.46667361e-09,3.46667361e-09
7052,42,11133293,0,5769,0,-21,3.46667361e-09,3.46667361e-09
7053,41,11133293,0,5769,0,20,3.46667361e-09,3.46667361e-09
7054,40,11133293,0,5769,0,-1,3.46667361e-09,3.46667361e-09
7055,43,11139062,0,5769,0,12.297692,3.46667361e-09,3.46667361e-09
7056,42,11139062,0,5769,0,-21,3.46667361e-09,3.46667361e-09
7057,41,11139062,0,5769,0,21,3.46667361e-09,3.46667361e-09
7058,40,11139062,0,5769,0,-2,3.46667361e-09,3.46667361e-09
7059,43,11144831,0,5769,0,12.297692,3.46667361e-09,3.46667361e-09
7060,42,11144831,0,5769,0,-21,3.46667361e-09,3.46667361e-09
7061,41,11144831,0,5769,0,20,3.46667361e-09,3.46667361e-09
7062,40,11144831,0,5769,0,-1,3.46667361e-09,3.46667361e-09
7063,43,11150600,0,5769,0,12.297692,3.46667361e-09,3.46667361e-09
7064,42,11150600,0,5769,0,-21,3.46667361e-09,3.46667361e-09
7065,41,11150600,0,5769,0,21,3.46667361e-09,3.46667361e-09
7066,40,11150600,0,5769,0,-1,3.46667361e-09,3.46667361e-09
7067,43,11156369,0,5769,0,12.297692,3.46667361e-09,3.46667361e-09
7068,42,11156369,0,5769,0,-21,3.46667361e-09,3.46667361e-09
7069,41,11156369,0,5769,0,20,3.46667361e-09,3.46667361e-09
7070,40,11156369,0,5769,0,-1,3.46667361e-09,3.46667361e-09
7071,43,11162138,0,5769,0,12.297692,3.46667361e-09,3.46667361e-09
7072,42,11162138,0,5769,0,-21,3.46667361e-09,3.46667361e-09
7073,41,11162138,0,5769,0,21,3.46667361e-09,3.46667361e-09
7074,40,11162138,0,5769,0,-1,3.46667361e-09,3.46667361e-09
7075,43,11167907,0,5769,0,12.297692,3.46667361e-09,3.46667361e-09
7076,42,11167907,0,5769,0,-21,3.46667361e-09,3.46667361e-09
7077,41,11167907,0,5769,0,20,3.46667361e-09,3.46667361e-09
7078,40,11167907,0,5769,0,-1,3.46667361e-09,3.46667361e-09
7079,43,11173676,0,5769,0,12.297692,3.46667361e-09,3.46667361e-09
7080,42,11173676,0,5769,0,-22,3.46667361e-09,3.46667361e-09
7081,41,11173676,0,5769,0,21,3.46667361e-09,3.46667361e-09
7082,40,11173676,0,5769,0,-1,3.46667361e-09,3.46667361e-09
7083,43,11179445,0,5769,0,12.297692,3.46667361e-09,3.46667361e-09
7084,42,11179445,0,5769,0,-21,3.46667361e-09,3.46667361e-09
7085,41,11179445,0,5769,0,20,3.46667361e-09,3.46667361e-09
7086,40,11179445,0,5769,0,-1,3.46667361e-09,3.46667361e-09
7087,43,11185214,0,5769,0,12.297692,3.46667361e-09,3.46667361e-09
7088,42,11185214,0,5769,0,-21,3.46667361e-09,3.46667361e-09
7089,41,11185214,0,5769,0,21,3.46667361e-09,3.46667361e-09
7090,40,11185214,0,5769,0,-1,3.46667361e-09,3.46667361e-09
7091,43,11190983,0,5769,0,12.297692,3.46667361e-09,3.46667361e-09
7092,42,11190983,0,5769,0,-21,3.46667361e-09,3.46667361e-09
7093,41,11190983,0,5769,0,20,3.46667361e-09,3.46667361e-09
7094,43,11196752,0,5769,0,12.297692,3.46667361e-09,3.46667361e-09
7095,42,11196752,0,5769,0,-21,3.46667361e-09,3.46667361e-09
7096,41,11196752,0,5769,0,21,3.46667361e-09,3.46667361e-09
7097,40,11196752,0,5769,0,-1,3.46667361e-09,3.46667361e-09
7098,43,11202521,0,5769,0,12.297692,3.46667361e-09,3.46667361e-09
7099,42,11202521,0,5769,0,-21,3.46667361e-09,3.46667361e-09
7100,41,11202521,0,5769,0,21,3.46667361e-09,3.46667361e-09
7101,40,11202521,0,5769,0,-1,3.46667361e-09,3.46667361e-09
7102,43,11208290,0,5769,0,12.297692,3.46667361e-09,3.46667361e-09
7103,42,11208290,0,5769,0,-21,3.46667361e-09,3.46667361e-09
7104,41,11208290,0,5769,0,20,3.46667361e-09,3.46667361e-09
7105,40,11208290,0,5769,0,-1,3.46667361e-09,3.46667361e-09
7106,43,11214059,0,5769,0,12.297692,3.46667361e-09,3.46667361e-09
7107,42,11214059,0,5769,0,-21,3.46667361e-09,3.46667361e-09
7108,41,11214059,0,5769,0,21,3.46667361e-09,3.46667361e-09
7109,40,11214059,0,5769,0,-1,3.46667361e-09,3.46667361e-09
7110,43,11219828,0,5769,0,12.297692,3.46667361e-09,3.46667361e-09
7111,42,11219828,0,5769,0,-21,3.46667361e-09,3.46667361e-09
7112,41,11219828,0,5769,0,20,3.46667361e-09,3.46667361e-09
7113,43,11225597,0,5769,0,12.297692,3.46667361e-09,3.46667361e-09
7114,42,11225597,0,5769,0,-21,3.46667361e-09,3.46667361e-09
7115,41,11225597,0,5769,0,21,3.46667361e-09,3.46667361e-09
7116,40,11225597,0,5769,0,-1,3.46667361e-09,3.46667361e-09
7117,43,11231366,0,5769,0,12.297692,3.46667361e-09,3.46667361e-09
7118,42,11231366,0,5769,0,-21,3.46667361e-09,3.46667361e-09
7119,41,11231366,0,5769,0,20,3.46667361e-09,3.46667361e-09
7120,40,11231366,0,5769,0,-1,3.46667361e-09,3.46667361e-09
7121,43,11237135,0,5769,0,12.297692,3.46667361e-09,3.46667361e-09
7122,42,11237135,0,5769,0,-21,3.46667361e-09,3.46667361e-09
7123,41,11237135,0,5769,0,21,3.46667361e-09,3.46667361e-09
7124,40,11237135,0,5769,0,-1,3.46667361e-09,3.46667361e-09
7125,43,11242904,0,5769,0,12.297692,3.46667361e-09,3.46667361e-09
7126,42,11242904,0,5769,0,-21,3.46667361e-09,3.46667361e-09
7127,41,11242904,0,5769,0,21,3.46667361e-09,3.46667361e-09
7128,43,11248673,0,5769,0,12.297692,3.46667361e-09,3.46667361e-09
7129,42,11248673,0,5769,0,-21,3.46667361e-09,3.46667361e-09
7130,41,11248673,0,5769,0,20,3.46667361e-09,3.46667361e-09
7131,40,11248673,0,5769,0,-1,3.46667361e-09,3.46667361e-09
7132,43,11254442,0,5769,0,12.297692,3.46667361e-09,3.46667361e-09
7133,42,11254442,0,5769,0,-21,3.46667361e-09,3.46667361e-09
7134,41,11254442,0,5769,0,21,3.46667361e-09,3.46667361e-09
7135,43,11260211,0,5769,0,12.297692,3.46667206e-09,3.46667206e-09
7136,42,11260211,0,5769,0,-21,3.46667206e-09,3.46667206e-09
7137,41,11260211,0,5769,0,21,3.46667206e-09,3.46667206e-09
7138,40,11260211,0,5769,0,-1,3.46667206e-09,3.46667206e-09
7139,43,11265980,0,5769,0,12.297692,3.46667273e-09,3.46667273e-09
7140,42,11265980,0,5769,0,-21,3.46667273e-09,3.46667273e-09
7141,41,11265980,0,5769,0,20,3.46667273e-09,3.46667273e-09
7142,40,11265980,0,5769,0,-1,3.46667273e-09,3.46667273e-09
7143,43,11271749,0,5769,0,12.297692,3.46667117e-09,3.46667117e-09
7144,42,11271749,0,5769,0,-21,3.46667117e-09,3.46667117e-09
7145,41,11271749,0,5769,0,21,3.46667117e-09,3.46667117e-09
7146,43,11277518,0,5769,0,12.297692,3.46666540e-09,3.46666540e-09
7147,42,11277518,0,5769,0,-20,3.46666540e-09,3.46666540e-09
7148,41,11277518,0,5769,0,21,3.46666540e-09,3.46666540e-09
7149,40,11277518,0,5769,0,-1,3.46666540e-09,3.46666540e-09
7150,43,11283287,0,5769,0,12.297692,3.46666540e-09,3.46666540e-09
7151,42,11283287,0,5769,0,-21,3.46666540e-09,3.46666540e-09
7152,41,11283287,0,5769,0,20,3.46666540e-09,3.46666540e-09
7153,43,11289056,0,5769,0,12.297692,3.46666540e-09,3.46666540e-09
7154,42,11289056,0,5769,0,-21,3.46666540e-09,3.46666540e-09
7155,41,11289056,0,5769,0,21,3.46666540e-09,3.46666540e-09
7156,40,11289056,0,5769,0,-1,3.46666540e-09,3.46666540e-09
7157,43,11294825,0,5769,0,12.297692,3.46666540e-09,3.46666540e-09
7158,42,11294825,0,5769,0,-21,3.46666540e-09,3.46666540e-09
7159,41,11294825,0,5769,0,21,3.46666540e-09,3.46666540e-09
7160,43,11300594,0,5769,0,12.297692,3.46666540e-09,3.46666540e-09
7161,42,11300594,0,5769,0,-21,3.46666540e-09,3.46666540e-09
7162,41,11300594,0,5769,0,20,3.46666540e-09,3.46666540e-09
7163,43,11306363,0,5769,0,12.297692,3.46666540e-09,3.46666540e-09
7164,42,11306363,0,5769,0,-21,3.46666540e-09,3.46666540e-09
7165,41,11306363,0,5769,0,21,3.46666540e-09,3.46666540e-09
7166,40,11306363,0,5769,0,-1,3.46666540e-09,3.46666540e-09
7167,43,11312132,0,5769,0,12.297692,3.46666540e-09,3.46666540e-09
7168,42,11312132,0,5769,0,-21,3.46666540e-09,3.46666540e-09
7169,41,11312132,0,5769,0,21,3.46666540e-09,3.46666540e-09
7170,43,11317901,0,5769,0,12.297692,3.46666540e-09,3.46666540e-09
7171,42,11317901,0,5769,0,-21,3.46666540e-09,3.46666540e-09
7172,41,11317901,0,5769,0,20,3.46666540e-09,3.46666540e-09
7173,43,11323670,0,5769,0,12.297692,3.46666540e-09,3.46666540e-09
7174,42,11323670,0,5769,0,-21,3.46666540e-09,3.46666540e-09
7175,41,11323670,0,5769,0,21,3.46666540e-09,3.46666540e-09
7176,40,11323670,0,5769,0,-1,3.46666540e-09,3.46666540e-09
7177,43,11329439,0,5769,0,12.297692,3.46666629e-09,3.46666629e-09
7178,42,11329439,0,5769,0,-21,3.46666629e-09,3.46666629e-09
7179,41,11329439,0,5769,0,21,3.46666629e-09,3.46666629e-09
7180,43,11335208,0,5769,0,12.297692,3.46666762e-09,3.46666762e-09
7181,42,11335208,0,5769,0,-20,3.46666762e-09,3.46666762e-09
7182,41,11335208,0,5769,0,21,3.46666762e-09,3.46666762e-09
7183,43,11340977,0,5769,0,12.297692,3.46666762e-09,3.46666762e-09
7184,42,11340977,0,5769,0,-21,3.46666762e-09,3.46666762e-09
7185,41,11340977,0,5769,0,20,3.46666762e-09,3.46666762e-09
7186,40,11340977,0,5769,0,-1,3.46666762e-09,3.46666762e-09
7187,43,11346746,0,5769,0,12.297692,3.46666762e-09,3.46666762e-09
7188,42,11346746,0,5769,0,-21,3.46666762e-09,3.46666762e-09
7189,41,11346746,0,5769,0,21,3.46666762e-09,3.46666762e-09
7190,43,11352515,0,5769,0,12.297692,3.46666762e-09,3.46666762e-09
7191,42,11352515,0,5769,0,-21,3.46666762e-09,3.46666762e-09
7192,41,11352515,0,5769,0,21,3.46666762e-09,3.46666762e-09
7193,43,11358284,0,5769,0,12.297692,3.46666762e-09,3.46666762e-09
7194,42,11358284,0,5769,0,-21,3.46666762e-09,3.46666762e-09
7195,41,11358284,0,5769,0,21,3.46666762e-09,3.46666762e-09
7196,43,11364053,0,5769,0,12.297692,3.46666673e-09,3.46666673e-09
7197,42,11364053,0,5769,0,-21,3.46666673e-09,3.46666673e-09
7198,41,11364053,0,5769,0,20,3.46666673e-09,3.46666673e-09
7199,43,11369822,0,5769,0,12.297692,3.46666851e-09,3.46666851e-09
7200,42,11369822,0,5769,0,-21,3.46666851e-09,3.46666851e-09
7201,41,11369822,0,5769,0,21,3.46666851e-09,3.46666851e-09
7202,43,11375591,0,5769,0,12.297692,3.46666629e-09,3.46666629e-09
7203,42,11375591,0,5769,0,-20,3.46666629e-09,3.46666629e-09
7204,41,11375591,0,5769,0,21,3.46666629e-09,3.46666629e-09
7205,43,11381360,0,5769,0,12.297692,3.46666740e-09,3.46666740e-09
7206,42,11381360,0,5769,0,-21,3.46666740e-09,3.46666740e-09
7207,41,11381360,0,5769,0,21,3.46666740e-09,3.46666740e-09
7208,43,11387129,0,5769,0,12.297692,3.46666740e-09,3.46666740e-09
7209,42,11387129,0,5769,0,-21,3.46666740e-09,3.46666740e-09
7210,41,11387129,0,5769,0,20,3.46666740e-09,3.46666740e-09
7211,43,11392898,0,5769,0,12.297692,3.46666740e-09,3.46666740e-09
7212,42,11392898,0,5769,0,-21,3.46666740e-09,3.46666740e-09
7213,41,11392898,0,5769,0,21,3.46666740e-09,3.46666740e-09
7214,40,11392898,0,5769,0,-1,3.46666740e-09,3.46666740e-09
7215,43,11398667,0,5769,0,12.297692,3.46666740e-09,3.46666740e-09
7216,42,11398667,0,5769,0,-21,3.46666740e-09,3.46666740e-09
7217,41,11398667,0,5769,0,21,3.46666740e-09,3.46666740e-09
7218,40,11398667,0,5769,0,1,3.46666740e-09,3.46666740e-09
7219,43,11404436,0,5769,0,12.297692,3.46666740e-09,3.46666740e-09
7220,42,11404436,0,5769,0,-20,3.46666740e-09,3.46666740e-09
7221,41,11404436,0,5769,0,21,3.46666740e-09,3.46666740e-09
7222,43,11410205,0,5769,0,12.297692,3.46666873e-09,3.46666873e-09
7223,42,11410205,0,5769,0,-21,3.46666873e-09,3.46666873e-09
7224,41,11410205,0,5769,0,21,3.46666873e-09,3.46666873e-09
7225,43,11415974,0,5769,0,12.297692,3.46666540e-09,3.46666540e-09
7226,42,11415974,0,5769,0,-21,3.46666540e-09,3.46666540e-09
7227,41,11415974,0,5769,0,20,3.46666540e-09,3.46666540e-09
7228,43,11421743,0,5769,0,12.297692,3.46666540e-09,3.46666540e-09
7229,42,11421743,0,5769,0,-21,3.46666540e-09,3.46666540e-09
7230,41,11421743,0,5769,0,21,3.46666540e-09,3.46666540e-09
7231,43,11427512,0,5769,0,12.297692,3.46666762e-09,3.46666762e-09
7232,42,11427512,0,5769,0,-20,3.46666762e-09,3.46666762e-09
7233,41,11427512,0,5769,0,21,3.46666762e-09,3.46666762e-09
7234,43,11433281,0,5769,0,12.297692,3.46666762e-09,3.46666762e-09
7235,42,11433281,0,5769,0,-21,3.46666762e-09,3.46666762e-09
7236,41,11433281,0,5769,0,21,3.46666762e-09,3.46666762e-09
7237,43,11439050,0,5769,0,12.297692,3.46666984e-09,3.46666984e-09
7238,42,11439050,0,5769,0,-21,3.46666984e-09,3.46666984e-09
7239,41,11439050,0,5769,0,21,3.46666984e-09,3.46666984e-09
7240,43,11444819,0,5769,0,12.297692,3.46666673e-09,3.46666673e-09
7241,42,11444819,0,5769,0,-21,3.46666673e-09,3.46666673e-09
7242,41,11444819,0,5769,0,21,3.46666673e-09,3.46666673e-09
7243,43,11450588,0,5769,0,12.297692,3.46666673e-09,3.46666673e-09
7244,42,11450588,0,5769,0,-20,3.46666673e-09,3.46666673e-09
7245,41,11450588,0,5769,0,21,3.46666673e-09,3.46666673e-09
7246,40,11450588,0,5769,0,1,3.46666673e-09,3.46666673e-09
7247,43,11456357,0,5769,0,12.297692,3.46666540e-09,3.46666540e-09
7248,42,11456357,0,5769,0,-21,3.46666540e-09,3.46666540e-09
7249,41,11456357,0,5769,0,20,3.46666540e-09,3.46666540e-09
7250,43,11462126,0,5769,0,12.297692,3.46666540e-09,3.46666540e-09
7251,42,11462126,0,5769,0,-21,3.46666540e-09,3.46666540e-09
7252,41,11462126,0,5769,0,21,3.46666540e-09,3.46666540e-09
7253,43,11467895,0,5769,0,12.297692,3.46666540e-09,3.46666540e-09
7254,42,11467895,0,5769,0,-21,3.46666540e-09,3.46666540e-09
7255,41,11467895,0,5769,0,21,3.46666540e-09,3.46666540e-09
7256,40,11467895,0,5769,0,1,3.46666540e-09,3.46666540e-09
7257,43,11473664,0,5769,0,12.297692,3.46666540e-09,3.46666540e-09
7258,42,11473664,0,5769,0,-20,3.46666540e-09,3.46666540e-09
7259,41,11473664,0,5769,0,21,3.46666540e-09,3.46666540e-09
7260,43,11479433,0,5769,0,12.297692,3.46666540e-09,3.46666540e-09
7261,42,11479433,0,5769,0,-21,3.46666540e-09,3.46666540e-09
7262,41,11479433,0,5769,0,21,3.46666540e-09,3.46666540e-09
7263,43,11485202,0,5769,0,12.297692,3.46666540e-09,3.46666540e-09
7264,42,11485202,0,5769,0,-21,3.46666540e-09,3.46666540e-09
7265,41,11485202,0,5769,0,21,3.46666540e-09,3.46666540e-09
7266,40,11485202,0,5769,0,1,3.46666540e-09,3.46666540e-09
7267,43,11490971,0,5769,0,12.297692,3.46666540e-09,3.46666540e-09
7268,42,11490971,0,5769,0,-20,3.46666540e-09,3.46666540e-09
7269,41,11490971,0,5769,0,21,3.46666540e-09,3.46666540e-09
7270,43,11496740,0,5769,0,12.297692,3.46666718e-09,3.46666718e-09
7271,42,11496740,0,5769,0,-21,3.46666718e-09,3.46666718e-09
7272,41,11496740,0,5769,0,21,3.46666718e-09,3.46666718e-09
7273,43,11502509,0,5769,0,12.297692,3.46666629e-09,3.46666629e-09
7274,42,11502509,0,5769,0,-21,3.46666629e-09,3.46666629e-09
7275,41,11502509,0,5769,0,21,3.46666629e-09,3.46666629e-09
7276,40,11502509,0,5769,0,1,3.46666629e-09,3.46666629e-09
7277,43,11508278,0,5769,0,12.297692,3.46666784e-09,3.46666784e-09
7278,42,11508278,0,5769,0,-20,3.46666784e-09,3.46666784e-09
7279,41,11508278,0,5769,0,21,3.46666784e-09,3.46666784e-09
7280,43,11514047,0,5769,0,12.297692,3.46667361e-09,3.46667361e-09
7281,42,11514047,0,5769,0,-21,3.46667361e-09,3.46667361e-09
7282,41,11514047,0,5769,0,20,3.46667361e-09,3.46667361e-09
7283,40,11514047,0,5769,0,1,3.46667361e-09,3.46667361e-09
7284,43,11519816,0,5769,0,12.297692,3.46667361e-09,3.46667361e-09
7285,42,11519816,0,5769,0,-21,3.46667361e-09,3.46667361e-09
7286,41,11519816,0,5769,0,21,3.46667361e-09,3.46667361e-09
7287,43,11525585,0,5769,0,12.297692,3.46667361e-09,3.46667361e-09
7288,42,11525585,0,5769,0,-20,3.46667361e-09,3.46667361e-09
7289,41,11525585,0,5769,0,21,3.46667361e-09,3.46667361e-09
7290,40,11525585,0,5769,0,1,3.46667361e-09,3.46667361e-09
7291,43,11531354,0,5769,0,12.297692,3.46667361e-09,3.46667361e-09
7292,42,11531354,0,5769,0,-21,3.46667361e-09,3.46667361e-09
7293,41,11531354,0,5769,0,21,3.46667361e-09,3.46667361e-09
7294,40,11531354,0,5769,0,1,3.46667361e-09,3.46667361e-09
7295,43,11537123,0,5769,0,12.297692,3.46667361e-09,3.46667361e-09
7296,42,11537123,0,5769,0,-21,3.46667361e-09,3.46667361e-09
7297,41,11537123,0,5769,0,21,3.46667361e-09,3.46667361e-09
7298,43,11542892,0,5769,0,12.297692,3.46667361e-09,3.46667361e-09
7299,42,11542892,0,5769,0,-20,3.46667361e-09,3.46667361e-09
7300,41,11542892,0,5769,0,21,3.46667361e-09,3.46667361e-09
7301,40,11542892,0,5769,0,1,3.46667361e-09,3.46667361e-09
7302,43,11548661,0,5769,0,12.297692,3.46667361e-09,3.46667361e-09
7303,42,11548661,0,5769,0,-21,3.46667361e-09,3.46667361e-09
7304,41,11548661,0,5769,0,21,3.46667361e-09,3.46667361e-09
7305,43,11554430,0,5769,0,12.297692,3.46667361e-09,3.46667361e-09
7306,42,11554430,0,5769,0,-21,3.46667361e-09,3.46667361e-09
7307,41,11554430,0,5769,0,21,3.46667361e-09,3.46667361e-09
7308,40,11554430,0,5769,0,1,3.46667361e-09,3.46667361e-09
7309,43,11560199,0,5769,0,12.297692,3.46667361e-09,3.46667361e-09
7310,42,11560199,0,5769,0,-20,3.46667361e-09,3.46667361e-09
7311,41,11560199,0,5769,0,21,3.46667361e-09,3.46667361e-09
7312,40,11560199,0,5769,0,1,3.46667361e-09,3.46667361e-09
7313,43,11565968,0,5769,0,12.297692,3.46667361e-09,3.46667361e-09
7314,42,11565968,0,5769,0,-21,3.46667361e-09,3.46667361e-09
7315,41,11565968,0,5769,0,21,3.46667361e-09,3.46667361e-09
7316,40,11565968,0,5769,0,1,3.46667361e-09,3.46667361e-09
7317,43,11571737,0,5769,0,12.297692,3.46667361e-09,3.46667361e-09
7318,42,11571737,0,5769,0,-20,3.46667361e-09,3.46667361e-09
7319,41,11571737,0,5769,0,21,3.46667361e-09,3.46667361e-09
7320,43,11577506,0,5769,0,12.297692,3.46667361e-09,3.46667361e-09
7321,42,11577506,0,5769,0,-21,3.46667361e-09,3.46667361e-09
7322,41,11577506,0,5769,0,21,3.46667361e-09,3.46667361e-09
7323,40,11577506,0,5769,0,1,3.46667361e-09,3.46667361e-09
7324,43,11583275,0,5769,0,12.297692,3.46667361e-09,3.46667361e-09
7325,42,11583275,0,5769,0,-20,3.46667361e-09,3.46667361e-09
7326,41,11583275,0,5769,0,21,3.46667361e-09,3.46667361e-09
7327,40,11583275,0,5769,0,1,3.46667361e-09,3.46667361e-09
7328,43,11589044,0,5769,0,12.297692,3.46667361e-09,3.46667361e-09
7329,42,11589044,0,5769,0,-21,3.46667361e-09,3.46667361e-09
7330,41,11589044,0,5769,0,21,3.46667361e-09,3.46667361e-09
7331,40,11589044,0,5769,0,1,3.46667361e-09,3.46667361e-09
7332,43,11594813,0,5769,0,12.297692,3.46667361e-09,3.46667361e-09
7333,42,11594813,0,5769,0,-21,3.46667361e-09,3.46667361e-09
7334,41,11594813,0,5769,0,21,3.46667361e-09,3.46667361e-09
7335,40,11594813,0,5769,0,1,3.46667361e-09,3.46667361e-09
7336,43,11600582,0,5769,0,12.297692,3.46667361e-09,3.46667361e-09
7337,42,11600582,0,5769,0,-20,3.46667361e-09,3.46667361e-09
7338,41,11600582,0,5769,0,21,3.46667361e-09,3.46667361e-09
7339,43,11606351,0,5769,0,12.297692,3.46667361e-09,3.46667361e-09
7340,42,11606351,0,5769,0,-21,3.46667361e-09,3.46667361e-09
7341,41,11606351,0,5769,0,21,3.46667361e-09,3.46667361e-09
7342,40,11606351,0,5769,0,1,3.46667361e-09,3.46667361e-09
7343,43,11612120,0,5769,0,12.297692,3.46667361e-09,3.46667361e-09
7344,42,11612120,0,5769,0,-20,3.46667361e-09,3.46667361e-09
7345,41,11612120,0,5769,0,21,3.46667361e-09,3.46667361e-09
7346,40,11612120,0,5769,0,1,3.46667361e-09,3.46667361e-09
7347,43,11617889,0,5769,0,12.297692,3.46667361e-09,3.46667361e-09
7348,42,11617889,0,5769,0,-21,3.46667361e-09,3.46667361e-09
7349,41,11617889,0,5769,0,22,3.46667361e-09,3.46667361e-09
7350,40,11617889,0,5769,0,1,3.46667361e-09,3.46667361e-09
7351,43,11623658,0,5769,0,12.297692,3.46667361e-09,3.46667361e-09
7352,42,11623658,0,5769,0,-20,3.46667361e-09,3.46667361e-09
7353,41,11623658,0,5769,0,21,3.46667361e-09,3.46667361e-09
7354,40,11623658,0,5769,0,1,3.46667361e-09,3.46667361e-09
7355,43,11629427,0,5769,0,12.297692,3.46667361e-09,3.46667361e-09
7356,42,11629427,0,5769,0,-21,3.46667361e-09,3.46667361e-09
7357,41,11629427,0,5769,0,21,3.46667361e-09,3.46667361e-09
7358,40,11629427,0,5769,0,1,3.46667361e-09,3.46667361e-09
7359,43,11635196,0,5769,0,12.297692,3.46667361e-09,3.46667361e-09
7360,42,11635196,0,5769,0,-20,3.46667361e-09,3.46667361e-09
7361,41,11635196,0,5769,0,21,3.46667361e-09,3.46667361e-09
7362,40,11635196,0,5769,0,1,3.46667361e-09,3.46667361e-09
7363,43,11640965,0,5769,0,12.297692,3.46667361e-09,3.46667361e-09
7364,42,11640965,0,5769,0,-21,3.46667361e-09,3.46667361e-09
7365,41,11640965,0,5769,0,21,3.46667361e-09,3.46667361e-09
7366,40,11640965,0,5769,0,1,3.46667361e-09,3.46667361e-09
7367,43,11646734,0,5769,0,12.297692,3.46667361e-09,3.46667361e-09
7368,42,11646734,0,5769,0,-20,3.46667361e-09,3.46667361e-09
7369,41,11646734,0,5769,0,21,3.46667361e-09,3.46667361e-09
7370,40,11646734,0,5769,0,1,3.46667361e-09,3.46667361e-09
7371,43,11652503,0,5769,0,12.297692,3.46667361e-09,3.46667361e-09
7372,42,11652503,0,5769,0,-21,3.46667361e-09,3.46667361e-09
7373,41,11652503,0,5769,0,21,3.46667361e-09,3.46667361e-09
7374,40,11652503,0,5769,0,2,3.46667361e-09,3.46667361e-09
7375,43,11658272,0,5769,0,12.297692,3.46667361e-09,3.46667361e-09
7376,42,11658272,0,5769,0,-20,3.46667361e-09,3.46667361e-09
7377,41,11658272,0,5769,0,21,3.46667361e-09,3.46667361e-09
7378,40,11658272,0,5769,0,1,3.46667361e-09,3.46667361e-09
7379,43,11664041,0,5769,0,12.297692,3.46667361e-09,3.46667361e-09
7380,42,11664041,0,5769,0,-21,3.46667361e-09,3.46667361e-09
7381,41,11664041,0,5769,0,21,3.46667361e-09,3.46667361e-09
7382,40,11664041,0,5769,0,1,3.46667361e-09,3.46667361e-09
7383,43,11669810,0,5769,0,12.297692,3.46667361e-09,3.46667361e-09
7384,42,11669810,0,5769,0,-20,3.46667361e-09,3.46667361e-09
7385,41,11669810,0,5769,0,21,3.46667361e-09,3.46667361e-09
7386,40,11669810,0,5769,0,1,3.46667361e-09,3.46667361e-09
7387,43,11675579,0,5769,0,12.297692,3.46667361e-09,3.46667361e-09
7388,42,11675579,0,5769,0,-21,3.46667361e-09,3.46667361e-09
7389,41,11675579,0,5769,0,21,3.46667361e-09,3.46667361e-09
7390,40,11675579,0,5769,0,1,3.46667361e-09,3.46667361e-09
7391,43,11681348,0,5769,0,12.297692,3.46667361e-09,3.46667361e-09
7392,42,11681348,0,5769,0,-20,3.46667361e-09,3.46667361e-09
7393,41,11681348,0,5769,0,22,3.46667361e-09,3.46667361e-09
7394,40,11681348,0,5769,0,1,3.46667361e-09,3.46667361e-09
7395,43,11687117,0,5769,0,12.297692,3.46667361e-09,3.46667361e-09
7396,42,11687117,0,5769,0,-20,3.46667361e-09,3.46667361e-09
7397,41,11687117,0,5769,0,21,3.46667361e-09,3.46667361e-09
7398,40,11687117,0,5769,0,2,3.46667361e-09,3.46667361e-09
7399,43,11692886,0,5769,0,12.297692,3.46667361e-09,3.46667361e-09
7400,42,11692886,0,5769,0,-21,3.46667361e-09,3.46667361e-09
7401,41,11692886,0,5769,0,21,3.46667361e-09,3.46667361e-09
7402,40,11692886,0,5769,0,1,3.46667361e-09,3.46667361e-09
7403,43,11698655,0,5769,0,12.297692,3.46667361e-09,3.46667361e-09
7404,42,11698655,0,5769,0,-20,3.46667361e-09,3.46667361e-09
7405,41,11698655,0,5769,0,21,3.46667361e-09,3.46667361e-09
7406,40,11698655,0,5769,0,1,3.46667361e-09,3.46667361e-09
7407,43,11704424,0,5769,0,12.297692,3.46667361e-09,3.46667361e-09
7408,42,11704424,0,5769,0,-21,3.46667361e-09,3.46667361e-09
7409,41,11704424,0,5769,0,21,3.46667361e-09,3.46667361e-09
7410,40,11704424,0,5769,0,2,3.46667361e-09,3.46667361e-09
7411,43,11710193,0,5769,0,12.297692,3.46667361e-09,3.46667361e-09
7412,42,11710193,0,5769,0,-20,3.46667361e-09,3.46667361e-09
7413,41,11710193,0,5769,0,21,3.46667361e-09,3.46667361e-09
7414,40,11710193,0,5769,0,1,3.46667361e-09,3.46667361e-09
7415,43,11715962,0,5769,0,12.297692,3.46667361e-09,3.46667361e-09
7416,42,11715962,0,5769,0,-20,3.46667361e-09,3.46667361e-09
7417,41,11715962,0,5769,0,22,3.46667361e-09,3.46667361e-09
7418,40,11715962,0,5769,0,1,3.46667361e-09,3.46667361e-09
7419,43,11721731,0,5769,0,12.297692,3.46667361e-09,3.46667361e-09
7420,42,11721731,0,5769,0,-21,3.46667361e-09,3.46667361e-09
7421,41,11721731,0,5769,0,21,3.46667361e-09,3.46667361e-09
7422,40,11721731,0,5769,0,2,3.46667361e-09,3.46667361e-09
7423,43,11727500,0,5769,0,12.297692,3.46667361e-09,3.46667361e-09
7424,42,11727500,0,5769,0,-20,3.46667361e-09,3.46667361e-09
7425,41,11727500,0,5769,0,21,3.46667361e-09,3.46667361e-09
7426,40,11727500,0,5769,0,1,3.46667361e-09,3.46667361e-09
7427,43,11733269,0,5769,0,12.297692,3.46667361e-09,3.46667361e-09
7428,42,11733269,0,5769,0,-21,3.46667361e-09,3.46667361e-09
7429,41,11733269,0,5769,0,21,3.46667361e-09,3.46667361e-09
7430,40,11733269,0,5769,0,2,3.46667361e-09,3.46667361e-09
7431,43,11739038,0,5769,0,12.297692,3.46667361e-09,3.46667361e-09
7432,42,11739038,0,5769,0,-20,3.46667361e-09,3.46667361e-09
7433,41,11739038,0,5769,0,21,3.46667361e-09,3.46667361e-09
7434,40,11739038,0,5769,0,1,3.46667361e-09,3.46667361e-09
7435,43,11744807,0,5769,0,12.297692,3.46667361e-09,3.46667361e-09
7436,42,11744807,0,5769,0,-20,3.46667361e-09,3.46667361e-09
7437,41,11744807,0,5769,0,21,3.46667361e-09,3.46667361e-09
7438,40,11744807,0,5769,0,2,3.46667361e-09,3.46667361e-09
7439,43,11750576,0,5769,0,12.297692,3.46667361e-09,3.46667361e-09
7440,42,11750576,0,5769,0,-21,3.46667361e-09,3.46667361e-09
7441,41,11750576,0,5769,0,22,3.46667361e-09,3.46667361e-09
7442,40,11750576,0,5769,0,1,3.46667361e-09,3.46667361e-09
7443,43,11756345,0,5769,0,12.297692,3.46667361e-09,3.46667361e-09
7444,42,11756345,0,5769,0,-20,3.46667361e-09,3.46667361e-09
7445,41,11756345,0,5769,0,21,3.46667361e-09,3.46667361e-09
7446,40,11756345,0,5769,0,2,3.46667361e-09,3.46667361e-09
7447,43,11762114,0,5769,0,12.297692,3.46667361e-09,3.46667361e-09
7448,42,11762114,0,5769,0,-20,3.46667361e-09,3.46667361e-09
7449,41,11762114,0,5769,0,21,3.46667361e-09,3.46667361e-09
7450,40,11762114,0,5769,0,1,3.46667361e-09,3.46667361e-09
7451,43,11767883,0,5769,0,12.297692,3.46667361e-09,3.46667361e-09
7452,42,11767883,0,5769,0,-21,3.46667361e-09,3.46667361e-09
7453,41,11767883,0,5769,0,21,3.46667361e-09,3.46667361e-09
7454,40,11767883,0,5769,0,2,3.46667361e-09,3.46667361e-09
7455,43,11773652,0,5769,0,12.297692,3.46667361e-09,3.46667361e-09
7456,42,11773652,0,5769,0,-20,3.46667361e-09,3.46667361e-09
7457,41,11773652,0,5769,0,22,3.46667361e-09,3.46667361e-09
7458,40,11773652,0,5769,0,2,3.46667361e-09,3.46667361e-09
7459,43,11779421,0,5769,0,12.297692,3.46667361e-09,3.46667361e-09
7460,42,11779421,0,5769,0,-20,3.46667361e-09,3.46667361e-09
7461,41,11779421,0,5769,0,21,3.46667361e-09,3.46667361e-09
7462,40,11779421,0,5769,0,1,3.46667361e-09,3.46667361e-09
7463,43,11785190,0,5769,0,12.297692,3.46667361e-09,3.46667361e-09
7464,42,11785190,0,5769,0,-21,3.46667361e-09,3.46667361e-09
7465,41,11785190,0,5769,0,21,3.46667361e-09,3.46667361e-09
7466,40,11785190,0,5769,0,2,3.46667361e-09,3.46667361e-09
7467,43,11790959,0,5769,0,12.297692,3.46667361e-09,3.46667361e-09
7468,42,11790959,0,5769,0,-20,3.46667361e-09,3.46667361e-09
7469,41,11790959,0,5769,0,21,3.46667361e-09,3.46667361e-09
7470,40,11790959,0,5769,0,2,3.46667361e-09,3.46667361e-09
7471,43,11796728,0,5769,0,12.297692,3.46667361e-09,3.46667361e-09
7472,42,11796728,0,5769,0,-20,3.46667361e-09,3.46667361e-09
7473,41,11796728,0,5769,0,22,3.46667361e-09,3.46667361e-09
7474,40,11796728,0,5769,0,1,3.46667361e-09,3.46667361e-09
7475,43,11802497,0,5769,0,12.297692,3.46667361e-09,3.46667361e-09
7476,42,11802497,0,5769,0,-20,3.46667361e-09,3.46667361e-09
7477,41,11802497,0,5769,0,21,3.46667361e-09,3.46667361e-09
7478,40,11802497,0,5769,0,2,3.46667361e-09,3.46667361e-09
7479,43,11808266,0,5769,0,12.297692,3.46667361e-09,3.46667361e-09
7480,42,11808266,0,5769,0,-21,3.46667361e-09,3.46667361e-09
7481,41,11808266,0,5769,0,21,3.46667361e-09,3.46667361e-09
7482,40,11808266,0,5769,0,2,3.46667361e-09,3.46667361e-09
7483,43,11814035,0,5769,0,12.297692,3.46667361e-09,3.46667361e-09
7484,42,11814035,0,5769,0,-20,3.46667361e-09,3.46667361e-09
7485,41,11814035,0,5769,0,21,3.46667361e-09,3.46667361e-09
7486,40,11814035,0,5769,0,2,3.46667361e-09,3.46667361e-09
7487,43,11819804,0,5769,0,12.297692,3.46667361e-09,3.46667361e-09
7488,42,11819804,0,5769,0,-20,3.46667361e-09,3.46667361e-09
7489,41,11819804,0,5769,0,22,3.46667361e-09,3.46667361e-09
7490,40,11819804,0,5769,0,2,3.46667361e-09,3.46667361e-09
7491,43,11825573,0,5769,0,12.297692,3.46667361e-09,3.46667361e-09
7492,42,11825573,0,5769,0,-20,3.46667361e-09,3.46667361e-09
7493,41,11825573,0,5769,0,21,3.46667361e-09,3.46667361e-09
7494,40,11825573,0,5769,0,1,3.46667361e-09,3.46667361e-09
7495,43,11831342,0,5769,0,12.297692,3.46667361e-09,3.46667361e-09
7496,42,11831342,0,5769,0,-21,3.46667361e-09,3.46667361e-09
7497,41,11831342,0,5769,0,21,3.46667361e-09,3.46667361e-09
7498,40,11831342,0,5769,0,2,3.46667361e-09,3.46667361e-09
7499,43,11837111,0,5769,0,12.297692,3.46667361e-09,3.46667361e-09
7500,42,11837111,0,5769,0,-20,3.46667361e-09,3.46667361e-09
7501,41,11837111,0,5769,0,22,3.46667361e-09,3.46667361e-09
7502,40,11837111,0,5769,0,2,3.46667361e-09,3.46667361e-09
7503,43,11842880,0,5769,0,12.297692,3.46667361e-09,3.46667361e-09
7504,42,11842880,0,5769,0,-20,3.46667361e-09,3.46667361e-09
7505,41,11842880,0,5769,0,21,3.46667361e-09,3.46667361e-09
7506,40,11842880,0,5769,0,2,3.46667361e-09,3.46667361e-09
7507,43,11848649,0,5769,0,12.297692,3.46667361e-09,3.46667361e-09
7508,42,11848649,0,5769,0,-20,3.46667361e-09,3.46667361e-09
7509,41,11848649,0,5769,0,21,3.46667361e-09,3.46667361e-09
7510,40,11848649,0,5769,0,2,3.46667361e-09,3.46667361e-09
7511,43,11854418,0,5769,0,12.297692,3.46667361e-09,3.46667361e-09
7512,42,11854418,0,5769,0,-21,3.46667361e-09,3.46667361e-09
7513,41,11854418,0,5769,0,22,3.46667361e-09,3.46667361e-09
7514,40,11854418,0,5769,0,2,3.46667361e-09,3.46667361e-09
7515,43,11860187,0,5769,0,12.297692,3.46667361e-09,3.46667361e-09
7516,42,11860187,0,5769,0,-20,3.46667361e-09,3.46667361e-09
7517,41,11860187,0,5769,0,21,3.46667361e-09,3.46667361e-09
7518,40,11860187,0,5769,0,2,3.46667361e-09,3.46667361e-09
7519,43,11865956,0,5769,0,12.297692,3.46667361e-09,3.46667361e-09
7520,42,11865956,0,5769,0,-20,3.46667361e-09,3.46667361e-09
7521,41,11865956,0,5769,0,21,3.46667361e-09,3.46667361e-09
7522,40,11865956,0,5769,0,2,3.46667361e-09,3.46667361e-09
7523,43,11871725,0,5769,0,12.297692,3.46667273e-09,3.46667273e-09
7524,42,11871725,0,5769,0,-20,3.46667273e-09,3.46667273e-09
7525,41,11871725,0,5769,0,22,3.46667273e-09,3.46667273e-09
7526,40,11871725,0,5769,0,2,3.46667273e-09,3.46667273e-09
7527,43,11877494,0,5769,0,12.297692,3.46667206e-09,3.46667206e-09
7528,42,11877494,0,5769,0,-20,3.46667206e-09,3.46667206e-09
7529,41,11877494,0,5769,0,21,3.46667206e-09,3.46667206e-09
7530,40,11877494,0,5769,0,2,3.46667206e-09,3.46667206e-09
7531,43,11883263,0,5769,0,12.297692,3.46665252e-09,3.46665252e-09
7532,42,11883263,0,5769,0,-20,3.46665252e-09,3.46665252e-09
7533,41,11883263,0,5769,0,21,3.46665252e-09,3.46665252e-09
7534,40,11883263,0,5769,0,2,3.46665252e-09,3.46665252e-09
7535,43,11889032,0,5769,0,12.297692,3.46665252e-09,3.46665252e-09
7536,42,11889032,0,5769,0,-21,3.46665252e-09,3.46665252e-09
7537,41,11889032,0,5769,0,22,3.46665252e-09,3.46665252e-09
7538,40,11889032,0,5769,0,2,3.46665252e-09,3.46665252e-09
7539,43,11894801,0,5769,0,12.297692,3.46665252e-09,3.46665252e-09
7540,42,11894801,0,5769,0,-20,3.46665252e-09,3.46665252e-09
7541,41,11894801,0,5769,0,21,3.46665252e-09,3.46665252e-09
7542,40,11894801,0,5769,0,3,3.46665252e-09,3.46665252e-09
7543,43,11900570,0,5769,0,12.297692,3.46665252e-09,3.46665252e-09
7544,42,11900570,0,5769,0,-20,3.46665252e-09,3.46665252e-09
7545,41,11900570,0,5769,0,21,3.46665252e-09,3.46665252e-09
7546,40,11900570,0,5769,0,2,3.46665252e-09,3.46665252e-09
7547,43,11906339,0,5769,0,12.297692,3.46665252e-09,3.46665252e-09
7548,42,11906339,0,5769,0,-20,3.46665252e-09,3.46665252e-09
7549,41,11906339,0,5769,0,22,3.46665252e-09,3.46665252e-09
7550,40,11906339,0,5769,0,2,3.46665252e-09,3.46665252e-09
7551,43,11912108,0,5769,0,12.297692,3.46665252e-09,3.46665252e-09
7552,42,11912108,0,5769,0,-20,3.46665252e-09,3.46665252e-09
7553,41,11912108,0,5769,0,21,3.46665252e-09,3.46665252e-09
7554,40,11912108,0,5769,0,2,3.46665252e-09,3.46665252e-09
7555,43,11917877,0,5769,0,12.297692,3.46665252e-09,3.46665252e-09
7556,42,11917877,0,5769,0,-20,3.46665252e-09,3.46665252e-09
7557,41,11917877,0,5769,0,21,3.46665252e-09,3.46665252e-09
7558,40,11917877,0,5769,0,2,3.46665252e-09,3.46665252e-09
7559,43,11923646,0,5769,0,12.297692,3.46665252e-09,3.46665252e-09
7560,42,11923646,0,5769,0,-20,3.46665252e-09,3.46665252e-09
7561,41,11923646,0,5769,0,22,3.46665252e-09,3.46665252e-09
7562,40,11923646,0,5769,0,3,3.46665252e-09,3.46665252e-09
7563,43,11929415,0,5769,0,12.297692,3.46665252e-09,3.46665252e-09
7564,42,11929415,0,5769,0,-20,3.46665252e-09,3.46665252e-09
7565,41,11929415,0,5769,0,21,3.46665252e-09,3.46665252e-09
7566,40,11929415,0,5769,0,2,3.46665252e-09,3.46665252e-09
7567,43,11935184,0,5769,0,12.297692,3.46665252e-09,3.46665252e-09
7568,42,11935184,0,5769,0,-21,3.46665252e-09,3.46665252e-09
7569,41,11935184,0,5769,0,22,3.46665252e-09,3.46665252e-09
7570,40,11935184,0,5769,0,2,3.46665252e-09,3.46665252e-09
7571,43,11940953,0,5769,0,12.297692,3.46665252e-09,3.46665252e-09
7572,42,11940953,0,5769,0,-20,3.46665252e-09,3.46665252e-09
7573,41,11940953,0,5769,0,21,3.46665252e-09,3.46665252e-09
7574,40,11940953,0,5769,0,3,3.46665252e-09,3.46665252e-09
7575,43,11946722,0,5769,0,12.297692,3.46665252e-09,3.46665252e-09
7576,42,11946722,0,5769,0,-20,3.46665252e-09,3.46665252e-09
7577,41,11946722,0,5769,0,21,3.46665252e-09,3.46665252e-09
7578,40,11946722,0,5769,0,2,3.46665252e-09,3.46665252e-09
7579,43,11952491,0,5769,0,12.297692,3.46665252e-09,3.46665252e-09
7580,42,11952491,0,5769,0,-20,3.46665252e-09,3.46665252e-09
7581,41,11952491,0,5769,0,22,3.46665252e-09,3.46665252e-09
7582,40,11952491,0,5769,0,3,3.46665252e-09,3.46665252e-09
7583,43,11958260,0,5769,0,12.297692,3.46665252e-09,3.46665252e-09
7584,42,11958260,0,5769,0,-20,3.46665252e-09,3.46665252e-09
7585,41,11958260,0,5769,0,21,3.46665252e-09,3.46665252e-09
7586,40,11958260,0,5769,0,2,3.46665252e-09,3.46665252e-09
7587,43,11964029,0,5769,0,12.297692,3.46665252e-09,3.46665252e-09
7588,42,11964029,0,5769,0,-20,3.46665252e-09,3.46665252e-09
7589,41,11964029,0,5769,0,22,3.46665252e-09,3.46665252e-09
7590,40,11964029,0,5769,0,2,3.46665252e-09,3.46665252e-09
7591,43,11969798,0,5769,0,12.297692,3.46665252e-09,3.46665252e-09
7592,42,11969798,0,5769,0,-20,3.46665252e-09,3.46665252e-09
7593,41,11969798,0,5769,0,21,3.46665252e-09,3.46665252e-09
7594,40,11969798,0,5769,0,3,3.46665252e-09,3.46665252e-09
7595,43,11975567,0,5769,0,12.297692,3.46665252e-09,3.46665252e-09
7596,42,11975567,0,5769,0,-20,3.46665252e-09,3.46665252e-09
7597,41,11975567,0,5769,0,22,3.46665252e-09,3.46665252e-09
7598,40,11975567,0,5769,0,2,3.46665252e-09,3.46665252e-09
7599,43,11981336,0,5769,0,12.297692,3.46665252e-09,3.46665252e-09
7600,42,11981336,0,5769,0,-20,3.46665252e-09,3.46665252e-09
7601,41,11981336,0,5769,0,21,3.46665252e-09,3.46665252e-09
7602,40,11981336,0,5769,0,3,3.46665252e-09,3.46665252e-09
7603,43,11987105,0,5769,0,12.297692,3.46665252e-09,3.46665252e-09
7604,42,11987105,0,5769,0,-20,3.46665252e-09,3.46665252e-09
7605,41,11987105,0,5769,0,22,3.46665252e-09,3.46665252e-09
7606,40,11987105,0,5769,0,2,3.46665252e-09,3.46665252e-09
7607,43,11992874,0,5769,0,12.297692,3.46665252e-09,3.46665252e-09
7608,42,11992874,0,5769,0,-20,3.46665252e-09,3.46665252e-09
7609,41,11992874,0,5769,0,21,3.46665252e-09,3.46665252e-09
7610,40,11992874,0,5769,0,3,3.46665252e-09,3.46665252e-09
7611,43,11998643,0,5769,0,12.297692,3.46665252e-09,3.46665252e-09
7612,42,11998643,0,5769,0,-20,3.46665252e-09,3.46665252e-09
7613,41,11998643,0,5769,0,22,3.46665252e-09,3.46665252e-09
7614,40,11998643,0,5769,0,3,3.46665252e-09,3.46665252e-09
7615,43,12004412,0,5769,0,12.297692,3.46665252e-09,3.46665252e-09
7616,42,12004412,0,5769,0,-20,3.46665252e-09,3.46665252e-09
7617,41,12004412,0,5769,0,21,3.46665252e-09,3.46665252e-09
7618,40,12004412,0,5769,0,2,3.46665252e-09,3.46665252e-09
7619,43,12010181,0,5769,0,12.297692,3.46665252e-09,3.46665252e-09
7620,42,12010181,0,5769,0,-20,3.46665252e-09,3.46665252e-09
7621,41,12010181,0,5769,0,22,3.46665252e-09,3.46665252e-09
7622,40,12010181,0,5769,0,3,3.46665252e-09,3.46665252e-09
7623,43,12015950,0,5769,0,12.297692,3.46665252e-09,3.46665252e-09
7624,42,12015950,0,5769,0,-20,3.46665252e-09,3.46665252e-09
7625,41,12015950,0,5769,0,21,3.46665252e-09,3.46665252e-09
7626,40,12015950,0,5769,0,3,3.46665252e-09,3.46665252e-09
7627,43,12021719,0,5769,0,12.297692,3.46665541e-09,3.46665541e-09
7628,42,12021719,0,5769,0,-20,3.46665541e-09,3.46665541e-09
7629,41,12021719,0,5769,0,21,3.46665541e-09,3.46665541e-09
7630,40,12021719,0,5769,0,2,3.46665541e-09,3.46665541e-09
7631,43,12027488,0,5769,0,12.297692,3.46665541e-09,3.46665541e-09
7632,42,12027488,0,5769,0,-20,3.46665541e-09,3.46665541e-09
7633,41,12027488,0,5769,0,22,3.46665541e-09,3.46665541e-09
7634,40,12027488,0,5769,0,3,3.46665541e-09,3.46665541e-09
7635,43,12033257,0,5769,0,12.297692,3.46665541e-09,3.46665541e-09
7636,42,12033257,0,5769,0,-20,3.46665541e-09,3.46665541e-09
7637,41,12033257,0,5769,0,21,3.46665541e-09,3.46665541e-09
7638,40,12033257,0,5769,0,3,3.46665541e-09,3.46665541e-09
7639,43,12039026,0,5769,0,12.297692,3.46668982e-09,3.46668982e-09
7640,42,12039026,0,5769,0,-20,3.46668982e-09,3.46668982e-09
7641,41,12039026,0,5769,0,22,3.46668982e-09,3.46668982e-09
7642,40,12039026,0,5769,0,2,3.46668982e-09,3.46668982e-09
7643,43,12044795,0,5769,0,12.297692,3.46665407e-09,3.46665407e-09
7644,42,12044795,0,5769,0,-20,3.46665407e-09,3.46665407e-09
7645,41,12044795,0,5769,0,22,3.46665407e-09,3.46665407e-09
7646,40,12044795,0,5769,0,3,3.46665407e-09,3.46665407e-09
7647,43,12050564,0,5769,0,12.297692,3.46665407e-09,3.46665407e-09
7648,42,12050564,0,5769,0,-19,3.46665407e-09,3.46665407e-09
7649,41,12050564,0,5769,0,21,3.46665407e-09,3.46665407e-09
7650,40,12050564,0,5769,0,3,3.46665407e-09,3.46665407e-09
7651,43,12056333,0,5769,0,12.297692,3.46668982e-09,3.46668982e-09
7652,42,12056333,0,5769,0,-20,3.46668982e-09,3.46668982e-09
7653,41,12056333,0,5769,0,22,3.46668982e-09,3.46668982e-09
7654,40,12056333,0,5769,0,3,3.46668982e-09,3.46668982e-09
7655,43,12062102,0,5769,0,12.297692,3.46668982e-09,3.46668982e-09
7656,42,12062102,0,5769,0,-20,3.46668982e-09,3.46668982e-09
7657,41,12062102,0,5769,0,21,3.46668982e-09,3.46668982e-09
7658,40,12062102,0,5769,0,3,3.46668982e-09,3.46668982e-09
7659,43,12067871,0,5769,0,12.297692,3.46665407e-09,3.46665407e-09
7660,42,12067871,0,5769,0,-20,3.46665407e-09,3.46665407e-09
7661,41,12067871,0,5769,0,22,3.46665407e-09,3.46665407e-09
7662,40,12067871,0,5769,0,3,3.46665407e-09,3.46665407e-09
7663,43,12073640,0,5769,0,12.297692,3.46665407e-09,3.46665407e-09
7664,42,12073640,0,5769,0,-20,3.46665407e-09,3.46665407e-09
7665,41,12073640,0,5769,0,21,3.46665407e-09,3.46665407e-09
7666,40,12073640,0,5769,0,3,3.46665407e-09,3.46665407e-09
7667,43,12079409,0,5769,0,12.297692,3.46668982e-09,3.46668982e-09
7668,42,12079409,0,5769,0,-20,3.46668982e-09,3.46668982e-09
7669,41,12079409,0,5769,0,22,3.46668982e-09,3.46668982e-09
7670,40,12079409,0,5769,0,3,3.46668982e-09,3.46668982e-09
7671,43,12085178,0,5769,0,12.297692,3.46668982e-09,3.46668982e-09
7672,42,12085178,0,5769,0,-20,3.46668982e-09,3.46668982e-09
7673,41,12085178,0,5769,0,21,3.46668982e-09,3.46668982e-09
7674,40,12085178,0,5769,0,3,3.46668982e-09,3.46668982e-09
7675,43,12090947,0,5769,0,12.297692,3.46665407e-09,3.46665407e-09
7676,42,12090947,0,5769,0,-20,3.46665407e-09,3.46665407e-09
7677,41,12090947,0,5769,0,22,3.46665407e-09,3.46665407e-09
7678,40,12090947,0,5769,0,3,3.46665407e-09,3.46665407e-09
7679,43,12096716,0,5769,0,12.297692,3.46665407e-09,3.46665407e-09
7680,42,12096716,0,5769,0,-19,3.46665407e-09,3.46665407e-09
7681,41,12096716,0,5769,0,21,3.46665407e-09,3.46665407e-09
7682,40,12096716,0,5769,0,3,3.46665407e-09,3.46665407e-09
7683,43,12102485,0,5769,0,12.297692,3.46668982e-09,3.46668982e-09
7684,42,12102485,0,5769,0,-20,3.46668982e-09,3.46668982e-09
7685,41,12102485,0,5769,0,22,3.46668982e-09,3.46668982e-09
7686,40,12102485,0,5769,0,3,3.46668982e-09,3.46668982e-09
7687,43,12108254,0,5769,0,12.297692,3.46668982e-09,3.46668982e-09
7688,42,12108254,0,5769,0,-20,3.46668982e-09,3.46668982e-09
7689,41,12108254,0,5769,0,22,3.46668982e-09,3.46668982e-09
7690,40,12108254,0,5769,0,3,3.46668982e-09,3.46668982e-09
7691,43,12114023,0,5769,0,12.297692,3.46665407e-09,3.46665407e-09
7692,42,12114023,0,5769,0,-20,3.46665407e-09,3.46665407e-09
7693,41,12114023,0,5769,0,21,3.46665407e-09,3.46665407e-09
7694,40,12114023,0,5769,0,3,3.46665407e-09,3.46665407e-09
7695,43,12119792,0,5769,0,12.297692,3.46665407e-09,3.46665407e-09
7696,42,12119792,0,5769,0,-20,3.46665407e-09,3.46665407e-09
7697,41,12119792,0,5769,0,22,3.46665407e-09,3.46665407e-09
7698,40,12119792,0,5769,0,3,3.46665407e-09,3.46665407e-09
7699,43,12125561,0,5769,0,12.297692,3.46668982e-09,3.46668982e-09
7700,42,12125561,0,5769,0,-20,3.46668982e-09,3.46668982e-09
7701,41,12125561,0,5769,0,21,3.46668982e-09,3.46668982e-09
7702,40,12125561,0,5769,0,3,3.46668982e-09,3.46668982e-09
7703,43,12131330,0,5769,0,12.297692,3.46668982e-09,3.46668982e-09
7704,42,12131330,0,5769,0,-19,3.46668982e-09,3.46668982e-09
7705,41,12131330,0,5769,0,22,3.46668982e-09,3.46668982e-09
7706,40,12131330,0,5769,0,3,3.46668982e-09,3.46668982e-09
7707,43,12137099,0,5769,0,12.297692,3.46665407e-09,3.46665407e-09
7708,42,12137099,0,5769,0,-20,3.46665407e-09,3.46665407e-09
7709,41,12137099,0,5769,0,22,3.46665407e-09,3.46665407e-09
7710,40,12137099,0,5769,0,3,3.46665407e-09,3.46665407e-09
7711,43,12142868,0,5769,0,12.297692,3.46665407e-09,3.46665407e-09
7712,42,12142868,0,5769,0,-20,3.46665407e-09,3.46665407e-09
7713,41,12142868,0,5769,0,21,3.46665407e-09,3.46665407e-09
7714,40,12142868,0,5769,0,4,3.46665407e-09,3.46665407e-09
7715,43,12148637,0,5769,0,12.297692,3.46668982e-09,3.46668982e-09
7716,42,12148637,0,5769,0,-20,3.46668982e-09,3.46668982e-09
7717,41,12148637,0,5769,0,22,3.46668982e-09,3.46668982e-09
7718,40,12148637,0,5769,0,3,3.46668982e-09,3.46668982e-09
7719,43,12154406,0,5769,0,12.297692,3.46668982e-09,3.46668982e-09
7720,42,12154406,0,5769,0,-19,3.46668982e-09,3.46668982e-09
7721,41,12154406,0,5769,0,22,3.46668982e-09,3.46668982e-09
7722,40,12154406,0,5769,0,3,3.46668982e-09,3.46668982e-09
7723,43,12160175,0,5769,0,12.297692,3.46665407e-09,3.46665407e-09
7724,42,12160175,0,5769,0,-20,3.46665407e-09,3.46665407e-09
7725,41,12160175,0,5769,0,21,3.46665407e-09,3.46665407e-09
7726,40,12160175,0,5769,0,3,3.46665407e-09,3.46665407e-09
7727,43,12165944,0,5769,0,12.297692,3.46665407e-09,3.46665407e-09
7728,42,12165944,0,5769,0,-20,3.46665407e-09,3.46665407e-09
7729,41,12165944,0,5769,0,22,3.46665407e-09,3.46665407e-09
7730,40,12165944,0,5769,0,4,3.46665407e-09,3.46665407e-09
7731,43,12171713,0,5769,0,12.297692,3.46668982e-09,3.46668982e-09
7732,42,12171713,0,5769,0,-20,3.46668982e-09,3.46668982e-09
7733,41,12171713,0,5769,0,21,3.46668982e-09,3.46668982e-09
7734,40,12171713,0,5769,0,3,3.46668982e-09,3.46668982e-09
7735,43,12177482,0,5769,0,12.297692,3.46668982e-09,3.46668982e-09
7736,42,12177482,0,5769,0,-19,3.46668982e-09,3.46668982e-09
7737,41,12177482,0,5769,0,22,3.46668982e-09,3.46668982e-09
7738,40,12177482,0,5769,0,3,3.46668982e-09,3.46668982e-09
7739,43,12183251,0,5769,0,12.297692,3.46665407e-09,3.46665407e-09
7740,42,12183251,0,5769,0,-20,3.46665407e-09,3.46665407e-09
7741,41,12183251,0,5769,0,22,3.46665407e-09,3.46665407e-09
7742,40,12183251,0,5769,0,4,3.46665407e-09,3.46665407e-09
7743,43,12189020,0,5769,0,12.297692,3.46665407e-09,3.46665407e-09
7744,42,12189020,0,5769,0,-20,3.46665407e-09,3.46665407e-09
7745,41,12189020,0,5769,0,21,3.46665407e-09,3.46665407e-09
7746,40,12189020,0,5769,0,3,3.46665407e-09,3.46665407e-09
7747,43,12194789,0,5769,0,12.297692,3.46668982e-09,3.46668982e-09
7748,42,12194789,0,5769,0,-20,3.46668982e-09,3.46668982e-09
7749,41,12194789,0,5769,0,22,3.46668982e-09,3.46668982e-09
7750,40,12194789,0,5769,0,4,3.46668982e-09,3.46668982e-09
7751,43,12200558,0,5769,0,12.297692,3.46668982e-09,3.46668982e-09
7752,42,12200558,0,5769,0,-19,3.46668982e-09,3.46668982e-09
7753,41,12200558,0,5769,0,22,3.46668982e-09,3.46668982e-09
7754,40,12200558,0,5769,0,3,3.46668982e-09,3.46668982e-09
7755,43,12206327,0,5769,0,12.297692,3.46665407e-09,3.46665407e-09
7756,42,12206327,0,5769,0,-20,3.46665407e-09,3.46665407e-09
7757,41,12206327,0,5769,0,21,3.46665407e-09,3.46665407e-09
7758,40,12206327,0,5769,0,4,3.46665407e-09,3.46665407e-09
7759,43,12212096,0,5769,0,12.297692,3.46665407e-09,3.46665407e-09
7760,42,12212096,0,5769,0,-20,3.46665407e-09,3.46665407e-09
7761,41,12212096,0,5769,0,22,3.46665407e-09,3.46665407e-09
7762,40,12212096,0,5769,0,3,3.46665407e-09,3.46665407e-09
7763,43,12217865,0,5769,0,12.297692,3.46668982e-09,3.46668982e-09
7764,42,12217865,0,5769,0,-19,3.46668982e-09,3.46668982e-09
7765,41,12217865,0,5769,0,22,3.46668982e-09,3.46668982e-09
7766,40,12217865,0,5769,0,4,3.46668982e-09,3.46668982e-09
7767,43,12223634,0,5769,0,12.297692,3.46668982e-09,3.46668982e-09
7768,42,12223634,0,5769,0,-20,3.46668982e-09,3.46668982e-09
7769,41,12223634,0,5769,0,22,3.46668982e-09,3.46668982e-09
7770,40,12223634,0,5769,0,3,3.46668982e-09,3.46668982e-09
7771,43,12229403,0,5769,0,12.297692,3.46665407e-09,3.46665407e-09
7772,42,12229403,0,5769,0,-19,3.46665407e-09,3.46665407e-09
7773,41,12229403,0,5769,0,21,3.46665407e-09,3.46665407e-09
7774,40,12229403,0,5769,0,4,3.46665407e-09,3.46665407e-09
7775,43,12235172,0,5769,0,12.297692,3.46665407e-09,3.46665407e-09
7776,42,12235172,0,5769,0,-20,3.46665407e-09,3.46665407e-09
7777,41,12235172,0,5769,0,22,3.46665407e-09,3.46665407e-09
7778,40,12235172,0,5769,0,3,3.46665407e-09,3.46665407e-09
7779,43,12240941,0,5769,0,12.297692,3.46668982e-09,3.46668982e-09
7780,42,12240941,0,5769,0,-20,3.46668982e-09,3.46668982e-09
7781,41,12240941,0,5769,0,22,3.46668982e-09,3.46668982e-09
7782,40,12240941,0,5769,0,4,3.46668982e-09,3.46668982e-09
7783,43,12246710,0,5769,0,12.297692,3.46668982e-09,3.46668982e-09
7784,42,12246710,0,5769,0,-19,3.46668982e-09,3.46668982e-09
7785,41,12246710,0,5769,0,21,3.46668982e-09,3.46668982e-09
7786,40,12246710,0,5769,0,4,3.46668982e-09,3.46668982e-09
7787,43,12252479,0,5769,0,12.297692,3.46665407e-09,3.46665407e-09
7788,42,12252479,0,5769,0,-20,3.46665407e-09,3.46665407e-09
7789,41,12252479,0,5769,0,22,3.46665407e-09,3.46665407e-09
7790,40,12252479,0,5769,0,3,3.46665407e-09,3.46665407e-09
7791,43,12258248,0,5769,0,12.297692,3.46665407e-09,3.46665407e-09
7792,42,12258248,0,5769,0,-20,3.46665407e-09,3.46665407e-09
7793,41,12258248,0,5769,0,22,3.46665407e-09,3.46665407e-09
7794,40,12258248,0,5769,0,4,3.46665407e-09,3.46665407e-09
7795,43,12264017,0,5769,0,12.297692,3.46668982e-09,3.46668982e-09
7796,42,12264017,0,5769,0,-19,3.46668982e-09,3.46668982e-09
7797,41,12264017,0,5769,0,22,3.46668982e-09,3.46668982e-09
7798,40,12264017,0,5769,0,4,3.46668982e-09,3.46668982e-09
7799,43,12269786,0,5769,0,12.297692,3.46668982e-09,3.46668982e-09
7800,42,12269786,0,5769,0,-20,3.46668982e-09,3.46668982e-09
7801,41,12269786,0,5769,0,21,3.46668982e-09,3.46668982e-09
7802,40,12269786,0,5769,0,3,3.46668982e-09,3.46668982e-09
7803,43,12275555,0,5769,0,12.297692,3.46665407e-09,3.46665407e-09
7804,42,12275555,0,5769,0,-19,3.46665407e-09,3.46665407e-09
7805,41,12275555,0,5769,0,22,3.46665407e-09,3.46665407e-09
7806,40,12275555,0,5769,0,4,3.46665407e-09,3.46665407e-09
7807,43,12281324,0,5769,0,12.297692,3.46665407e-09,3.46665407e-09
7808,42,12281324,0,5769,0,-20,3.46665407e-09,3.46665407e-09
7809,41,12281324,0,5769,0,22,3.46665407e-09,3.46665407e-09
7810,40,12281324,0,5769,0,4,3.46665407e-09,3.46665407e-09
7811,43,12287093,0,5769,0,12.297692,3.46668982e-09,3.46668982e-09
7812,42,12287093,0,5769,0,-19,3.46668982e-09,3.46668982e-09
7813,41,12287093,0,5769,0,22,3.46668982e-09,3.46668982e-09
7814,40,12287093,0,5769,0,4,3.46668982e-09,3.46668982e-09
7815,43,12292862,0,5769,0,12.297692,3.46668982e-09,3.46668982e-09
7816,42,12292862,0,5769,0,-20,3.46668982e-09,3.46668982e-09
7817,41,12292862,0,5769,0,21,3.46668982e-09,3.46668982e-09
7818,40,12292862,0,5769,0,4,3.46668982e-09,3.46668982e-09
7819,43,12298631,0,5769,0,12.297692,3.46665407e-09,3.46665407e-09
7820,42,12298631,0,5769,0,-19,3.46665407e-09,3.46665407e-09
7821,41,12298631,0,5769,0,22,3.46665407e-09,3.46665407e-09
7822,40,12298631,0,5769,0,4,3.46665407e-09,3.46665407e-09
7823,43,12304400,0,5769,0,12.297692,3.46665407e-09,3.46665407e-09
7824,42,12304400,0,5769,0,-20,3.46665407e-09,3.46665407e-09
7825,41,12304400,0,5769,0,22,3.46665407e-09,3.46665407e-09
7826,40,12304400,0,5769,0,3,3.46665407e-09,3.46665407e-09
7827,43,12310169,0,5769,0,12.297692,3.46668982e-09,3.46668982e-09
7828,42,12310169,0,5769,0,-19,3.46668982e-09,3.46668982e-09
7829,41,12310169,0,5769,0,22,3.46668982e-09,3.46668982e-09
7830,40,12310169,0,5769,0,4,3.46668982e-09,3.46668982e-09
7831,43,12315938,0,5769,0,12.297692,3.46668982e-09,3.46668982e-09
7832,42,12315938,0,5769,0,-20,3.46668982e-09,3.46668982e-09
7833,41,12315938,0,5769,0,21,3.46668982e-09,3.46668982e-09
7834,40,12315938,0,5769,0,4,3.46668982e-09,3.46668982e-09
7835,43,12321707,0,5769,0,12.297692,3.46665407e-09,3.46665407e-09
7836,42,12321707,0,5769,0,-19,3.46665407e-09,3.46665407e-09
7837,41,12321707,0,5769,0,22,3.46665407e-09,3.46665407e-09
7838,40,12321707,0,5769,0,4,3.46665407e-09,3.46665407e-09
7839,43,12327476,0,5769,0,12.297692,3.46665407e-09,3.46665407e-09
7840,42,12327476,0,5769,0,-20,3.46665407e-09,3.46665407e-09
7841,41,12327476,0,5769,0,22,3.46665407e-09,3.46665407e-09
7842,40,12327476,0,5769,0,4,3.46665407e-09,3.46665407e-09
7843,43,12333245,0,5769,0,12.297692,3.46668982e-09,3.46668982e-09
7844,42,12333245,0,5769,0,-19,3.46668982e-09,3.46668982e-09
7845,41,12333245,0,5769,0,22,3.46668982e-09,3.46668982e-09
7846,40,12333245,0,5769,0,4,3.46668982e-09,3.46668982e-09
7847,43,12339014,0,5769,0,12.297692,3.46668982e-09,3.46668982e-09
7848,42,12339014,0,5769,0,-20,3.46668982e-09,3.46668982e-09
7849,41,12339014,0,5769,0,22,3.46668982e-09,3.46668982e-09
7850,40,12339014,0,5769,0,4,3.46668982e-09,3.46668982e-09
7851,43,12344783,0,5769,0,12.297692,3.46665407e-09,3.46665407e-09
7852,42,12344783,0,5769,0,-19,3.46665407e-09,3.46665407e-09
7853,41,12344783,0,5769,0,21,3.46665407e-09,3.46665407e-09
7854,40,12344783,0,5769,0,4,3.46665407e-09,3.46665407e-09
7855,43,12350552,0,5769,0,12.297692,3.46665496e-09,3.46665496e-09
7856,42,12350552,0,5769,0,-20,3.46665496e-09,3.46665496e-09
7857,41,12350552,0,5769,0,22,3.46665496e-09,3.46665496e-09
7858,40,12350552,0,5769,0,4,3.46665496e-09,3.46665496e-09
7859,43,12356321,0,5769,0,12.297692,3.46668894e-09,3.46668894e-09
7860,42,12356321,0,5769,0,-19,3.46668894e-09,3.46668894e-09
7861,41,12356321,0,5769,0,22,3.46668894e-09,3.46668894e-09
7862,40,12356321,0,5769,0,5,3.46668894e-09,3.46668894e-09
7863,43,12362090,0,5769,0,12.297692,3.46668894e-09,3.46668894e-09
7864,42,12362090,0,5769,0,-20,3.46668894e-09,3.46668894e-09
7865,41,12362090,0,5769,0,22,3.46668894e-09,3.46668894e-09
7866,40,12362090,0,5769,0,4,3.46668894e-09,3.46668894e-09
7867,43,12367859,0,5769,0,12.297692,3.46668894e-09,3.46668894e-09
7868,42,12367859,0,5769,0,-19,3.46668894e-09,3.46668894e-09
7869,41,12367859,0,5769,0,22,3.46668894e-09,3.46668894e-09
7870,40,12367859,0,5769,0,4,3.46668894e-09,3.46668894e-09
7871,43,12373628,0,5769,0,12.297692,3.46668894e-09,3.46668894e-09
7872,42,12373628,0,5769,0,-19,3.46668894e-09,3.46668894e-09
7873,41,12373628,0,5769,0,22,3.46668894e-09,3.46668894e-09
7874,40,12373628,0,5769,0,4,3.46668894e-09,3.46668894e-09
7875,43,12379397,0,5769,0,12.297692,3.46668894e-09,3.46668894e-09
7876,42,12379397,0,5769,0,-20,3.46668894e-09,3.46668894e-09
7877,41,12379397,0,5769,0,21,3.46668894e-09,3.46668894e-09
7878,40,12379397,0,5769,0,4,3.46668894e-09,3.46668894e-09
7879,43,12385166,0,5769,0,12.297692,3.46668894e-09,3.46668894e-09
7880,42,12385166,0,5769,0,-19,3.46668894e-09,3.46668894e-09
7881,41,12385166,0,5769,0,22,3.46668894e-09,3.46668894e-09
7882,40,12385166,0,5769,0,5,3.46668894e-09,3.46668894e-09
7883,43,12390935,0,5769,0,12.297692,3.46668894e-09,3.46668894e-09
7884,42,12390935,0,5769,0,-20,3.46668894e-09,3.46668894e-09
7885,41,12390935,0,5769,0,22,3.46668894e-09,3.46668894e-09
7886,40,12390935,0,5769,0,4,3.46668894e-09,3.46668894e-09
7887,43,12396704,0,5769,0,12.297692,3.46668894e-09,3.46668894e-09
7888,42,12396704,0,5769,0,-19,3.46668894e-09,3.46668894e-09
7889,41,12396704,0,5769,0,22,3.46668894e-09,3.46668894e-09
7890,40,12396704,0,5769,0,4,3.46668894e-09,3.46668894e-09
7891,43,12402473,0,5769,0,12.297692,3.46668894e-09,3.46668894e-09
7892,42,12402473,0,5769,0,-19,3.46668894e-09,3.46668894e-09
7893,41,12402473,0,5769,0,22,3.46668894e-09,3.46668894e-09
7894,40,12402473,0,5769,0,4,3.46668894e-09,3.46668894e-09
7895,43,12408242,0,5769,0,12.297692,3.46668894e-09,3.46668894e-09
7896,42,12408242,0,5769,0,-20,3.46668894e-09,3.46668894e-09
7897,41,12408242,0,5769,0,22,3.46668894e-09,3.46668894e-09
7898,40,12408242,0,5769,0,5,3.46668894e-09,3.46668894e-09
7899,43,12414011,0,5769,0,12.297692,3.46668894e-09,3.46668894e-09
7900,42,12414011,0,5769,0,-19,3.46668894e-09,3.46668894e-09
7901,41,12414011,0,5769,0,22,3.46668894e-09,3.46668894e-09
7902,40,12414011,0,5769,0,4,3.46668894e-09,3.46668894e-09
7903,43,12419780,0,5769,0,12.297692,3.46668894e-09,3.46668894e-09
7904,42,12419780,0,5769,0,-19,3.46668894e-09,3.46668894e-09
7905,41,12419780,0,5769,0,21,3.46668894e-09,3.46668894e-09
7906,40,12419780,0,5769,0,4,3.46668894e-09,3.46668894e-09
7907,43,12425549,0,5769,0,12.297692,3.46669138e-09,3.46669138e-09
7908,42,12425549,0,5769,0,-20,3.46669138e-09,3.46669138e-09
7909,41,12425549,0,5769,0,22,3.46669138e-09,3.46669138e-09
7910,40,12425549,0,5769,0,5,3.46669138e-09,3.46669138e-09
7911,43,12431318,0,5769,0,12.297692,3.46668849e-09,3.46668849e-09
7912,42,12431318,0,5769,0,-19,3.46668849e-09,3.46668849e-09
7913,41,12431318,0,5769,0,22,3.46668849e-09,3.46668849e-09
7914,40,12431318,0,5769,0,4,3.46668849e-09,3.46668849e-09
7915,43,12437087,0,5769,0,12.297692,3.46668849e-09,3.46668849e-09
7916,42,12437087,0,5769,0,-19,3.46668849e-09,3.46668849e-09
7917,41,12437087,0,5769,0,22,3.46668849e-09,3.46668849e-09
7918,40,12437087,0,5769,0,5,3.46668849e-09,3.46668849e-09
7919,43,12442856,0,5769,0,12.297692,3.46661988e-09,3.46661988e-09
7920,42,12442856,0,5769,0,-20,3.46661988e-09,3.46661988e-09
7921,41,12442856,0,5769,0,22,3.46661988e-09,3.46661988e-09
7922,40,12442856,0,5769,0,4,3.46661988e-09,3.46661988e-09
7923,43,12448625,0,5769,0,12.297692,3.46668894e-09,3.46668894e-09
7924,42,12448625,0,5769,0,-19,3.46668894e-09,3.46668894e-09
7925,41,12448625,0,5769,0,22,3.46668894e-09,3.46668894e-09
7926,40,12448625,0,5769,0,5,3.46668894e-09,3.46668894e-09
7927,43,12454394,0,5769,0,12.297692,3.46668894e-09,3.46668894e-09
7928,42,12454394,0,5769,0,-19,3.46668894e-09,3.46668894e-09
7929,41,12454394,0,5769,0,22,3.46668894e-09,3.46668894e-09
7930,40,12454394,0,5769,0,4,3.46668894e-09,3.46668894e-09
7931,43,12460163,0,5769,0,12.297692,3.46661988e-09,3.46661988e-09
7932,42,12460163,0,5769,0,-19,3.46661988e-09,3.46661988e-09
7933,41,12460163,0,5769,0,22,3.46661988e-09,3.46661988e-09
7934,40,12460163,0,5769,0,5,3.46661988e-09,3.46661988e-09
7935,43,12465932,0,5769,0,12.297692,3.46661988e-09,3.46661988e-09
7936,42,12465932,0,5769,0,-20,3.46661988e-09,3.46661988e-09
7937,41,12465932,0,5769,0,22,3.46661988e-09,3.46661988e-09
7938,40,12465932,0,5769,0,4,3.46661988e-09,3.46661988e-09
7939,43,12471701,0,5769,0,12.297692,3.46668894e-09,3.46668894e-09
7940,42,12471701,0,5769,0,-19,3.46668894e-09,3.46668894e-09
7941,41,12471701,0,5769,0,22,3.46668894e-09,3.46668894e-09
7942,40,12471701,0,5769,0,5,3.46668894e-09,3.46668894e-09
7943,43,12477470,0,5769,0,12.297692,3.46668894e-09,3.46668894e-09
7944,42,12477470,0,5769,0,-19,3.46668894e-09,3.46668894e-09
7945,41,12477470,0,5769,0,22,3.46668894e-09,3.46668894e-09
7946,40,12477470,0,5769,0,5,3.46668894e-09,3.46668894e-09
7947,43,12483239,0,5769,0,12.297692,3.46661988e-09,3.46661988e-09
7948,42,12483239,0,5769,0,-19,3.46661988e-09,3.46661988e-09
7949,41,12483239,0,5769,0,21,3.46661988e-09,3.46661988e-09
7950,40,12483239,0,5769,0,4,3.46661988e-09,3.46661988e-09
7951,43,12489008,0,5769,0,12.297692,3.46661988e-09,3.46661988e-09
7952,42,12489008,0,5769,0,-19,3.46661988e-09,3.46661988e-09
7953,41,12489008,0,5769,0,22,3.46661988e-09,3.46661988e-09
7954,40,12489008,0,5769,0,5,3.46661988e-09,3.46661988e-09
7955,43,12494777,0,3862,1945,12.297692,3.46668894e-09,3.46668894e-09
7956,42,12494777,0,3862,1945,-20,3.46668894e-09,3.46668894e-09
7957,41,12494777,0,3862,1945,22,3.46668894e-09,3.46668894e-09
7958,40,12494777,0,3862,1945,4,3.46668894e-09,3.46668894e-09
7959,43,12500584,0,0,6433,12.297692,3.46669071e-09,3.46669071e-09
7960,42,12500584,0,0,6433,-19,3.46669071e-09,3.46669071e-09
7961,41,12500584,0,0,6433,22,3.46669071e-09,3.46669071e-09
7962,40,12500584,0,0,6433,5,3.46669071e-09,3.46669071e-09
7963,43,12507017,0,0,7630,12.297692,3.46662055e-09,3.46662055e-09
7964,42,12507017,0,0,7630,-19,3.46662055e-09,3.46662055e-09
7965,41,12507017,0,0,7630,22,3.46662055e-09,3.46662055e-09
7966,40,12507017,0,0,7630,5,3.46662055e-09,3.46662055e-09
7967,43,12514647,0,0,9940,12.297692,3.46661810e-09,3.46661810e-09
7968,42,12514647,0,0,9940,-19,3.46661810e-09,3.46661810e-09
7969,41,12514647,0,0,9940,22,3.46661810e-09,3.46661810e-09
7970,40,12514647,0,0,9940,5,3.46661810e-09,3.46661810e-09
7971,43,12524587,0,0,22802,12.297692,3.46668849e-09,3.46668849e-09
7972,42,12524587,0,0,22802,-19,3.46668849e-09,3.46668849e-09
7973,41,12524587,0,0,22802,22,3.46668849e-09,3.46668849e-09
7974,40,12524587,0,0,22802,4,3.46668849e-09,3.46668849e-09
7975,43,12547389,22802,0,0,12.297692,3.46668849e-09,3.46668849e-09
7976,42,12547389,22802,0,0,-18,3.46668849e-09,3.46668849e-09
7977,41,12547389,22802,0,0,-14,3.46668849e-09,3.46668849e-09
7978,40,12547389,22802,0,0,26,3.46668849e-09,3.46668849e-09
7979,43,12570191,9940,0,0,12.297692,3.46668849e-09,3.46668849e-09
7980,42,12570191,9940,0,0,-18,3.46668849e-09,3.46668849e-09
7981,41,12570191,9940,0,0,-14,3.46668849e-09,3.46668849e-09
7982,40,12570191,9940,0,0,26,3.46668849e-09,3.46668849e-09
7983,43,12580131,7630,0,0,12.297692,3.46668894e-09,3.46668894e-09
7984,42,12580131,7630,0,0,-18,3.46668894e-09,3.46668894e-09
7985,41,12580131,7630,0,0,-14,3.46668894e-09,3.46668894e-09
7986,40,12580131,7630,0,0,26,3.46668894e-09,3.46668894e-09
7987,43,12587761,6433,0,0,12.297692,3.46668982e-09,3.46668982e-09
7988,42,12587761,6433,0,0,-17,3.46668982e-09,3.46668982e-09
7989,41,12587761,6433,0,0,-14,3.46668982e-09,3.46668982e-09
7990,40,12587761,6433,0,0,25,3.46668982e-09,3.46668982e-09
7991,43,12594194,1945,3862,0,12.297692,3.46668894e-09,3.46668894e-09
7992,42,12594194,1945,3862,0,-18,3.46668894e-09,3.46668894e-09
7993,41,12594194,1945,3862,0,-14,3.46668894e-09,3.46668894e-09
7994,40,12594194,1945,3862,0,26,3.46668894e-09,3.46668894e-09
7995,43,12600001,0,5769,0,12.297692,3.46668894e-09,3.46668894e-09
7996,42,12600001,0,5769,0,-18,3.46668894e-09,3.46668894e-09
7997,41,12600001,0,5769,0,-14,3.46668894e-09,3.46668894e-09
7998,40,12600001,0,5769,0,26,3.46668894e-09,3.46668894e-09
7999,43,12605770,0,5769,0,12.297692,3.46668894e-09,3.46668894e-09
8000,42,12605770,0,5769,0,-17,3.46668894e-09,3.46668894e-09
8001,41,12605770,0,5769,0,-14,3.46668894e-09,3.46668894e-09
8002,40,12605770,0,5769,0,25,3.46668894e-09,3.46668894e-09
8003,43,12611539,0,5769,0,12.297692,3.46668894e-09,3.46668894e-09
8004,42,12611539,0,5769,0,-18,3.46668894e-09,3.46668894e-09
8005,41,12611539,0,5769,0,-14,3.46668894e-09,3.46668894e-09
8006,40,12611539,0,5769,0,26,3.46668894e-09,3.46668894e-09
8007,43,12617308,0,5769,0,12.297692,3.46668894e-09,3.46668894e-09
8008,42,12617308,0,5769,0,-18,3.46668894e-09,3.46668894e-09
8009,41,12617308,0,5769,0,-14,3.46668894e-09,3.46668894e-09
8010,40,12617308,0,5769,0,26,3.46668894e-09,3.46668894e-09
8011,43,12623077,0,5769,0,12.297692,3.46668894e-09,3.46668894e-09
8012,42,12623077,0,5769,0,-17,3.46668894e-09,3.46668894e-09
8013,41,12623077,0,5769,0,-14,3.46668894e-09,3.46668894e-09
8014,40,12623077,0,5769,0,25,3.46668894e-09,3.46668894e-09
8015,43,12628846,0,5769,0,12.297692,3.46668894e-09,3.46668894e-09
8016,42,12628846,0,5769,0,-18,3.46668894e-09,3.46668894e-09
8017,41,12628846,0,5769,0,-14,3.46668894e-09,3.46668894e-09
8018,40,12628846,0,5769,0,26,3.46668894e-09,3.46668894e-09
8019,43,12634615,0,5769,0,12.297692,3.46668894e-09,3.46668894e-09
8020,42,12634615,0,5769,0,-18,3.46668894e-09,3.46668894e-09
8021,41,12634615,0,5769,0,-14,3.46668894e-09,3.46668894e-09
8022,40,12634615,0,5769,0,26,3.46668894e-09,3.46668894e-09
8023,43,12640384,0,5769,0,12.297692,3.46668894e-09,3.46668894e-09
8024,42,12640384,0,5769,0,-17,3.46668894e-09,3.46668894e-09
8025,41,12640384,0,5769,0,-14,3.46668894e-09,3.46668894e-09
8026,40,12640384,0,5769,0,25,3.46668894e-09,3.46668894e-09
8027,43,12646153,0,5769,0,12.297692,3.46668894e-09,3.46668894e-09
8028,42,12646153,0,5769,0,-18,3.46668894e-09,3.46668894e-09
8029,41,12646153,0,5769,0,-14,3.46668894e-09,3.46668894e-09
8030,40,12646153,0,5769,0,26,3.46668894e-09,3.46668894e-09
8031,43,12651922,0,5769,0,12.297692,3.46668894e-09,3.46668894e-09
8032,42,12651922,0,5769,0,-17,3.46668894e-09,3.46668894e-09
8033,41,12651922,0,5769,0,-14,3.46668894e-09,3.46668894e-09
8034,40,12651922,0,5769,0,26,3.46668894e-09,3.46668894e-09
8035,43,12657691,0,5769,0,12.297692,3.46668894e-09,3.46668894e-09
8036,42,12657691,0,5769,0,-18,3.46668894e-09,3.46668894e-09
8037,41,12657691,0,5769,0,-14,3.46668894e-09,3.46668894e-09
8038,40,12657691,0,5769,0,25,3.46668894e-09,3.46668894e-09
8039,43,12663460,0,5769,0,12.297692,3.46668894e-09,3.46668894e-09
8040,42,12663460,0,5769,0,-18,3.46668894e-09,3.46668894e-09
8041,41,12663460,0,5769,0,-14,3.46668894e-09,3.46668894e-09
8042,40,12663460,0,5769,0,26,3.46668894e-09,3.46668894e-09
8043,43,12669229,0,5769,0,12.297692,3.46668894e-09,3.46668894e-09
8044,42,12669229,0,5769,0,-17,3.46668894e-09,3.46668894e-09
8045,41,12669229,0,5769,0,-14,3.46668894e-09,3.46668894e-09
8046,40,12669229,0,5769,0,26,3.46668894e-09,3.46668894e-09
8047,43,12674998,0,5769,0,12.297692,3.46668894e-09,3.46668894e-09
8048,42,12674998,0,5769,0,-18,3.46668894e-09,3.46668894e-09
8049,41,12674998,0,5769,0,-14,3.46668894e-09,3.46668894e-09
8050,40,12674998,0,5769,0,25,3.46668894e-09,3.46668894e-09
8051,43,12680767,0,5769,0,12.297692,3.46668894e-09,3.46668894e-09
8052,42,12680767,0,5769,0,-17,3.46668894e-09,3.46668894e-09
8053,41,12680767,0,5769,0,-14,3.46668894e-09,3.46668894e-09
8054,40,12680767,0,5769,0,26,3.46668894e-09,3.46668894e-09
8055,43,12686536,0,5769,0,12.297692,3.46668894e-09,3.46668894e-09
8056,42,12686536,0,5769,0,-18,3.46668894e-09,3.46668894e-09
8057,41,12686536,0,5769,0,-14,3.46668894e-09,3.46668894e-09
8058,40,12686536,0,5769,0,26,3.46668894e-09,3.46668894e-09
8059,43,12692305,0,5769,0,12.297692,3.46668894e-09,3.46668894e-09
8060,42,12692305,0,5769,0,-17,3.46668894e-09,3.46668894e-09
8061,41,12692305,0,5769,0,-13,3.46668894e-09,3.46668894e-09
8062,40,12692305,0,5769,0,26,3.46668894e-09,3.46668894e-09
8063,43,12698074,0,5769,0,12.297692,3.46668894e-09,3.46668894e-09
8064,42,12698074,0,5769,0,-18,3.46668894e-09,3.46668894e-09
8065,41,12698074,0,5769,0,-14,3.46668894e-09,3.46668894e-09
8066,40,12698074,0,5769,0,25,3.46668894e-09,3.46668894e-09
8067,43,12703843,0,5769,0,12.297692,3.46668894e-09,3.46668894e-09
8068,42,12703843,0,5769,0,-17,3.46668894e-09,3.46668894e-09
8069,41,12703843,0,5769,0,-14,3.46668894e-09,3.46668894e-09
8070,40,12703843,0,5769,0,26,3.46668894e-09,3.46668894e-09
8071,43,12709612,0,5769,0,12.297692,3.46668894e-09,3.46668894e-09
8072,42,12709612,0,5769,0,-18,3.46668894e-09,3.46668894e-09
8073,41,12709612,0,5769,0,-14,3.46668894e-09,3.46668894e-09
8074,40,12709612,0,5769,0,26,3.46668894e-09,3.46668894e-09
8075,43,12715381,0,5769,0,12.297692,3.46669138e-09,3.46669138e-09
8076,42,12715381,0,5769,0,-17,3.46669138e-09,3.46669138e-09
8077,41,12715381,0,5769,0,-14,3.46669138e-09,3.46669138e-09
8078,40,12715381,0,5769,0,25,3.46669138e-09,3.46669138e-09
8079,43,12721150,0,5769,0,12.297692,3.46668982e-09,3.46668982e-09
8080,42,12721150,0,5769,0,-18,3.46668982e-09,3.46668982e-09
8081,41,12721150,0,5769,0,-13,3.46668982e-09,3.46668982e-09
8082,40,12721150,0,5769,0,26,3.46668982e-09,3.46668982e-09
8083,43,12726919,0,5769,0,12.297692,3.46668982e-09,3.46668982e-09
8084,42,12726919,0,5769,0,-17,3.46668982e-09,3.46668982e-09
8085,41,12726919,0,5769,0,-14,3.46668982e-09,3.46668982e-09
8086,40,12726919,0,5769,0,26,3.46668982e-09,3.46668982e-09
8087,43,12732688,0,5769,0,12.297692,3.46665252e-09,3.46665252e-09
8088,42,12732688,0,5769,0,-18,3.46665252e-09,3.46665252e-09
8089,41,12732688,0,5769,0,-14,3.46665252e-09,3.46665252e-09
8090,40,12732688,0,5769,0,25,3.46665252e-09,3.46665252e-09
8091,43,12738457,0,5769,0,12.297692,3.46665252e-09,3.46665252e-09
8092,42,12738457,0,5769,0,-17,3.46665252e-09,3.46665252e-09
8093,41,12738457,0,5769,0,-14,3.46665252e-09,3.46665252e-09
8094,40,12738457,0,5769,0,26,3.46665252e-09,3.46665252e-09
8095,43,12744226,0,5769,0,12.297692,3.46665252e-09,3.46665252e-09
8096,42,12744226,0,5769,0,-17,3.46665252e-09,3.46665252e-09
8097,41,12744226,0,5769,0,-13,3.46665252e-09,3.46665252e-09
8098,40,12744226,0,5769,0,26,3.46665252e-09,3.46665252e-09
8099,43,12749995,0,5769,0,12.297692,3.46665252e-09,3.46665252e-09
8100,42,12749995,0,5769,0,-18,3.46665252e-09,3.46665252e-09
8101,41,12749995,0,5769,0,-14,3.46665252e-09,3.46665252e-09
8102,40,12749995,0,5769,0,26,3.46665252e-09,3.46665252e-09
8103,43,12755764,0,5769,0,12.297692,3.46665252e-09,3.46665252e-09
8104,42,12755764,0,5769,0,-17,3.46665252e-09,3.46665252e-09
8105,41,12755764,0,5769,0,-14,3.46665252e-09,3.46665252e-09
8106,40,12755764,0,5769,0,25,3.46665252e-09,3.46665252e-09
8107,43,12761533,0,5769,0,12.297692,3.46665252e-09,3.46665252e-09
8108,42,12761533,0,5769,0,-17,3.46665252e-09,3.46665252e-09
8109,41,12761533,0,5769,0,-14,3.46665252e-09,3.46665252e-09
8110,40,12761533,0,5769,0,26,3.46665252e-09,3.46665252e-09
8111,43,12767302,0,5769,0,12.297692,3.46665252e-09,3.46665252e-09
8112,42,12767302,0,5769,0,-18,3.46665252e-09,3.46665252e-09
8113,41,12767302,0,5769,0,-13,3.46665252e-09,3.46665252e-09
8114,40,12767302,0,5769,0,26,3.46665252e-09,3.46665252e-09
8115,43,12773071,0,5769,0,12.297692,3.46665252e-09,3.46665252e-09
8116,42,12773071,0,5769,0,-17,3.46665252e-09,3.46665252e-09
8117,41,12773071,0,5769,0,-14,3.46665252e-09,3.46665252e-09
8118,40,12773071,0,5769,0,25,3.46665252e-09,3.46665252e-09
8119,43,12778840,0,5769,0,12.297692,3.46665252e-09,3.46665252e-09
8120,42,12778840,0,5769,0,-17,3.46665252e-09,3.46665252e-09
8121,41,12778840,0,5769,0,-14,3.46665252e-09,3.46665252e-09
8122,40,12778840,0,5769,0,26,3.46665252e-09,3.46665252e-09
8123,43,12784609,0,5769,0,12.297692,3.46665252e-09,3.46665252e-09
8124,42,12784609,0,5769,0,-18,3.46665252e-09,3.46665252e-09
8125,41,12784609,0,5769,0,-13,3.46665252e-09,3.46665252e-09
8126,40,12784609,0,5769,0,26,3.46665252e-09,3.46665252e-09
8127,43,12790378,0,5769,0,12.297692,3.46665252e-09,3.46665252e-09
8128,42,12790378,0,5769,0,-17,3.46665252e-09,3.46665252e-09
8129,41,12790378,0,5769,0,-14,3.46665252e-09,3.46665252e-09
8130,40,12790378,0,5769,0,25,3.46665252e-09,3.46665252e-09
8131,43,12796147,0,5769,0,12.297692,3.46665252e-09,3.46665252e-09
8132,42,12796147,0,5769,0,-17,3.46665252e-09,3.46665252e-09
8133,41,12796147,0,5769,0,-14,3.46665252e-09,3.46665252e-09
8134,40,12796147,0,5769,0,26,3.46665252e-09,3.46665252e-09
8135,43,12801916,0,5769,0,12.297692,3.46665252e-09,3.46665252e-09
8136,42,12801916,0,5769,0,-18,3.46665252e-09,3.46665252e-09
8137,41,12801916,0,5769,0,-13,3.46665252e-09,3.46665252e-09
8138,40,12801916,0,5769,0,26,3.46665252e-09,3.46665252e-09
8139,43,12807685,0,5769,0,12.297692,3.46665252e-09,3.46665252e-09
8140,42,12807685,0,5769,0,-17,3.46665252e-09,3.46665252e-09
8141,41,12807685,0,5769,0,-14,3.46665252e-09,3.46665252e-09
8142,40,12807685,0,5769,0,26,3.46665252e-09,3.46665252e-09
8143,43,12813454,0,5769,0,12.297692,3.46665252e-09,3.46665252e-09
8144,42,12813454,0,5769,0,-17,3.46665252e-09,3.46665252e-09
8145,41,12813454,0,5769,0,-13,3.46665252e-09,3.46665252e-09
8146,40,12813454,0,5769,0,25,3.46665252e-09,3.46665252e-09
8147,43,12819223,0,5769,0,12.297692,3.46665252e-09,3.46665252e-09
8148,42,12819223,0,5769,0,-17,3.46665252e-09,3.46665252e-09
8149,41,12819223,0,5769,0,-14,3.46665252e-09,3.46665252e-09
8150,40,12819223,0,5769,0,26,3.46665252e-09,3.46665252e-09
8151,43,12824992,0,5769,0,12.297692,3.46665252e-09,3.46665252e-09
8152,42,12824992,0,5769,0,-18,3.46665252e-09,3.46665252e-09
8153,41,12824992,0,5769,0,-13,3.46665252e-09,3.46665252e-09
8154,40,12824992,0,5769,0,26,3.46665252e-09,3.46665252e-09
8155,43,12830761,0,5769,0,12.297692,3.46665252e-09,3.46665252e-09
8156,42,12830761,0,5769,0,-17,3.46665252e-09,3.46665252e-09
8157,41,12830761,0,5769,0,-14,3.46665252e-09,3.46665252e-09
8158,40,12830761,0,5769,0,25,3.46665252e-09,3.46665252e-09
8159,43,12836530,0,5769,0,12.297692,3.46665252e-09,3.46665252e-09
8160,42,12836530,0,5769,0,-17,3.46665252e-09,3.46665252e-09
8161,41,12836530,0,5769,0,-13,3.46665252e-09,3.46665252e-09
8162,40,12836530,0,5769,0,26,3.46665252e-09,3.46665252e-09
8163,43,12842299,0,5769,0,12.297692,3.46665252e-09,3.46665252e-09
8164,42,12842299,0,5769,0,-17,3.46665252e-09,3.46665252e-09
8165,41,12842299,0,5769,0,-14,3.46665252e-09,3.46665252e-09
8166,40,12842299,0,5769,0,26,3.46665252e-09,3.46665252e-09
8167,43,12848068,0,5769,0,12.297692,3.46665252e-09,3.46665252e-09
8168,42,12848068,0,5769,0,-17,3.46665252e-09,3.46665252e-09
8169,41,12848068,0,5769,0,-14,3.46665252e-09,3.46665252e-09
8170,40,12848068,0,5769,0,26,3.46665252e-09,3.46665252e-09
8171,43,12853837,0,5769,0,12.297692,3.46665252e-09,3.46665252e-09
8172,42,12853837,0,5769,0,-17,3.46665252e-09,3.46665252e-09
8173,41,12853837,0,5769,0,-13,3.46665252e-09,3.46665252e-09
8174,40,12853837,0,5769,0,25,3.46665252e-09,3.46665252e-09
8175,43,12859606,0,5769,0,12.297692,3.46665252e-09,3.46665252e-09
8176,42,12859606,0,5769,0,-18,3.46665252e-09,3.46665252e-09
8177,41,12859606,0,5769,0,-13,3.46665252e-09,3.46665252e-09
8178,40,12859606,0,5769,0,26,3.46665252e-09,3.46665252e-09
8179,43,12865375,0,5769,0,12.297692,3.46665252e-09,3.46665252e-09
8180,42,12865375,0,5769,0,-17,3.46665252e-09,3.46665252e-09
8181,41,12865375,0,5769,0,-14,3.46665252e-09,3.46665252e-09
8182,40,12865375,0,5769,0,26,3.46665252e-09,3.46665252e-09
8183,43,12871144,0,5769,0,12.297692,3.46665252e-09,3.46665252e-09
8184,42,12871144,0,5769,0,-17,3.46665252e-09,3.46665252e-09
8185,41,12871144,0,5769,0,-13,3.46665252e-09,3.46665252e-09
8186,40,12871144,0,5769,0,25,3.46665252e-09,3.46665252e-09
8187,43,12876913,0,5769,0,12.297692,3.46665252e-09,3.46665252e-09
8188,42,12876913,0,5769,0,-17,3.46665252e-09,3.46665252e-09
8189,41,12876913,0,5769,0,-14,3.46665252e-09,3.46665252e-09
8190,40,12876913,0,5769,0,26,3.46665252e-09,3.46665252e-09
8191,43,12882682,0,5769,0,12.297692,3.46665252e-09,3.46665252e-09
8192,42,12882682,0,5769,0,-17,3.46665252e-09,3.46665252e-09
8193,41,12882682,0,5769,0,-13,3.46665252e-09,3.46665252e-09
8194,40,12882682,0,5769,0,26,3.46665252e-09,3.46665252e-09
8195,43,12888451,0,5769,0,12.297692,3.46665252e-09,3.46665252e-09
8196,42,12888451,0,5769,0,-17,3.46665252e-09,3.46665252e-09
8197,41,12888451,0,5769,0,-14,3.46665252e-09,3.46665252e-09
8198,40,12888451,0,5769,0,26,3.46665252e-09,3.46665252e-09
8199,43,12894220,0,5769,0,12.297692,3.46665252e-09,3.46665252e-09
8200,42,12894220,0,5769,0,-17,3.46665252e-09,3.46665252e-09
8201,41,12894220,0,5769,0,-13,3.46665252e-09,3.46665252e-09
8202,40,12894220,0,5769,0,25,3.46665252e-09,3.46665252e-09
8203,43,12899989,0,5769,0,12.297692,3.46665252e-09,3.46665252e-09
8204,42,12899989,0,5769,0,-17,3.46665252e-09,3.46665252e-09
8205,41,12899989,0,5769,0,-13,3.46665252e-09,3.46665252e-09
8206,40,12899989,0,5769,0,26,3.46665252e-09,3.46665252e-09
8207,43,12905758,0,5769,0,12.297692,3.46665252e-09,3.46665252e-09
8208,42,12905758,0,5769,0,-17,3.46665252e-09,3.46665252e-09
8209,41,12905758,0,5769,0,-14,3.46665252e-09,3.46665252e-09
8210,40,12905758,0,5769,0,26,3.46665252e-09,3.46665252e-09
8211,43,12911527,0,5769,0,12.297692,3.46665252e-09,3.46665252e-09
8212,42,12911527,0,5769,0,-17,3.46665252e-09,3.46665252e-09
8213,41,12911527,0,5769,0,-13,3.46665252e-09,3.46665252e-09
8214,40,12911527,0,5769,0,25,3.46665252e-09,3.46665252e-09
8215,43,12917296,0,5769,0,12.297692,3.46665252e-09,3.46665252e-09
8216,42,12917296,0,5769,0,-17,3.46665252e-09,3.46665252e-09
8217,41,12917296,0,5769,0,-14,3.46665252e-09,3.46665252e-09
8218,40,12917296,0,5769,0,26,3.46665252e-09,3.46665252e-09
8219,43,12923065,0,5769,0,12.297692,3.46665252e-09,3.46665252e-09
8220,42,12923065,0,5769,0,-17,3.46665252e-09,3.46665252e-09
8221,41,12923065,0,5769,0,-13,3.46665252e-09,3.46665252e-09
8222,40,12923065,0,5769,0,26,3.46665252e-09,3.46665252e-09
8223,43,12928834,0,5769,0,12.297692,3.46665252e-09,3.46665252e-09
8224,42,12928834,0,5769,0,-17,3.46665252e-09,3.46665252e-09
8225,41,12928834,0,5769,0,-13,3.46665252e-09,3.46665252e-09
8226,40,12928834,0,5769,0,26,3.46665252e-09,3.46665252e-09
8227,43,12934603,0,5769,0,12.297692,3.46665252e-09,3.46665252e-09
8228,42,12934603,0,5769,0,-17,3.46665252e-09,3.46665252e-09
8229,41,12934603,0,5769,0,-14,3.46665252e-09,3.46665252e-09
8230,40,12934603,0,5769,0,25,3.46665252e-09,3.46665252e-09
8231,43,12940372,0,5769,0,12.297692,3.46665252e-09,3.46665252e-09
8232,42,12940372,0,5769,0,-17,3.46665252e-09,3.46665252e-09
8233,41,12940372,0,5769,0,-13,3.46665252e-09,3.46665252e-09
8234,40,12940372,0,5769,0,26,3.46665252e-09,3.46665252e-09
8235,43,12946141,0,5769,0,12.297692,3.46665252e-09,3.46665252e-09
8236,42,12946141,0,5769,0,-17,3.46665252e-09,3.46665252e-09
8237,41,12946141,0,5769,0,-13,3.46665252e-09,3.46665252e-09
8238,40,12946141,0,5769,0,26,3.46665252e-09,3.46665252e-09
8239,43,12951910,0,5769,0,12.297692,3.46665252e-09,3.46665252e-09
8240,42,12951910,0,5769,0,-17,3.46665252e-09,3.46665252e-09
8241,41,12951910,0,5769,0,-13,3.46665252e-09,3.46665252e-09
8242,40,12951910,0,5769,0,26,3.46665252e-09,3.46665252e-09
8243,43,12957679,0,5769,0,12.297692,3.46665252e-09,3.46665252e-09
8244,42,12957679,0,5769,0,-17,3.46665252e-09,3.46665252e-09
8245,41,12957679,0,5769,0,-14,3.46665252e-09,3.46665252e-09
8246,40,12957679,0,5769,0,25,3.46665252e-09,3.46665252e-09
8247,43,12963448,0,5769,0,12.297692,3.46665252e-09,3.46665252e-09
8248,42,12963448,0,5769,0,-17,3.46665252e-09,3.46665252e-09
8249,41,12963448,0,5769,0,-13,3.46665252e-09,3.46665252e-09
8250,40,12963448,0,5769,0,26,3.46665252e-09,3.46665252e-09
8251,43,12969217,0,5769,0,12.297692,3.46665252e-09,3.46665252e-09
8252,42,12969217,0,5769,0,-17,3.46665252e-09,3.46665252e-09
8253,41,12969217,0,5769,0,-13,3.46665252e-09,3.46665252e-09
8254,40,12969217,0,5769,0,26,3.46665252e-09,3.46665252e-09
8255,43,12974986,0,5769,0,12.297692,3.46665252e-09,3.46665252e-09
8256,42,12974986,0,5769,0,-17,3.46665252e-09,3.46665252e-09
8257,41,12974986,0,5769,0,-13,3.46665252e-09,3.46665252e-09
8258,40,12974986,0,5769,0,25,3.46665252e-09,3.46665252e-09
8259,43,12980755,0,5769,0,12.297692,3.46665252e-09,3.46665252e-09
8260,42,12980755,0,5769,0,-17,3.46665252e-09,3.46665252e-09
8261,41,12980755,0,5769,0,-13,3.46665252e-09,3.46665252e-09
8262,40,12980755,0,5769,0,26,3.46665252e-09,3.46665252e-09
8263,43,12986524,0,5769,0,12.297692,3.46665252e-09,3.46665252e-09
8264,42,12986524,0,5769,0,-17,3.46665252e-09,3.46665252e-09
8265,41,12986524,0,5769,0,-14,3.46665252e-09,3.46665252e-09
8266,40,12986524,0,5769,0,26,3.46665252e-09,3.46665252e-09
8267,43,12992293,0,5769,0,12.297692,3.46665252e-09,3.46665252e-09
8268,42,12992293,0,5769,0,-16,3.46665252e-09,3.46665252e-09
8269,41,12992293,0,5769,0,-13,3.46665252e-09,3.46665252e-09
8270,40,12992293,0,5769,0,26,3.46665252e-09,3.46665252e-09
8271,43,12998062,0,5769,0,12.297692,3.46665252e-09,3.46665252e-09
8272,42,12998062,0,5769,0,-17,3.46665252e-09,3.46665252e-09
8273,41,12998062,0,5769,0,-13,3.46665252e-09,3.46665252e-09
8274,40,12998062,0,5769,0,25,3.46665252e-09,3.46665252e-09
8275,43,13003831,0,5769,0,12.297692,3.46665252e-09,3.46665252e-09
8276,42,13003831,0,5769,0,-17,3.46665252e-09,3.46665252e-09
8277,41,13003831,0,5769,0,-13,3.46665252e-09,3.46665252e-09
8278,40,13003831,0,5769,0,26,3.46665252e-09,3.46665252e-09
8279,43,13009600,0,5769,0,12.297692,3.46665252e-09,3.46665252e-09
8280,42,13009600,0,5769,0,-17,3.46665252e-09,3.46665252e-09
8281,41,13009600,0,5769,0,-13,3.46665252e-09,3.46665252e-09
8282,40,13009600,0,5769,0,26,3.46665252e-09,3.46665252e-09
8283,43,13015369,0,5769,0,12.297692,3.46665252e-09,3.46665252e-09
8284,42,13015369,0,5769,0,-17,3.46665252e-09,3.46665252e-09
8285,41,13015369,0,5769,0,-13,3.46665252e-09,3.46665252e-09
8286,40,13015369,0,5769,0,26,3.46665252e-09,3.46665252e-09
8287,43,13021138,0,5769,0,12.297692,3.46665252e-09,3.46665252e-09
8288,42,13021138,0,5769,0,-16,3.46665252e-09,3.46665252e-09
8289,41,13021138,0,5769,0,-14,3.46665252e-09,3.46665252e-09
8290,40,13021138,0,5769,0,25,3.46665252e-09,3.46665252e-09
8291,43,13026907,0,5769,0,12.297692,3.46665252e-09,3.46665252e-09
8292,42,13026907,0,5769,0,-17,3.46665252e-09,3.46665252e-09
8293,41,13026907,0,5769,0,-13,3.46665252e-09,3.46665252e-09
8294,40,13026907,0,5769,0,26,3.46665252e-09,3.46665252e-09
8295,43,13032676,0,5769,0,12.297692,3.46665252e-09,3.46665252e-09
8296,42,13032676,0,5769,0,-17,3.46665252e-09,3.46665252e-09
8297,41,13032676,0,5769,0,-13,3.46665252e-09,3.46665252e-09
8298,40,13032676,0,5769,0,26,3.46665252e-09,3.46665252e-09
8299,43,13038445,0,5769,0,12.297692,3.46665252e-09,3.46665252e-09
8300,42,13038445,0,5769,0,-17,3.46665252e-09,3.46665252e-09
8301,41,13038445,0,5769,0,-13,3.46665252e-09,3.46665252e-09
8302,40,13038445,0,5769,0,26,3.46665252e-09,3.46665252e-09
8303,43,13044214,0,5769,0,12.297692,3.46665252e-09,3.46665252e-09
8304,42,13044214,0,5769,0,-16,3.46665252e-09,3.46665252e-09
8305,41,13044214,0,5769,0,-13,3.46665252e-09,3.46665252e-09
8306,40,13044214,0,5769,0,25,3.46665252e-09,3.46665252e-09
8307,43,13049983,0,5769,0,12.297692,3.46665252e-09,3.46665252e-09
8308,42,13049983,0,5769,0,-17,3.46665252e-09,3.46665252e-09
8309,41,13049983,0,5769,0,-13,3.46665252e-09,3.46665252e-09
8310,40,13049983,0,5769,0,26,3.46665252e-09,3.46665252e-09
8311,43,13055752,0,5769,0,12.297692,3.46665252e-09,3.46665252e-09
8312,42,13055752,0,5769,0,-17,3.46665252e-09,3.46665252e-09
8313,41,13055752,0,5769,0,-13,3.46665252e-09,3.46665252e-09
8314,40,13055752,0,5769,0,26,3.46665252e-09,3.46665252e-09
8315,43,13061521,0,5769,0,12.297692,3.46665252e-09,3.46665252e-09
8316,42,13061521,0,5769,0,-17,3.46665252e-09,3.46665252e-09
8317,41,13061521,0,5769,0,-13,3.46665252e-09,3.46665252e-09
8318,40,13061521,0,5769,0,26,3.46665252e-09,3.46665252e-09
8319,43,13067290,0,5769,0,12.297692,3.46665252e-09,3.46665252e-09
8320,42,13067290,0,5769,0,-16,3.46665252e-09,3.46665252e-09
8321,41,13067290,0,5769,0,-13,3.46665252e-09,3.46665252e-09
8322,40,13067290,0,5769,0,25,3.46665252e-09,3.46665252e-09
8323,43,13073059,0,5769,0,12.297692,3.46665252e-09,3.46665252e-09
8324,42,13073059,0,5769,0,-17,3.46665252e-09,3.46665252e-09
8325,41,13073059,0,5769,0,-13,3.46665252e-09,3.46665252e-09
8326,40,13073059,0,5769,0,26,3.46665252e-09,3.46665252e-09
8327,43,13078828,0,5769,0,12.297692,3.46665252e-09,3.46665252e-09
8328,42,13078828,0,5769,0,-17,3.46665252e-09,3.46665252e-09
8329,41,13078828,0,5769,0,-13,3.46665252e-09,3.46665252e-09
8330,40,13078828,0,5769,0,26,3.46665252e-09,3.46665252e-09
8331,43,13084597,0,5769,0,12.297692,3.46665252e-09,3.46665252e-09
8332,42,13084597,0,5769,0,-16,3.46665252e-09,3.46665252e-09
8333,41,13084597,0,5769,0,-13,3.46665252e-09,3.46665252e-09
8334,40,13084597,0,5769,0,26,3.46665252e-09,3.46665252e-09
8335,43,13090366,0,5769,0,12.297692,3.46665252e-09,3.46665252e-09
8336,42,13090366,0,5769,0,-17,3.46665252e-09,3.46665252e-09
8337,41,13090366,0,5769,0,-13,3.46665252e-09,3.46665252e-09
8338,40,13090366,0,5769,0,25,3.46665252e-09,3.46665252e-09
8339,43,13096135,0,5769,0,12.297692,3.46665252e-09,3.46665252e-09
8340,42,13096135,0,5769,0,-16,3.46665252e-09,3.46665252e-09
8341,41,13096135,0,5769,0,-13,3.46665252e-09,3.46665252e-09
8342,40,13096135,0,5769,0,26,3.46665252e-09,3.46665252e-09
8343,43,13101904,0,5769,0,12.297692,3.46665252e-09,3.46665252e-09
8344,42,13101904,0,5769,0,-17,3.46665252e-09,3.46665252e-09
8345,41,13101904,0,5769,0,-13,3.46665252e-09,3.46665252e-09
8346,40,13101904,0,5769,0,26,3.46665252e-09,3.46665252e-09
8347,43,13107673,0,5769,0,12.297692,3.46665252e-09,3.46665252e-09
8348,42,13107673,0,5769,0,-17,3.46665252e-09,3.46665252e-09
8349,41,13107673,0,5769,0,-13,3.46665252e-09,3.46665252e-09
8350,40,13107673,0,5769,0,25,3.46665252e-09,3.46665252e-09
8351,43,13113442,0,5769,0,12.297692,3.46665252e-09,3.46665252e-09
8352,42,13113442,0,5769,0,-16,3.46665252e-09,3.46665252e-09
8353,41,13113442,0,5769,0,-12,3.46665252e-09,3.46665252e-09
8354,40,13113442,0,5769,0,26,3.46665252e-09,3.46665252e-09
8355,43,13119211,0,5769,0,12.297692,3.46665252e-09,3.46665252e-09
8356,42,13119211,0,5769,0,-17,3.46665252e-09,3.46665252e-09
8357,41,13119211,0,5769,0,-13,3.46665252e-09,3.46665252e-09
8358,40,13119211,0,5769,0,26,3.46665252e-09,3.46665252e-09
8359,43,13124980,0,5769,0,12.297692,3.46665252e-09,3.46665252e-09
8360,42,13124980,0,5769,0,-16,3.46665252e-09,3.46665252e-09
8361,41,13124980,0,5769,0,-13,3.46665252e-09,3.46665252e-09
8362,40,13124980,0,5769,0,26,3.46665252e-09,3.46665252e-09
8363,43,13130749,0,5769,0,12.297692,3.46665252e-09,3.46665252e-09
8364,42,13130749,0,5769,0,-17,3.46665252e-09,3.46665252e-09
8365,41,13130749,0,5769,0,-13,3.46665252e-09,3.46665252e-09
8366,40,13130749,0,5769,0,25,3.46665252e-09,3.46665252e-09
8367,43,13136518,0,5769,0,12.297692,3.46665252e-09,3.46665252e-09
8368,42,13136518,0,5769,0,-16,3.46665252e-09,3.46665252e-09
8369,41,13136518,0,5769,0,-13,3.46665252e-09,3.46665252e-09
8370,40,13136518,0,5769,0,26,3.46665252e-09,3.46665252e-09
8371,43,13142287,0,5769,0,12.297692,3.46665252e-09,3.46665252e-09
8372,42,13142287,0,5769,0,-17,3.46665252e-09,3.46665252e-09
8373,41,13142287,0,5769,0,-13,3.46665252e-09,3.46665252e-09
8374,40,13142287,0,5769,0,26,3.46665252e-09,3.46665252e-09
8375,43,13148056,0,5769,0,12.297692,3.46665252e-09,3.46665252e-09
8376,42,13148056,0,5769,0,-16,3.46665252e-09,3.46665252e-09
8377,41,13148056,0,5769,0,-13,3.46665252e-09,3.46665252e-09
8378,40,13148056,0,5769,0,26,3.46665252e-09,3.46665252e-09
8379,43,13153825,0,5769,0,12.297692,3.46665252e-09,3.46665252e-09
8380,42,13153825,0,5769,0,-17,3.46665252e-09,3.46665252e-09
8381,41,13153825,0,5769,0,-12,3.46665252e-09,3.46665252e-09
8382,40,13153825,0,5769,0,25,3.46665252e-09,3.46665252e-09
8383,43,13159594,0,5769,0,12.297692,3.46665252e-09,3.46665252e-09
8384,42,13159594,0,5769,0,-16,3.46665252e-09,3.46665252e-09
8385,41,13159594,0,5769,0,-13,3.46665252e-09,3.46665252e-09
8386,40,13159594,0,5769,0,26,3.46665252e-09,3.46665252e-09
8387,43,13165363,0,5769,0,12.297692,3.46665252e-09,3.46665252e-09
8388,42,13165363,0,5769,0,-17,3.46665252e-09,3.46665252e-09
8389,41,13165363,0,5769,0,-13,3.46665252e-09,3.46665252e-09
8390,40,13165363,0,5769,0,26,3.46665252e-09,3.46665252e-09
8391,43,13171132,0,5769,0,12.297692,3.46665252e-09,3.46665252e-09
8392,42,13171132,0,5769,0,-16,3.46665252e-09,3.46665252e-09
8393,41,13171132,0,5769,0,-13,3.46665252e-09,3.46665252e-09
8394,40,13171132,0,5769,0,26,3.46665252e-09,3.46665252e-09
8395,43,13176901,0,5769,0,12.297692,3.46665252e-09,3.46665252e-09
8396,42,13176901,0,5769,0,-16,3.46665252e-09,3.46665252e-09
8397,41,13176901,0,5769,0,-12,3.46665252e-09,3.46665252e-09
8398,40,13176901,0,5769,0,25,3.46665252e-09,3.46665252e-09
8399,43,13182670,0,5769,0,12.297692,3.46665252e-09,3.46665252e-09
8400,42,13182670,0,5769,0,-17,3.46665252e-09,3.46665252e-09
8401,41,13182670,0,5769,0,-13,3.46665252e-09,3.46665252e-09
8402,40,13182670,0,5769,0,26,3.46665252e-09,3.46665252e-09
8403,43,13188439,0,5769,0,12.297692,3.46665252e-09,3.46665252e-09
8404,42,13188439,0,5769,0,-16,3.46665252e-09,3.46665252e-09
8405,41,13188439,0,5769,0,-13,3.46665252e-09,3.46665252e-09
8406,40,13188439,0,5769,0,26,3.46665252e-09,3.46665252e-09
8407,43,13194208,0,5769,0,12.297692,3.46665541e-09,3.46665541e-09
8408,42,13194208,0,5769,0,-17,3.46665541e-09,3.46665541e-09
8409,41,13194208,0,5769,0,-13,3.46665541e-09,3.46665541e-09
8410,40,13194208,0,5769,0,26,3.46665541e-09,3.46665541e-09
8411,43,13199977,0,5769,0,12.297692,3.46665407e-09,3.46665407e-09
8412,42,13199977,0,5769,0,-16,3.46665407e-09,3.46665407e-09
8413,41,13199977,0,5769,0,-12,3.46665407e-09,3.46665407e-09
8414,40,13199977,0,5769,0,26,3.46665407e-09,3.46665407e-09
8415,43,13205746,0,5769,0,12.297692,3.46665541e-09,3.46665541e-09
8416,42,13205746,0,5769,0,-16,3.46665541e-09,3.46665541e-09
8417,41,13205746,0,5769,0,-13,3.46665541e-09,3.46665541e-09
8418,40,13205746,0,5769,0,25,3.46665541e-09,3.46665541e-09
8419,43,13211515,0,5769,0,12.297692,3.46667361e-09,3.46667361e-09
8420,42,13211515,0,5769,0,-17,3.46667361e-09,3.46667361e-09
8421,41,13211515,0,5769,0,-13,3.46667361e-09,3.46667361e-09
8422,40,13211515,0,5769,0,26,3.46667361e-09,3.46667361e-09
8423,43,13217284,0,5769,0,12.297692,3.46667361e-09,3.46667361e-09
8424,42,13217284,0,5769,0,-16,3.46667361e-09,3.46667361e-09
8425,41,13217284,0,5769,0,-12,3.46667361e-09,3.46667361e-09
8426,40,13217284,0,5769,0,26,3.46667361e-09,3.46667361e-09
8427,43,13223053,0,5769,0,12.297692,3.46667361e-09,3.46667361e-09
8428,42,13223053,0,5769,0,-16,3.46667361e-09,3.46667361e-09
8429,41,13223053,0,5769,0,-13,3.46667361e-09,3.46667361e-09
8430,40,13223053,0,5769,0,26,3.46667361e-09,3.46667361e-09
8431,43,13228822,0,5769,0,12.297692,3.46667361e-09,3.46667361e-09
8432,42,13228822,0,5769,0,-16,3.46667361e-09,3.46667361e-09
8433,41,13228822,0,5769,0,-12,3.46667361e-09,3.46667361e-09
8434,40,13228822,0,5769,0,25,3.46667361e-09,3.46667361e-09
8435,43,13234591,0,5769,0,12.297692,3.46667361e-09,3.46667361e-09
8436,42,13234591,0,5769,0,-17,3.46667361e-09,3.46667361e-09
8437,41,13234591,0,5769,0,-13,3.46667361e-09,3.46667361e-09
8438,40,13234591,0,5769,0,26,3.46667361e-09,3.46667361e-09
8439,43,13240360,0,5769,0,12.297692,3.46667361e-09,3.46667361e-09
8440,42,13240360,0,5769,0,-16,3.46667361e-09,3.46667361e-09
8441,41,13240360,0,5769,0,-13,3.46667361e-09,3.46667361e-09
8442,40,13240360,0,5769,0,26,3.46667361e-09,3.46667361e-09
8443,43,13246129,0,5769,0,12.297692,3.46667361e-09,3.46667361e-09
8444,42,13246129,0,5769,0,-16,3.46667361e-09,3.46667361e-09
8445,41,13246129,0,5769,0,-12,3.46667361e-09,3.46667361e-09
8446,40,13246129,0,5769,0,26,3.46667361e-09,3.46667361e-09
8447,43,13251898,0,5769,0,12.297692,3.46667361e-09,3.46667361e-09
8448,42,13251898,0,5769,0,-16,3.46667361e-09,3.46667361e-09
8449,41,13251898,0,5769,0,-13,3.46667361e-09,3.46667361e-09
8450,40,13251898,0,5769,0,25,3.46667361e-09,3.46667361e-09
8451,43,13257667,0,5769,0,12.297692,3.46667361e-09,3.46667361e-09
8452,42,13257667,0,5769,0,-17,3.46667361e-09,3.46667361e-09
8453,41,13257667,0,5769,0,-12,3.46667361e-09,3.46667361e-09
8454,40,13257667,0,5769,0,26,3.46667361e-09,3.46667361e-09
8455,43,13263436,0,5769,0,12.297692,3.46667361e-09,3.46667361e-09
8456,42,13263436,0,5769,0,-16,3.46667361e-09,3.46667361e-09
8457,41,13263436,0,5769,0,-13,3.46667361e-09,3.46667361e-09
8458,40,13263436,0,5769,0,26,3.46667361e-09,3.46667361e-09
8459,43,13269205,0,5769,0,12.297692,3.46667361e-09,3.46667361e-09
8460,42,13269205,0,5769,0,-16,3.46667361e-09,3.46667361e-09
8461,41,13269205,0,5769,0,-12,3.46667361e-09,3.46667361e-09
8462,40,13269205,0,5769,0,26,3.46667361e-09,3.46667361e-09
8463,43,13274974,0,5769,0,12.297692,3.46667361e-09,3.46667361e-09
8464,42,13274974,0,5769,0,-16,3.46667361e-09,3.46667361e-09
8465,41,13274974,0,5769,0,-13,3.46667361e-09,3.46667361e-09
8466,40,13274974,0,5769,0,25,3.46667361e-09,3.46667361e-09
8467,43,13280743,0,5769,0,12.297692,3.46667361e-09,3.46667361e-09
8468,42,13280743,0,5769,0,-16,3.46667361e-09,3.46667361e-09
8469,41,13280743,0,5769,0,-12,3.46667361e-09,3.46667361e-09
8470,40,13280743,0,5769,0,26,3.46667361e-09,3.46667361e-09
8471,43,13286512,0,5769,0,12.297692,3.46667361e-09,3.46667361e-09
8472,42,13286512,0,5769,0,-16,3.46667361e-09,3.46667361e-09
8473,41,13286512,0,5769,0,-13,3.46667361e-09,3.46667361e-09
8474,40,13286512,0,5769,0,26,3.46667361e-09,3.46667361e-09
8475,43,13292281,0,5769,0,12.297692,3.46667361e-09,3.46667361e-09
8476,42,13292281,0,5769,0,-17,3.46667361e-09,3.46667361e-09
8477,41,13292281,0,5769,0,-12,3.46667361e-09,3.46667361e-09
8478,40,13292281,0,5769,0,26,3.46667361e-09,3.46667361e-09
8479,43,13298050,0,5769,0,12.297692,3.46667361e-09,3.46667361e-09
8480,42,13298050,0,5769,0,-16,3.46667361e-09,3.46667361e-09
8481,41,13298050,0,5769,0,-13,3.46667361e-09,3.46667361e-09
8482,40,13298050,0,5769,0,25,3.46667361e-09,3.46667361e-09
8483,43,13303819,0,5769,0,12.297692,3.46667361e-09,3.46667361e-09
8484,42,13303819,0,5769,0,-16,3.46667361e-09,3.46667361e-09
8485,41,13303819,0,5769,0,-12,3.46667361e-09,3.46667361e-09
8486,40,13303819,0,5769,0,26,3.46667361e-09,3.46667361e-09
8487,43,13309588,0,5769,0,12.297692,3.46667361e-09,3.46667361e-09
8488,42,13309588,0,5769,0,-16,3.46667361e-09,3.46667361e-09
8489,41,13309588,0,5769,0,-13,3.46667361e-09,3.46667361e-09
8490,40,13309588,0,5769,0,26,3.46667361e-09,3.46667361e-09
8491,43,13315357,0,5769,0,12.297692,3.46667361e-09,3.46667361e-09
8492,42,13315357,0,5769,0,-16,3.46667361e-09,3.46667361e-09
8493,41,13315357,0,5769,0,-12,3.46667361e-09,3.46667361e-09
8494,40,13315357,0,5769,0,26,3.46667361e-09,3.46667361e-09
8495,43,13321126,0,5769,0,12.297692,3.46667361e-09,3.46667361e-09
8496,42,13321126,0,5769,0,-16,3.46667361e-09,3.46667361e-09
8497,41,13321126,0,5769,0,-12,3.46667361e-09,3.46667361e-09
8498,40,13321126,0,5769,0,26,3.46667361e-09,3.46667361e-09
8499,43,13326895,0,5769,0,12.297692,3.46667361e-09,3.46667361e-09
8500,42,13326895,0,5769,0,-16,3.46667361e-09,3.46667361e-09
8501,41,13326895,0,5769,0,-13,3.46667361e-09,3.46667361e-09
8502,40,13326895,0,5769,0,25,3.46667361e-09,3.46667361e-09
8503,43,13332664,0,5769,0,12.297692,3.46667361e-09,3.46667361e-09
8504,42,13332664,0,5769,0,-16,3.46667361e-09,3.46667361e-09
8505,41,13332664,0,5769,0,-12,3.46667361e-09,3.46667361e-09
8506,40,13332664,0,5769,0,26,3.46667361e-09,3.46667361e-09
8507,43,13338433,0,5769,0,12.297692,3.46667361e-09,3.46667361e-09
8508,42,13338433,0,5769,0,-16,3.46667361e-09,3.46667361e-09
8509,41,13338433,0,5769,0,-13,3.46667361e-09,3.46667361e-09
8510,40,13338433,0,5769,0,26,3.46667361e-09,3.46667361e-09
8511,43,13344202,0,5769,0,12.297692,3.46667361e-09,3.46667361e-09
8512,42,13344202,0,5769,0,-16,3.46667361e-09,3.46667361e-09
8513,41,13344202,0,5769,0,-12,3.46667361e-09,3.46667361e-09
8514,40,13344202,0,5769,0,26,3.46667361e-09,3.46667361e-09
8515,43,13349971,0,5769,0,12.297692,3.46667361e-09,3.46667361e-09
8516,42,13349971,0,5769,0,-16,3.46667361e-09,3.46667361e-09
8517,41,13349971,0,5769,0,-12,3.46667361e-09,3.46667361e-09
8518,40,13349971,0,5769,0,25,3.46667361e-09,3.46667361e-09
8519,43,13355740,0,5769,0,12.297692,3.46667361e-09,3.46667361e-09
8520,42,13355740,0,5769,0,-16,3.46667361e-09,3.46667361e-09
8521,41,13355740,0,5769,0,-13,3.46667361e-09,3.46667361e-09
8522,40,13355740,0,5769,0,26,3.46667361e-09,3.46667361e-09
8523,43,13361509,0,5769,0,12.297692,3.46667361e-09,3.46667361e-09
8524,42,13361509,0,5769,0,-16,3.46667361e-09,3.46667361e-09
8525,41,13361509,0,5769,0,-12,3.46667361e-09,3.46667361e-09
8526,40,13361509,0,5769,0,26,3.46667361e-09,3.46667361e-09
8527,43,13367278,0,5769,0,12.297692,3.46667361e-09,3.46667361e-09
8528,42,13367278,0,5769,0,-16,3.46667361e-09,3.46667361e-09
8529,41,13367278,0,5769,0,-12,3.46667361e-09,3.46667361e-09
8530,40,13367278,0,5769,0,26,3.46667361e-09,3.46667361e-09
8531,43,13373047,0,5769,0,12.297692,3.46667361e-09,3.46667361e-09
8532,42,13373047,0,5769,0,-16,3.46667361e-09,3.46667361e-09
8533,41,13373047,0,5769,0,-12,3.46667361e-09,3.46667361e-09
8534,40,13373047,0,5769,0,25,3.46667361e-09,3.46667361e-09
8535,43,13378816,0,5769,0,12.297692,3.46667361e-09,3.46667361e-09
8536,42,13378816,0,5769,0,-16,3.46667361e-09,3.46667361e-09
8537,41,13378816,0,5769,0,-13,3.46667361e-09,3.46667361e-09
8538,40,13378816,0,5769,0,26,3.46667361e-09,3.46667361e-09
8539,43,13384585,0,5769,0,12.297692,3.46667361e-09,3.46667361e-09
8540,42,13384585,0,5769,0,-16,3.46667361e-09,3.46667361e-09
8541,41,13384585,0,5769,0,-12,3.46667361e-09,3.46667361e-09
8542,40,13384585,0,5769,0,26,3.46667361e-09,3.46667361e-09
8543,43,13390354,0,5769,0,12.297692,3.46667361e-09,3.46667361e-09
8544,42,13390354,0,5769,0,-15,3.46667361e-09,3.46667361e-09
8545,41,13390354,0,5769,0,-12,3.46667361e-09,3.46667361e-09
8546,40,13390354,0,5769,0,26,3.46667361e-09,3.46667361e-09
8547,43,13396123,0,5769,0,12.297692,3.46667361e-09,3.46667361e-09
8548,42,13396123,0,5769,0,-16,3.46667361e-09,3.46667361e-09
8549,41,13396123,0,5769,0,-12,3.46667361e-09,3.46667361e-09
8550,40,13396123,0,5769,0,26,3.46667361e-09,3.46667361e-09
8551,43,13401892,0,5769,0,12.297692,3.46667361e-09,3.46667361e-09
8552,42,13401892,0,5769,0,-16,3.46667361e-09,3.46667361e-09
8553,41,13401892,0,5769,0,-13,3.46667361e-09,3.46667361e-09
8554,40,13401892,0,5769,0,25,3.46667361e-09,3.46667361e-09
8555,43,13407661,0,5769,0,12.297692,3.46667361e-09,3.46667361e-09
8556,42,13407661,0,5769,0,-16,3.46667361e-09,3.46667361e-09
8557,41,13407661,0,5769,0,-12,3.46667361e-09,3.46667361e-09
8558,40,13407661,0,5769,0,26,3.46667361e-09,3.46667361e-09
8559,43,13413430,0,5769,0,12.297692,3.46667361e-09,3.46667361e-09
8560,42,13413430,0,5769,0,-16,3.46667361e-09,3.46667361e-09
8561,41,13413430,0,5769,0,-12,3.46667361e-09,3.46667361e-09
8562,40,13413430,0,5769,0,26,3.46667361e-09,3.46667361e-09
8563,43,13419199,0,5769,0,12.297692,3.46667361e-09,3.46667361e-09
8564,42,13419199,0,5769,0,-16,3.46667361e-09,3.46667361e-09
8565,41,13419199,0,5769,0,-12,3.46667361e-09,3.46667361e-09
8566,40,13419199,0,5769,0,26,3.46667361e-09,3.46667361e-09
8567,43,13424968,0,5769,0,12.297692,3.46667361e-09,3.46667361e-09
8568,42,13424968,0,5769,0,-15,3.46667361e-09,3.46667361e-09
8569,41,13424968,0,5769,0,-12,3.46667361e-09,3.46667361e-09
8570,40,13424968,0,5769,0,25,3.46667361e-09,3.46667361e-09
8571,43,13430737,0,5769,0,12.297692,3.46667361e-09,3.46667361e-09
8572,42,13430737,0,5769,0,-16,3.46667361e-09,3.46667361e-09
8573,41,13430737,0,5769,0,-12,3.46667361e-09,3.46667361e-09
8574,40,13430737,0,5769,0,26,3.46667361e-09,3.46667361e-09
8575,43,13436506,0,5769,0,12.297692,3.46667361e-09,3.46667361e-09
8576,42,13436506,0,5769,0,-16,3.46667361e-09,3.46667361e-09
8577,41,13436506,0,5769,0,-12,3.46667361e-09,3.46667361e-09
8578,40,13436506,0,5769,0,26,3.46667361e-09,3.46667361e-09
8579,43,13442275,0,5769,0,12.297692,3.46667361e-09,3.46667361e-09
8580,42,13442275,0,5769,0,-16,3.46667361e-09,3.46667361e-09
8581,41,13442275,0,5769,0,-13,3.46667361e-09,3.46667361e-09
8582,40,13442275,0,5769,0,26,3.46667361e-09,3.46667361e-09
8583,43,13448044,0,5769,0,12.297692,3.46667361e-09,3.46667361e-09
8584,42,13448044,0,5769,0,-15,3.46667361e-09,3.46667361e-09
8585,41,13448044,0,5769,0,-12,3.46667361e-09,3.46667361e-09
8586,40,13448044,0,5769,0,26,3.46667361e-09,3.46667361e-09
8587,43,13453813,0,5769,0,12.297692,3.46667361e-09,3.46667361e-09
8588,42,13453813,0,5769,0,-16,3.46667361e-09,3.46667361e-09
8589,41,13453813,0,5769,0,-12,3.46667361e-09,3.46667361e-09
8590,40,13453813,0,5769,0,25,3.46667361e-09,3.46667361e-09
8591,43,13459582,0,5769,0,12.297692,3.46667361e-09,3.46667361e-09
8592,42,13459582,0,5769,0,-16,3.46667361e-09,3.46667361e-09
8593,41,13459582,0,5769,0,-12,3.46667361e-09,3.46667361e-09
8594,40,13459582,0,5769,0,26,3.46667361e-09,3.46667361e-09
8595,43,13465351,0,5769,0,12.297692,3.46667361e-09,3.46667361e-09
8596,42,13465351,0,5769,0,-15,3.46667361e-09,3.46667361e-09
8597,41,13465351,0,5769,0,-12,3.46667361e-09,3.46667361e-09
8598,40,13465351,0,5769,0,26,3.46667361e-09,3.46667361e-09
8599,43,13471120,0,5769,0,12.297692,3.46667361e-09,3.46667361e-09
8600,42,13471120,0,5769,0,-16,3.46667361e-09,3.46667361e-09
8601,41,13471120,0,5769,0,-12,3.46667361e-09,3.46667361e-09
8602,40,13471120,0,5769,0,26,3.46667361e-09,3.46667361e-09
8603,43,13476889,0,5769,0,12.297692,3.46667361e-09,3.46667361e-09
8604,42,13476889,0,5769,0,-16,3.46667361e-09,3.46667361e-09
8605,41,13476889,0,5769,0,-12,3.46667361e-09,3.46667361e-09
8606,40,13476889,0,5769,0,26,3.46667361e-09,3.46667361e-09
8607,43,13482658,0,5769,0,12.297692,3.46667361e-09,3.46667361e-09
8608,42,13482658,0,5769,0,-15,3.46667361e-09,3.46667361e-09
8609,41,13482658,0,5769,0,-12,3.46667361e-09,3.46667361e-09
8610,40,13482658,0,5769,0,25,3.46667361e-09,3.46667361e-09
8611,43,13488427,0,5769,0,12.297692,3.46667361e-09,3.46667361e-09
8612,42,13488427,0,5769,0,-16,3.46667361e-09,3.46667361e-09
8613,41,13488427,0,5769,0,-12,3.46667361e-09,3.46667361e-09
8614,40,13488427,0,5769,0,26,3.46667361e-09,3.46667361e-09
8615,43,13494196,0,5769,0,12.297692,3.46667361e-09,3.46667361e-09
8616,42,13494196,0,5769,0,-16,3.46667361e-09,3.46667361e-09
8617,41,13494196,0,5769,0,-12,3.46667361e-09,3.46667361e-09
8618,40,13494196,0,5769,0,26,3.46667361e-09,3.46667361e-09
8619,43,13499965,0,5769,0,12.297692,3.46667361e-09,3.46667361e-09
8620,42,13499965,0,5769,0,-15,3.46667361e-09,3.46667361e-09
8621,41,13499965,0,5769,0,-12,3.46667361e-09,3.46667361e-09
8622,40,13499965,0,5769,0,26,3.46667361e-09,3.46667361e-09
8623,43,13505734,0,5769,0,12.297692,3.46667361e-09,3.46667361e-09
8624,42,13505734,0,5769,0,-16,3.46667361e-09,3.46667361e-09
8625,41,13505734,0,5769,0,-12,3.46667361e-09,3.46667361e-09
8626,40,13505734,0,5769,0,25,3.46667361e-09,3.46667361e-09
8627,43,13511503,0,5769,0,12.297692,3.46667361e-09,3.46667361e-09
8628,42,13511503,0,5769,0,-15,3.46667361e-09,3.46667361e-09
8629,41,13511503,0,5769,0,-12,3.46667361e-09,3.46667361e-09
8630,40,13511503,0,5769,0,26,3.46667361e-09,3.46667361e-09
8631,43,13517272,0,5769,0,12.297692,3.46667361e-09,3.46667361e-09
8632,42,13517272,0,5769,0,-16,3.46667361e-09,3.46667361e-09
8633,41,13517272,0,5769,0,-11,3.46667361e-09,3.46667361e-09
8634,40,13517272,0,5769,0,26,3.46667361e-09,3.46667361e-09
8635,43,13523041,0,5769,0,12.297692,3.46667361e-09,3.46667361e-09
8636,42,13523041,0,5769,0,-15,3.46667361e-09,3.46667361e-09
8637,41,13523041,0,5769,0,-12,3.46667361e-09,3.46667361e-09
8638,40,13523041,0,5769,0,26,3.46667361e-09,3.46667361e-09
8639,43,13528810,0,5769,0,12.297692,3.46667361e-09,3.46667361e-09
8640,42,13528810,0,5769,0,-16,3.46667361e-09,3.46667361e-09
8641,41,13528810,0,5769,0,-12,3.46667361e-09,3.46667361e-09
8642,40,13528810,0,5769,0,26,3.46667361e-09,3.46667361e-09
8643,43,13534579,0,5769,0,12.297692,3.46667361e-09,3.46667361e-09
8644,42,13534579,0,5769,0,-15,3.46667361e-09,3.46667361e-09
8645,41,13534579,0,5769,0,-12,3.46667361e-09,3.46667361e-09
8646,40,13534579,0,5769,0,25,3.46667361e-09,3.46667361e-09
8647,43,13540348,0,5769,0,12.297692,3.46667361e-09,3.46667361e-09
8648,42,13540348,0,5769,0,-16,3.46667361e-09,3.46667361e-09
8649,41,13540348,0,5769,0,-12,3.46667361e-09,3.46667361e-09
8650,40,13540348,0,5769,0,26,3.46667361e-09,3.46667361e-09
8651,43,13546117,0,5769,0,12.297692,3.46667361e-09,3.46667361e-09
8652,42,13546117,0,5769,0,-15,3.46667361e-09,3.46667361e-09
8653,41,13546117,0,5769,0,-12,3.46667361e-09,3.46667361e-09
8654,40,13546117,0,5769,0,26,3.46667361e-09,3.46667361e-09
8655,43,13551886,0,5769,0,12.297692,3.46667361e-09,3.46667361e-09
8656,42,13551886,0,5769,0,-16,3.46667361e-09,3.46667361e-09
8657,41,13551886,0,5769,0,-12,3.46667361e-09,3.46667361e-09
8658,40,13551886,0,5769,0,26,3.46667361e-09,3.46667361e-09
8659,43,13557655,0,5769,0,12.297692,3.46667206e-09,3.46667206e-09
8660,42,13557655,0,5769,0,-15,3.46667206e-09,3.46667206e-09
8661,41,13557655,0,5769,0,-11,3.46667206e-09,3.46667206e-09
8662,40,13557655,0,5769,0,26,3.46667206e-09,3.46667206e-09
8663,43,13563424,0,5769,0,12.297692,3.46667273e-09,3.46667273e-09
8664,42,13563424,0,5769,0,-16,3.46667273e-09,3.46667273e-09
8665,41,13563424,0,5769,0,-12,3.46667273e-09,3.46667273e-09
8666,40,13563424,0,5769,0,25,3.46667273e-09,3.46667273e-09
8667,43,13569193,0,5769,0,12.297692,3.46667117e-09,3.46667117e-09
8668,42,13569193,0,5769,0,-15,3.46667117e-09,3.46667117e-09
8669,41,13569193,0,5769,0,-12,3.46667117e-09,3.46667117e-09
8670,40,13569193,0,5769,0,26,3.46667117e-09,3.46667117e-09
8671,43,13574962,0,5769,0,12.297692,3.46666540e-09,3.46666540e-09
8672,42,13574962,0,5769,0,-15,3.46666540e-09,3.46666540e-09
8673,41,13574962,0,5769,0,-12,3.46666540e-09,3.46666540e-09
8674,40,13574962,0,5769,0,26,3.46666540e-09,3.46666540e-09
8675,43,13580731,0,5769,0,12.297692,3.46666540e-09,3.46666540e-09
8676,42,13580731,0,5769,0,-16,3.46666540e-09,3.46666540e-09
8677,41,13580731,0,5769,0,-12,3.46666540e-09,3.46666540e-09
8678,40,13580731,0,5769,0,26,3.46666540e-09,3.46666540e-09
8679,43,13586500,0,5769,0,12.297692,3.46666540e-09,3.46666540e-09
8680,42,13586500,0,5769,0,-15,3.46666540e-09,3.46666540e-09
8681,41,13586500,0,5769,0,-11,3.46666540e-09,3.46666540e-09
8682,40,13586500,0,5769,0,26,3.46666540e-09,3.46666540e-09
8683,43,13592269,0,5769,0,12.297692,3.46666540e-09,3.46666540e-09
8684,42,13592269,0,5769,0,-16,3.46666540e-09,3.46666540e-09
8685,41,13592269,0,5769,0,-12,3.46666540e-09,3.46666540e-09
8686,40,13592269,0,5769,0,25,3.46666540e-09,3.46666540e-09
8687,43,13598038,0,5769,0,12.297692,3.46666540e-09,3.46666540e-09
8688,42,13598038,0,5769,0,-15,3.46666540e-09,3.46666540e-09
8689,41,13598038,0,5769,0,-12,3.46666540e-09,3.46666540e-09
8690,40,13598038,0,5769,0,26,3.46666540e-09,3.46666540e-09
8691,43,13603807,0,5769,0,12.297692,3.46666540e-09,3.46666540e-09
8692,42,13603807,0,5769,0,-15,3.46666540e-09,3.46666540e-09
8693,41,13603807,0,5769,0,-11,3.46666540e-09,3.46666540e-09
8694,40,13603807,0,5769,0,26,3.46666540e-09,3.46666540e-09
8695,43,13609576,0,5769,0,12.297692,3.46666540e-09,3.46666540e-09
8696,42,13609576,0,5769,0,-15,3.46666540e-09,3.46666540e-09
8697,41,13609576,0,5769,0,-12,3.46666540e-09,3.46666540e-09
8698,40,13609576,0,5769,0,26,3.46666540e-09,3.46666540e-09
8699,43,13615345,0,5769,0,12.297692,3.46666540e-09,3.46666540e-09
8700,42,13615345,0,5769,0,-16,3.46666540e-09,3.46666540e-09
8701,41,13615345,0,5769,0,-12,3.46666540e-09,3.46666540e-09
8702,40,13615345,0,5769,0,26,3.46666540e-09,3.46666540e-09
8703,43,13621114,0,5769,0,12.297692,3.46666540e-09,3.46666540e-09
8704,42,13621114,0,5769,0,-15,3.46666540e-09,3.46666540e-09
8705,41,13621114,0,5769,0,-11,3.46666540e-09,3.46666540e-09
8706,40,13621114,0,5769,0,25,3.46666540e-09,3.46666540e-09
8707,43,13626883,0,5769,0,12.297692,3.46666629e-09,3.46666629e-09
8708,42,13626883,0,5769,0,-15,3.46666629e-09,3.46666629e-09
8709,41,13626883,0,5769,0,-12,3.46666629e-09,3.46666629e-09
8710,40,13626883,0,5769,0,26,3.46666629e-09,3.46666629e-09
8711,43,13632652,0,5769,0,12.297692,3.46666762e-09,3.46666762e-09
8712,42,13632652,0,5769,0,-15,3.46666762e-09,3.46666762e-09
8713,41,13632652,0,5769,0,-12,3.46666762e-09,3.46666762e-09
8714,40,13632652,0,5769,0,26,3.46666762e-09,3.46666762e-09
8715,43,13638421,0,5769,0,12.297692,3.46666762e-09,3.46666762e-09
8716,42,13638421,0,5769,0,-16,3.46666762e-09,3.46666762e-09
8717,41,13638421,0,5769,0,-11,3.46666762e-09,3.46666762e-09
8718,40,13638421,0,5769,0,26,3.46666762e-09,3.46666762e-09
8719,43,13644190,0,5769,0,12.297692,3.46666762e-09,3.46666762e-09
8720,42,13644190,0,5769,0,-15,3.46666762e-09,3.46666762e-09
8721,41,13644190,0,5769,0,-12,3.46666762e-09,3.46666762e-09
8722,40,13644190,0,5769,0,26,3.46666762e-09,3.46666762e-09
8723,43,13649959,0,5769,0,12.297692,3.46666762e-09,3.46666762e-09
8724,42,13649959,0,5769,0,-15,3.46666762e-09,3.46666762e-09
8725,41,13649959,0,5769,0,-11,3.46666762e-09,3.46666762e-09
8726,40,13649959,0,5769,0,25,3.46666762e-09,3.46666762e-09
8727,43,13655728,0,5769,0,12.297692,3.46666762e-09,3.46666762e-09
8728,42,13655728,0,5769,0,-15,3.46666762e-09,3.46666762e-09
8729,41,13655728,0,5769,0,-12,3.46666762e-09,3.46666762e-09
8730,40,13655728,0,5769,0,26,3.46666762e-09,3.46666762e-09
8731,43,13661497,0,5769,0,12.297692,3.46666673e-09,3.46666673e-09
8732,42,13661497,0,5769,0,-15,3.46666673e-09,3.46666673e-09
8733,41,13661497,0,5769,0,-11,3.46666673e-09,3.46666673e-09
8734,40,13661497,0,5769,0,26,3.46666673e-09,3.46666673e-09
8735,43,13667266,0,5769,0,12.297692,3.46666851e-09,3.46666851e-09
8736,42,13667266,0,5769,0,-15,3.46666851e-09,3.46666851e-09
8737,41,13667266,0,5769,0,-12,3.46666851e-09,3.46666851e-09
8738,40,13667266,0,5769,0,26,3.46666851e-09,3.46666851e-09
8739,43,13673035,0,5769,0,12.297692,3.46666629e-09,3.46666629e-09
8740,42,13673035,0,5769,0,-16,3.46666629e-09,3.46666629e-09
8741,41,13673035,0,5769,0,-11,3.46666629e-09,3.46666629e-09
8742,40,13673035,0,5769,0,26,3.46666629e-09,3.46666629e-09
8743,43,13678804,0,5769,0,12.297692,3.46666740e-09,3.46666740e-09
8744,42,13678804,0,5769,0,-15,3.46666740e-09,3.46666740e-09
8745,41,13678804,0,5769,0,-12,3.46666740e-09,3.46666740e-09
8746,40,13678804,0,5769,0,25,3.46666740e-09,3.46666740e-09
8747,43,13684573,0,5769,0,12.297692,3.46666740e-09,3.46666740e-09
8748,42,13684573,0,5769,0,-15,3.46666740e-09,3.46666740e-09
8749,41,13684573,0,5769,0,-11,3.46666740e-09,3.46666740e-09
8750,40,13684573,0,5769,0,26,3.46666740e-09,3.46666740e-09
8751,43,13690342,0,5769,0,12.297692,3.46666740e-09,3.46666740e-09
8752,42,13690342,0,5769,0,-15,3.46666740e-09,3.46666740e-09
8753,41,13690342,0,5769,0,-12,3.46666740e-09,3.46666740e-09
8754,40,13690342,0,5769,0,26,3.46666740e-09,3.46666740e-09
8755,43,13696111,0,5769,0,12.297692,3.46666740e-09,3.46666740e-09
8756,42,13696111,0,5769,0,-15,3.46666740e-09,3.46666740e-09
8757,41,13696111,0,5769,0,-11,3.46666740e-09,3.46666740e-09
8758,40,13696111,0,5769,0,26,3.46666740e-09,3.46666740e-09
8759,43,13701880,0,5769,0,12.297692,3.46666740e-09,3.46666740e-09
8760,42,13701880,0,5769,0,-15,3.46666740e-09,3.46666740e-09
8761,41,13701880,0,5769,0,-12,3.46666740e-09,3.46666740e-09
8762,40,13701880,0,5769,0,26,3.46666740e-09,3.46666740e-09
8763,43,13707649,0,5769,0,12.297692,3.46666873e-09,3.46666873e-09
8764,42,13707649,0,5769,0,-15,3.46666873e-09,3.46666873e-09
8765,41,13707649,0,5769,0,-11,3.46666873e-09,3.46666873e-09
8766,40,13707649,0,5769,0,25,3.46666873e-09,3.46666873e-09
8767,43,13713418,0,5769,0,12.297692,3.46666540e-09,3.46666540e-09
8768,42,13713418,0,5769,0,-15,3.46666540e-09,3.46666540e-09
8769,41,13713418,0,5769,0,-12,3.46666540e-09,3.46666540e-09
8770,40,13713418,0,5769,0,26,3.46666540e-09,3.46666540e-09
8771,43,13719187,0,5769,0,12.297692,3.46666540e-09,3.46666540e-09
8772,42,13719187,0,5769,0,-15,3.46666540e-09,3.46666540e-09
8773,41,13719187,0,5769,0,-11,3.46666540e-09,3.46666540e-09
8774,40,13719187,0,5769,0,26,3.46666540e-09,3.46666540e-09
8775,43,13724956,0,5769,0,12.297692,3.46666762e-09,3.46666762e-09
8776,42,13724956,0,5769,0,-15,3.46666762e-09,3.46666762e-09
8777,41,13724956,0,5769,0,-11,3.46666762e-09,3.46666762e-09
8778,40,13724956,0,5769,0,26,3.46666762e-09,3.46666762e-09
8779,43,13730725,0,5769,0,12.297692,3.46666762e-09,3.46666762e-09
8780,42,13730725,0,5769,0,-15,3.46666762e-09,3.46666762e-09
8781,41,13730725,0,5769,0,-12,3.46666762e-09,3.46666762e-09
8782,40,13730725,0,5769,0,26,3.46666762e-09,3.46666762e-09
8783,43,13736494,0,5769,0,12.297692,3.46666984e-09,3.46666984e-09
8784,42,13736494,0,5769,0,-15,3.46666984e-09,3.46666984e-09
8785,41,13736494,0,5769,0,-11,3.46666984e-09,3.46666984e-09
8786,40,13736494,0,5769,0,25,3.46666984e-09,3.46666984e-09
8787,43,13742263,0,5769,0,12.297692,3.46666673e-09,3.46666673e-09
8788,42,13742263,0,5769,0,-15,3.46666673e-09,3.46666673e-09
8789,41,13742263,0,5769,0,-11,3.46666673e-09,3.46666673e-09
8790,40,13742263,0,5769,0,26,3.46666673e-09,3.46666673e-09
8791,43,13748032,0,5769,0,12.297692,3.46666673e-09,3.46666673e-09
8792,42,13748032,0,5769,0,-15,3.46666673e-09,3.46666673e-09
8793,41,13748032,0,5769,0,-12,3.46666673e-09,3.46666673e-09
8794,40,13748032,0,5769,0,26,3.46666673e-09,3.46666673e-09
8795,43,13753801,0,5769,0,12.297692,3.46666540e-09,3.46666540e-09
8796,42,13753801,0,5769,0,-14,3.46666540e-09,3.46666540e-09
8797,41,13753801,0,5769,0,-11,3.46666540e-09,3.46666540e-09
8798,40,13753801,0,5769,0,26,3.46666540e-09,3.46666540e-09
8799,43,13759570,0,5769,0,12.297692,3.46666540e-09,3.46666540e-09
8800,42,13759570,0,5769,0,-15,3.46666540e-09,3.46666540e-09
8801,41,13759570,0,5769,0,-11,3.46666540e-09,3.46666540e-09
8802,40,13759570,0,5769,0,26,3.46666540e-09,3.46666540e-09
8803,43,13765339,0,5769,0,12.297692,3.46666540e-09,3.46666540e-09
8804,42,13765339,0,5769,0,-15,3.46666540e-09,3.46666540e-09
8805,41,13765339,0,5769,0,-12,3.46666540e-09,3.46666540e-09
8806,40,13765339,0,5769,0,26,3.46666540e-09,3.46666540e-09
8807,43,13771108,0,5769,0,12.297692,3.46666540e-09,3.46666540e-09
8808,42,13771108,0,5769,0,-15,3.46666540e-09,3.46666540e-09
8809,41,13771108,0,5769,0,-11,3.46666540e-09,3.46666540e-09
8810,40,13771108,0,5769,0,25,3.46666540e-09,3.46666540e-09
8811,43,13776877,0,5769,0,12.297692,3.46666540e-09,3.46666540e-09
8812,42,13776877,0,5769,0,-15,3.46666540e-09,3.46666540e-09
8813,41,13776877,0,5769,0,-11,3.46666540e-09,3.46666540e-09
8814,40,13776877,0,5769,0,26,3.46666540e-09,3.46666540e-09
8815,43,13782646,0,5769,0,12.297692,3.46666540e-09,3.46666540e-09
8816,42,13782646,0,5769,0,-15,3.46666540e-09,3.46666540e-09
8817,41,13782646,0,5769,0,-11,3.46666540e-09,3.46666540e-09
8818,40,13782646,0,5769,0,26,3.46666540e-09,3.46666540e-09
8819,43,13788415,0,5769,0,12.297692,3.46666540e-09,3.46666540e-09
8820,42,13788415,0,5769,0,-14,3.46666540e-09,3.46666540e-09
8821,41,13788415,0,5769,0,-12,3.46666540e-09,3.46666540e-09
8822,40,13788415,0,5769,0,26,3.46666540e-09,3.46666540e-09
8823,43,13794184,0,5769,0,12.297692,3.46666718e-09,3.46666718e-09
8824,42,13794184,0,5769,0,-15,3.46666718e-09,3.46666718e-09
8825,41,13794184,0,5769,0,-11,3.46666718e-09,3.46666718e-09
8826,40,13794184,0,5769,0,26,3.46666718e-09,3.46666718e-09
8827,43,13799953,0,5769,0,12.297692,3.46666629e-09,3.46666629e-09
8828,42,13799953,0,5769,0,-15,3.46666629e-09,3.46666629e-09
8829,41,13799953,0,5769,0,-11,3.46666629e-09,3.46666629e-09
8830,40,13799953,0,5769,0,25,3.46666629e-09,3.46666629e-09
8831,43,13805722,0,5769,0,12.297692,3.46666784e-09,3.46666784e-09
8832,42,13805722,0,5769,0,-15,3.46666784e-09,3.46666784e-09
8833,41,13805722,0,5769,0,-11,3.46666784e-09,3.46666784e-09
8834,40,13805722,0,5769,0,26,3.46666784e-09,3.46666784e-09
8835,43,13811491,0,5769,0,12.297692,3.46667361e-09,3.46667361e-09
8836,42,13811491,0,5769,0,-14,3.46667361e-09,3.46667361e-09
8837,41,13811491,0,5769,0,-11,3.46667361e-09,3.46667361e-09
8838,40,13811491,0,5769,0,26,3.46667361e-09,3.46667361e-09
8839,43,13817260,0,5769,0,12.297692,3.46667361e-09,3.46667361e-09
8840,42,13817260,0,5769,0,-15,3.46667361e-09,3.46667361e-09
8841,41,13817260,0,5769,0,-11,3.46667361e-09,3.46667361e-09
8842,40,13817260,0,5769,0,26,3.46667361e-09,3.46667361e-09
8843,43,13823029,0,5769,0,12.297692,3.46667361e-09,3.46667361e-09
8844,42,13823029,0,5769,0,-15,3.46667361e-09,3.46667361e-09
8845,41,13823029,0,5769,0,-11,3.46667361e-09,3.46667361e-09
8846,40,13823029,0,5769,0,26,3.46667361e-09,3.46667361e-09
8847,43,13828798,0,5769,0,12.297692,3.46667361e-09,3.46667361e-09
8848,42,13828798,0,5769,0,-14,3.46667361e-09,3.46667361e-09
8849,41,13828798,0,5769,0,-12,3.46667361e-09,3.46667361e-09
8850,40,13828798,0,5769,0,25,3.46667361e-09,3.46667361e-09
8851,43,13834567,0,5769,0,12.297692,3.46667361e-09,3.46667361e-09
8852,42,13834567,0,5769,0,-15,3.46667361e-09,3.46667361e-09
8853,41,13834567,0,5769,0,-11,3.46667361e-09,3.46667361e-09
8854,40,13834567,0,5769,0,26,3.46667361e-09,3.46667361e-09
8855,43,13840336,0,5769,0,12.297692,3.46667361e-09,3.46667361e-09
8856,42,13840336,0,5769,0,-15,3.46667361e-09,3.46667361e-09
8857,41,13840336,0,5769,0,-11,3.46667361e-09,3.46667361e-09
8858,40,13840336,0,5769,0,26,3.46667361e-09,3.46667361e-09
8859,43,13846105,0,5769,0,12.297692,3.46667361e-09,3.46667361e-09
8860,42,13846105,0,5769,0,-14,3.46667361e-09,3.46667361e-09
8861,41,13846105,0,5769,0,-11,3.46667361e-09,3.46667361e-09
8862,40,13846105,0,5769,0,26,3.46667361e-09,3.46667361e-09
8863,43,13851874,0,5769,0,12.297692,3.46667361e-09,3.46667361e-09
8864,42,13851874,0,5769,0,-15,3.46667361e-09,3.46667361e-09
8865,41,13851874,0,5769,0,-11,3.46667361e-09,3.46667361e-09
8866,40,13851874,0,5769,0,26,3.46667361e-09,3.46667361e-09
8867,43,13857643,0,5769,0,12.297692,3.46667361e-09,3.46667361e-09
8868,42,13857643,0,5769,0,-14,3.46667361e-09,3.46667361e-09
8869,41,13857643,0,5769,0,-11,3.46667361e-09,3.46667361e-09
8870,40,13857643,0,5769,0,26,3.46667361e-09,3.46667361e-09
8871,43,13863412,0,5769,0,12.297692,3.46667361e-09,3.46667361e-09
8872,42,13863412,0,5769,0,-15,3.46667361e-09,3.46667361e-09
8873,41,13863412,0,5769,0,-11,3.46667361e-09,3.46667361e-09
8874,40,13863412,0,5769,0,25,3.46667361e-09,3.46667361e-09
8875,43,13869181,0,5769,0,12.297692,3.46667361e-09,3.46667361e-09
8876,42,13869181,0,5769,0,-15,3.46667361e-09,3.46667361e-09
8877,41,13869181,0,5769,0,-11,3.46667361e-09,3.46667361e-09
8878,40,13869181,0,5769,0,26,3.46667361e-09,3.46667361e-09
8879,43,13874950,0,5769,0,12.297692,3.46667361e-09,3.46667361e-09
8880,42,13874950,0,5769,0,-14,3.46667361e-09,3.46667361e-09
8881,41,13874950,0,5769,0,-11,3.46667361e-09,3.46667361e-09
8882,40,13874950,0,5769,0,26,3.46667361e-09,3.46667361e-09
8883,43,13880719,0,5769,0,12.297692,3.46667361e-09,3.46667361e-09
8884,42,13880719,0,5769,0,-15,3.46667361e-09,3.46667361e-09
8885,41,13880719,0,5769,0,-11,3.46667361e-09,3.46667361e-09
8886,40,13880719,0,5769,0,26,3.46667361e-09,3.46667361e-09
8887,43,13886488,0,5769,0,12.297692,3.46667361e-09,3.46667361e-09
8888,42,13886488,0,5769,0,-14,3.46667361e-09,3.46667361e-09
8889,41,13886488,0,5769,0,-11,3.46667361e-09,3.46667361e-09
8890,40,13886488,0,5769,0,26,3.46667361e-09,3.46667361e-09
8891,43,13892257,0,5769,0,12.297692,3.46667361e-09,3.46667361e-09
8892,42,13892257,0,5769,0,-15,3.46667361e-09,3.46667361e-09
8893,41,13892257,0,5769,0,-11,3.46667361e-09,3.46667361e-09
8894,40,13892257,0,5769,0,26,3.46667361e-09,3.46667361e-09
8895,43,13898026,0,5769,0,12.297692,3.46667361e-09,3.46667361e-09
8896,42,13898026,0,5769,0,-14,3.46667361e-09,3.46667361e-09
8897,41,13898026,0,5769,0,-11,3.46667361e-09,3.46667361e-09
8898,40,13898026,0,5769,0,25,3.46667361e-09,3.46667361e-09
8899,43,13903795,0,5769,0,12.297692,3.46667361e-09,3.46667361e-09
8900,42,13903795,0,5769,0,-15,3.46667361e-09,3.46667361e-09
8901,41,13903795,0,5769,0,-11,3.46667361e-09,3.46667361e-09
8902,40,13903795,0,5769,0,26,3.46667361e-09,3.46667361e-09
8903,43,13909564,0,5769,0,12.297692,3.46667361e-09,3.46667361e-09
8904,42,13909564,0,5769,0,-14,3.46667361e-09,3.46667361e-09
8905,41,13909564,0,5769,0,-10,3.46667361e-09,3.46667361e-09
8906,40,13909564,0,5769,0,26,3.46667361e-09,3.46667361e-09
8907,43,13915333,0,5769,0,12.297692,3.46667361e-09,3.46667361e-09
8908,42,13915333,0,5769,0,-14,3.46667361e-09,3.46667361e-09
8909,41,13915333,0,5769,0,-11,3.46667361e-09,3.46667361e-09
8910,40,13915333,0,5769,0,26,3.46667361e-09,3.46667361e-09
8911,43,13921102,0,5769,0,12.297692,3.46667361e-09,3.46667361e-09
8912,42,13921102,0,5769,0,-15,3.46667361e-09,3.46667361e-09
8913,41,13921102,0,5769,0,-11,3.46667361e-09,3.46667361e-09
8914,40,13921102,0,5769,0,26,3.46667361e-09,3.46667361e-09
8915,43,13926871,0,5769,0,12.297692,3.46667361e-09,3.46667361e-09
8916,42,13926871,0,5769,0,-14,3.46667361e-09,3.46667361e-09
8917,41,13926871,0,5769,0,-11,3.46667361e-09,3.46667361e-09
8918,40,13926871,0,5769,0,25,3.46667361e-09,3.46667361e-09
8919,43,13932640,0,5769,0,12.297692,3.46667361e-09,3.46667361e-09
8920,42,13932640,0,5769,0,-14,3.46667361e-09,3.46667361e-09
8921,41,13932640,0,5769,0,-11,3.46667361e-09,3.46667361e-09
8922,40,13932640,0,5769,0,26,3.46667361e-09,3.46667361e-09
8923,43,13938409,0,5769,0,12.297692,3.46667361e-09,3.46667361e-09
8924,42,13938409,0,5769,0,-15,3.46667361e-09,3.46667361e-09
8925,41,13938409,0,5769,0,-11,3.46667361e-09,3.46667361e-09
8926,40,13938409,0,5769,0,26,3.46667361e-09,3.46667361e-09
8927,43,13944178,0,5769,0,12.297692,3.46667361e-09,3.46667361e-09
8928,42,13944178,0,5769,0,-14,3.46667361e-09,3.46667361e-09
8929,41,13944178,0,5769,0,-10,3.46667361e-09,3.46667361e-09
8930,40,13944178,0,5769,0,26,3.46667361e-09,3.46667361e-09
8931,43,13949947,0,5769,0,12.297692,3.46667361e-09,3.46667361e-09
8932,42,13949947,0,5769,0,-14,3.46667361e-09,3.46667361e-09
8933,41,13949947,0,5769,0,-11,3.46667361e-09,3.46667361e-09
8934,40,13949947,0,5769,0,26,3.46667361e-09,3.46667361e-09
8935,43,13955716,0,5769,0,12.297692,3.46667361e-09,3.46667361e-09
8936,42,13955716,0,5769,0,-15,3.46667361e-09,3.46667361e-09
8937,41,13955716,0,5769,0,-11,3.46667361e-09,3.46667361e-09
8938,40,13955716,0,5769,0,26,3.46667361e-09,3.46667361e-09
8939,43,13961485,0,5769,0,12.297692,3.46667361e-09,3.46667361e-09
8940,42,13961485,0,5769,0,-14,3.46667361e-09,3.46667361e-09
8941,41,13961485,0,5769,0,-11,3.46667361e-09,3.46667361e-09
8942,40,13961485,0,5769,0,25,3.46667361e-09,3.46667361e-09
8943,43,13967254,0,5769,0,12.297692,3.46667361e-09,3.46667361e-09
8944,42,13967254,0,5769,0,-14,3.46667361e-09,3.46667361e-09
8945,41,13967254,0,5769,0,-10,3.46667361e-09,3.46667361e-09
8946,40,13967254,0,5769,0,26,3.46667361e-09,3.46667361e-09
8947,43,13973023,0,5769,0,12.297692,3.46667361e-09,3.46667361e-09
8948,42,13973023,0,5769,0,-15,3.46667361e-09,3.46667361e-09
8949,41,13973023,0,5769,0,-11,3.46667361e-09,3.46667361e-09
8950,40,13973023,0,5769,0,26,3.46667361e-09,3.46667361e-09
8951,43,13978792,0,5769,0,12.297692,3.46667361e-09,3.46667361e-09
8952,42,13978792,0,5769,0,-14,3.46667361e-09,3.46667361e-09
8953,41,13978792,0,5769,0,-11,3.46667361e-09,3.46667361e-09
8954,40,13978792,0,5769,0,26,3.46667361e-09,3.46667361e-09
8955,43,13984561,0,5769,0,12.297692,3.46667361e-09,3.46667361e-09
8956,42,13984561,0,5769,0,-14,3.46667361e-09,3.46667361e-09
8957,41,13984561,0,5769,0,-11,3.46667361e-09,3.46667361e-09
8958,40,13984561,0,5769,0,26,3.46667361e-09,3.46667361e-09
8959,43,13990330,0,5769,0,12.297692,3.46667361e-09,3.46667361e-09
8960,42,13990330,0,5769,0,-14,3.46667361e-09,3.46667361e-09
8961,41,13990330,0,5769,0,-10,3.46667361e-09,3.46667361e-09
8962,40,13990330,0,5769,0,26,3.46667361e-09,3.46667361e-09
8963,43,13996099,0,5769,0,12.297692,3.46667361e-09,3.46667361e-09
8964,42,13996099,0,5769,0,-14,3.46667361e-09,3.46667361e-09
8965,41,13996099,0,5769,0,-11,3.46667361e-09,3.46667361e-09
8966,40,13996099,0,5769,0,25,3.46667361e-09,3.46667361e-09
8967,43,14001868,0,5769,0,12.297692,3.46667361e-09,3.46667361e-09
8968,42,14001868,0,5769,0,-14,3.46667361e-09,3.46667361e-09
8969,41,14001868,0,5769,0,-10,3.46667361e-09,3.46667361e-09
8970,40,14001868,0,5769,0,26,3.46667361e-09,3.46667361e-09
8971,43,14007637,0,5769,0,12.297692,3.46667361e-09,3.46667361e-09
8972,42,14007637,0,5769,0,-15,3.46667361e-09,3.46667361e-09
8973,41,14007637,0,5769,0,-11,3.46667361e-09,3.46667361e-09
8974,40,14007637,0,5769,0,26,3.46667361e-09,3.46667361e-09
8975,43,14013406,0,5769,0,12.297692,3.46667361e-09,3.46667361e-09
8976,42,14013406,0,5769,0,-14,3.46667361e-09,3.46667361e-09
8977,41,14013406,0,5769,0,-11,3.46667361e-09,3.46667361e-09
8978,40,14013406,0,5769,0,26,3.46667361e-09,3.46667361e-09
8979,43,14019175,0,5769,0,12.297692,3.46667361e-09,3.46667361e-09
8980,42,14019175,0,5769,0,-14,3.46667361e-09,3.46667361e-09
8981,41,14019175,0,5769,0,-10,3.46667361e-09,3.46667361e-09
8982,40,14019175,0,5769,0,26,3.46667361e-09,3.46667361e-09
8983,43,14024944,0,5769,0,12.297692,3.46667361e-09,3.46667361e-09
8984,42,14024944,0,5769,0,-14,3.46667361e-09,3.46667361e-09
8985,41,14024944,0,5769,0,-11,3.46667361e-09,3.46667361e-09
8986,40,14024944,0,5769,0,26,3.46667361e-09,3.46667361e-09
8987,43,14030713,0,5769,0,12.297692,3.46667361e-09,3.46667361e-09
8988,42,14030713,0,5769,0,-14,3.46667361e-09,3.46667361e-09
8989,41,14030713,0,5769,0,-10,3.46667361e-09,3.46667361e-09
8990,40,14030713,0,5769,0,25,3.46667361e-09,3.46667361e-09
8991,43,14036482,0,5769,0,12.297692,3.46667361e-09,3.46667361e-09
8992,42,14036482,0,5769,0,-14,3.46667361e-09,3.46667361e-09
8993,41,14036482,0,5769,0,-11,3.46667361e-09,3.46667361e-09
8994,40,14036482,0,5769,0,26,3.46667361e-09,3.46667361e-09
8995,43,14042251,0,5769,0,12.297692,3.46667361e-09,3.46667361e-09
8996,42,14042251,0,5769,0,-14,3.46667361e-09,3.46667361e-09
8997,41,14042251,0,5769,0,-10,3.46667361e-09,3.46667361e-09
8998,40,14042251,0,5769,0,26,3.46667361e-09,3.46667361e-09
8999,43,14048020,0,5769,0,12.297692,3.46667361e-09,3.46667361e-09
9000,42,14048020,0,5769,0,-14,3.46667361e-09,3.46667361e-09
9001,41,14048020,0,5769,0,-11,3.46667361e-09,3.46667361e-09
9002,40,14048020,0,5769,0,26,3.46667361e-09,3.46667361e-09
9003,43,14053789,0,5769,0,12.297692,3.46667361e-09,3.46667361e-09
9004,42,14053789,0,5769,0,-14,3.46667361e-09,3.46667361e-09
9005,41,14053789,0,5769,0,-10,3.46667361e-09,3.46667361e-09
9006,40,14053789,0,5769,0,26,3.46667361e-09,3.46667361e-09
9007,43,14059558,0,5769,0,12.297692,3.46667361e-09,3.46667361e-09
9008,42,14059558,0,5769,0,-14,3.46667361e-09,3.46667361e-09
9009,41,14059558,0,5769,0,-11,3.46667361e-09,3.46667361e-09
9010,40,14059558,0,5769,0,26,3.46667361e-09,3.46667361e-09
9011,43,14065327,0,5769,0,12.297692,3.46667361e-09,3.46667361e-09
9012,42,14065327,0,5769,0,-14,3.46667361e-09,3.46667361e-09
9013,41,14065327,0,5769,0,-10,3.46667361e-09,3.46667361e-09
9014,40,14065327,0,5769,0,25,3.46667361e-09,3.46667361e-09
9015,43,14071096,0,5769,0,12.297692,3.46667361e-09,3.46667361e-09
9016,42,14071096,0,5769,0,-14,3.46667361e-09,3.46667361e-09
9017,41,14071096,0,5769,0,-11,3.46667361e-09,3.46667361e-09
9018,40,14071096,0,5769,0,26,3.46667361e-09,3.46667361e-09
9019,43,14076865,0,5769,0,12.297692,3.46667361e-09,3.46667361e-09
9020,42,14076865,0,5769,0,-14,3.46667361e-09,3.46667361e-09
9021,41,14076865,0,5769,0,-10,3.46667361e-09,3.46667361e-09
9022,40,14076865,0,5769,0,26,3.46667361e-09,3.46667361e-09
9023,43,14082634,0,5769,0,12.297692,3.46667361e-09,3.46667361e-09
9024,42,14082634,0,5769,0,-14,3.46667361e-09,3.46667361e-09
9025,41,14082634,0,5769,0,-11,3.46667361e-09,3.46667361e-09
9026,40,14082634,0,5769,0,26,3.46667361e-09,3.46667361e-09
9027,43,14088403,0,5769,0,12.297692,3.46667361e-09,3.46667361e-09
9028,42,14088403,0,5769,0,-14,3.46667361e-09,3.46667361e-09
9029,41,14088403,0,5769,0,-10,3.46667361e-09,3.46667361e-09
9030,40,14088403,0,5769,0,26,3.46667361e-09,3.46667361e-09
9031,43,14094172,0,5769,0,12.297692,3.46667361e-09,3.46667361e-09
9032,42,14094172,0,5769,0,-13,3.46667361e-09,3.46667361e-09
9033,41,14094172,0,5769,0,-11,3.46667361e-09,3.46667361e-09
9034,40,14094172,0,5769,0,26,3.46667361e-09,3.46667361e-09
9035,43,14099941,0,5769,0,12.297692,3.46667361e-09,3.46667361e-09
9036,42,14099941,0,5769,0,-14,3.46667361e-09,3.46667361e-09
9037,41,14099941,0,5769,0,-10,3.46667361e-09,3.46667361e-09
9038,40,14099941,0,5769,0,25,3.46667361e-09,3.46667361e-09
9039,43,14105710,0,5769,0,12.297692,3.46667361e-09,3.46667361e-09
9040,42,14105710,0,5769,0,-14,3.46667361e-09,3.46667361e-09
9041,41,14105710,0,5769,0,-10,3.46667361e-09,3.46667361e-09
9042,40,14105710,0,5769,0,26,3.46667361e-09,3.46667361e-09
9043,43,14111479,0,5769,0,12.297692,3.46667361e-09,3.46667361e-09
9044,42,14111479,0,5769,0,-14,3.46667361e-09,3.46667361e-09
9045,41,14111479,0,5769,0,-11,3.46667361e-09,3.46667361e-09
9046,40,14111479,0,5769,0,26,3.46667361e-09,3.46667361e-09
9047,43,14117248,0,5769,0,12.297692,3.46667361e-09,3.46667361e-09
9048,42,14117248,0,5769,0,-14,3.46667361e-09,3.46667361e-09
9049,41,14117248,0,5769,0,-10,3.46667361e-09,3.46667361e-09
9050,40,14117248,0,5769,0,26,3.46667361e-09,3.46667361e-09
9051,43,14123017,0,5769,0,12.297692,3.46667361e-09,3.46667361e-09
9052,42,14123017,0,5769,0,-13,3.46667361e-09,3.46667361e-09
9053,41,14123017,0,5769,0,-10,3.46667361e-09,3.46667361e-09
9054,40,14123017,0,5769,0,26,3.46667361e-09,3.46667361e-09
9055,43,14128786,0,5769,0,12.297692,3.46667361e-09,3.46667361e-09
9056,42,14128786,0,5769,0,-14,3.46667361e-09,3.46667361e-09
9057,41,14128786,0,5769,0,-10,3.46667361e-09,3.46667361e-09
9058,40,14128786,0,5769,0,26,3.46667361e-09,3.46667361e-09
9059,43,14134555,0,5769,0,12.297692,3.46667361e-09,3.46667361e-09
9060,42,14134555,0,5769,0,-14,3.46667361e-09,3.46667361e-09
9061,41,14134555,0,5769,0,-11,3.46667361e-09,3.46667361e-09
9062,40,14134555,0,5769,0,25,3.46667361e-09,3.46667361e-09
9063,43,14140324,0,5769,0,12.297692,3.46667361e-09,3.46667361e-09
9064,42,14140324,0,5769,0,-14,3.46667361e-09,3.46667361e-09
9065,41,14140324,0,5769,0,-10,3.46667361e-09,3.46667361e-09
9066,40,14140324,0,5769,0,26,3.46667361e-09,3.46667361e-09
9067,43,14146093,0,5769,0,12.297692,3.46667361e-09,3.46667361e-09
9068,42,14146093,0,5769,0,-13,3.46667361e-09,3.46667361e-09
9069,41,14146093,0,5769,0,-10,3.46667361e-09,3.46667361e-09
9070,40,14146093,0,5769,0,26,3.46667361e-09,3.46667361e-09
9071,43,14151862,0,5769,0,12.297692,3.46667361e-09,3.46667361e-09
9072,42,14151862,0,5769,0,-14,3.46667361e-09,3.46667361e-09
9073,41,14151862,0,5769,0,-10,3.46667361e-09,3.46667361e-09
9074,40,14151862,0,5769,0,26,3.46667361e-09,3.46667361e-09
9075,43,14157631,0,5769,0,12.297692,3.46667361e-09,3.46667361e-09
9076,42,14157631,0,5769,0,-14,3.46667361e-09,3.46667361e-09
9077,41,14157631,0,5769,0,-11,3.46667361e-09,3.46667361e-09
9078,40,14157631,0,5769,0,26,3.46667361e-09,3.46667361e-09
9079,43,14163400,0,5769,0,12.297692,3.46667361e-09,3.46667361e-09
9080,42,14163400,0,5769,0,-13,3.46667361e-09,3.46667361e-09
9081,41,14163400,0,5769,0,-10,3.46667361e-09,3.46667361e-09
9082,40,14163400,0,5769,0,26,3.46667361e-09,3.46667361e-09
9083,43,14169169,0,5769,0,12.297692,3.46667273e-09,3.46667273e-09
9084,42,14169169,0,5769,0,-14,3.46667273e-09,3.46667273e-09
9085,41,14169169,0,5769,0,-10,3.46667273e-09,3.46667273e-09
9086,40,14169169,0,5769,0,26,3.46667273e-09,3.46667273e-09
9087,43,14174938,0,5769,0,12.297692,3.46667206e-09,3.46667206e-09
9088,42,14174938,0,5769,0,-13,3.46667206e-09,3.46667206e-09
9089,41,14174938,0,5769,0,-10,3.46667206e-09,3.46667206e-09
9090,40,14174938,0,5769,0,25,3.46667206e-09,3.46667206e-09
9091,43,14180707,0,5769,0,12.297692,3.46665252e-09,3.46665252e-09
9092,42,14180707,0,5769,0,-14,3.46665252e-09,3.46665252e-09
9093,41,14180707,0,5769,0,-10,3.46665252e-09,3.46665252e-09
9094,40,14180707,0,5769,0,26,3.46665252e-09,3.46665252e-09
9095,43,14186476,0,5769,0,12.297692,3.46665252e-09,3.46665252e-09
9096,42,14186476,0,5769,0,-14,3.46665252e-09,3.46665252e-09
9097,41,14186476,0,5769,0,-10,3.46665252e-09,3.46665252e-09
9098,40,14186476,0,5769,0,26,3.46665252e-09,3.46665252e-09
9099,43,14192245,0,5769,0,12.297692,3.46665252e-09,3.46665252e-09
9100,42,14192245,0,5769,0,-13,3.46665252e-09,3.46665252e-09
9101,41,14192245,0,5769,0,-11,3.46665252e-09,3.46665252e-09
9102,40,14192245,0,5769,0,26,3.46665252e-09,3.46665252e-09
9103,43,14198014,0,5769,0,12.297692,3.46665252e-09,3.46665252e-09
9104,42,14198014,0,5769,0,-14,3.46665252e-09,3.46665252e-09
9105,41,14198014,0,5769,0,-10,3.46665252e-09,3.46665252e-09
9106,40,14198014,0,5769,0,26,3.46665252e-09,3.46665252e-09
9107,43,14203783,0,5769,0,12.297692,3.46665252e-09,3.46665252e-09
9108,42,14203783,0,5769,0,-13,3.46665252e-09,3.46665252e-09
9109,41,14203783,0,5769,0,-10,3.46665252e-09,3.46665252e-09
9110,40,14203783,0,5769,0,26,3.46665252e-09,3.46665252e-09
9111,43,14209552,0,5769,0,12.297692,3.46665252e-09,3.46665252e-09
9112,42,14209552,0,5769,0,-14,3.46665252e-09,3.46665252e-09
9113,41,14209552,0,5769,0,-10,3.46665252e-09,3.46665252e-09
9114,40,14209552,0,5769,0,25,3.46665252e-09,3.46665252e-09
9115,43,14215321,0,5769,0,12.297692,3.46665252e-09,3.46665252e-09
9116,42,14215321,0,5769,0,-13,3.46665252e-09,3.46665252e-09
9117,41,14215321,0,5769,0,-10,3.46665252e-09,3.46665252e-09
9118,40,14215321,0,5769,0,26,3.46665252e-09,3.46665252e-09
9119,43,14221090,0,5769,0,12.297692,3.46665252e-09,3.46665252e-09
9120,42,14221090,0,5769,0,-14,3.46665252e-09,3.46665252e-09
9121,41,14221090,0,5769,0,-10,3.46665252e-09,3.46665252e-09
9122,40,14221090,0,5769,0,26,3.46665252e-09,3.46665252e-09
9123,43,14226859,0,5769,0,12.297692,3.46665252e-09,3.46665252e-09
9124,42,14226859,0,5769,0,-13,3.46665252e-09,3.46665252e-09
9125,41,14226859,0,5769,0,-10,3.46665252e-09,3.46665252e-09
9126,40,14226859,0,5769,0,26,3.46665252e-09,3.46665252e-09
9127,43,14232628,0,5769,0,12.297692,3.46665252e-09,3.46665252e-09
9128,42,14232628,0,5769,0,-14,3.46665252e-09,3.46665252e-09
9129,41,14232628,0,5769,0,-10,3.46665252e-09,3.46665252e-09
9130,40,14232628,0,5769,0,26,3.46665252e-09,3.46665252e-09
9131,43,14238397,0,5769,0,12.297692,3.46665252e-09,3.46665252e-09
9132,42,14238397,0,5769,0,-13,3.46665252e-09,3.46665252e-09
9133,41,14238397,0,5769,0,-10,3.46665252e-09,3.46665252e-09
9134,40,14238397,0,5769,0,26,3.46665252e-09,3.46665252e-09
9135,43,14244166,0,5769,0,12.297692,3.46665252e-09,3.46665252e-09
9136,42,14244166,0,5769,0,-13,3.46665252e-09,3.46665252e-09
9137,41,14244166,0,5769,0,-10,3.46665252e-09,3.46665252e-09
9138,40,14244166,0,5769,0,26,3.46665252e-09,3.46665252e-09
9139,43,14249935,0,5769,0,12.297692,3.46665252e-09,3.46665252e-09
9140,42,14249935,0,5769,0,-14,3.46665252e-09,3.46665252e-09
9141,41,14249935,0,5769,0,-10,3.46665252e-09,3.46665252e-09
9142,40,14249935,0,5769,0,25,3.46665252e-09,3.46665252e-09
9143,43,14255704,0,5769,0,12.297692,3.46665252e-09,3.46665252e-09
9144,42,14255704,0,5769,0,-13,3.46665252e-09,3.46665252e-09
9145,41,14255704,0,5769,0,-10,3.46665252e-09,3.46665252e-09
9146,40,14255704,0,5769,0,26,3.46665252e-09,3.46665252e-09
9147,43,14261473,0,5769,0,12.297692,3.46665252e-09,3.46665252e-09
9148,42,14261473,0,5769,0,-13,3.46665252e-09,3.46665252e-09
9149,41,14261473,0,5769,0,-10,3.46665252e-09,3.46665252e-09
9150,40,14261473,0,5769,0,26,3.46665252e-09,3.46665252e-09
9151,43,14267242,0,5769,0,12.297692,3.46665252e-09,3.46665252e-09
9152,42,14267242,0,5769,0,-14,3.46665252e-09,3.46665252e-09
9153,41,14267242,0,5769,0,-10,3.46665252e-09,3.46665252e-09
9154,40,14267242,0,5769,0,26,3.46665252e-09,3.46665252e-09
9155,43,14273011,0,5769,0,12.297692,3.46665252e-09,3.46665252e-09
9156,42,14273011,0,5769,0,-13,3.46665252e-09,3.46665252e-09
9157,41,14273011,0,5769,0,-9,3.46665252e-09,3.46665252e-09
9158,40,14273011,0,5769,0,26,3.46665252e-09,3.46665252e-09
9159,43,14278780,0,5769,0,12.297692,3.46665252e-09,3.46665252e-09
9160,42,14278780,0,5769,0,-13,3.46665252e-09,3.46665252e-09
9161,41,14278780,0,5769,0,-10,3.46665252e-09,3.46665252e-09
9162,40,14278780,0,5769,0,26,3.46665252e-09,3.46665252e-09
9163,43,14284549,0,5769,0,12.297692,3.46665252e-09,3.46665252e-09
9164,42,14284549,0,5769,0,-13,3.46665252e-09,3.46665252e-09
9165,41,14284549,0,5769,0,-10,3.46665252e-09,3.46665252e-09
9166,40,14284549,0,5769,0,26,3.46665252e-09,3.46665252e-09
9167,43,14290318,0,5769,0,12.297692,3.46665252e-09,3.46665252e-09
9168,42,14290318,0,5769,0,-14,3.46665252e-09,3.46665252e-09
9169,41,14290318,0,5769,0,-10,3.46665252e-09,3.46665252e-09
9170,40,14290318,0,5769,0,25,3.46665252e-09,3.46665252e-09
9171,43,14296087,0,5769,0,12.297692,3.46665252e-09,3.46665252e-09
9172,42,14296087,0,5769,0,-13,3.46665252e-09,3.46665252e-09
9173,41,14296087,0,5769,0,-10,3.46665252e-09,3.46665252e-09
9174,40,14296087,0,5769,0,26,3.46665252e-09,3.46665252e-09
9175,43,14301856,0,5769,0,12.297692,3.46665252e-09,3.46665252e-09
9176,42,14301856,0,5769,0,-13,3.46665252e-09,3.46665252e-09
9177,41,14301856,0,5769,0,-10,3.46665252e-09,3.46665252e-09
9178,40,14301856,0,5769,0,26,3.46665252e-09,3.46665252e-09
9179,43,14307625,0,5769,0,12.297692,3.46665252e-09,3.46665252e-09
9180,42,14307625,0,5769,0,-13,3.46665252e-09,3.46665252e-09
9181,41,14307625,0,5769,0,-9,3.46665252e-09,3.46665252e-09
9182,40,14307625,0,5769,0,26,3.46665252e-09,3.46665252e-09
9183,43,14313394,0,5769,0,12.297692,3.46665252e-09,3.46665252e-09
9184,42,14313394,0,5769,0,-13,3.46665252e-09,3.46665252e-09
9185,41,14313394,0,5769,0,-10,3.46665252e-09,3.46665252e-09
9186,40,14313394,0,5769,0,26,3.46665252e-09,3.46665252e-09
9187,43,14319163,0,5769,0,12.297692,3.46665541e-09,3.46665541e-09
9188,42,14319163,0,5769,0,-13,3.46665541e-09,3.46665541e-09
9189,41,14319163,0,5769,0,-10,3.46665541e-09,3.46665541e-09
9190,40,14319163,0,5769,0,26,3.46665541e-09,3.46665541e-09
9191,43,14324932,0,5769,0,12.297692,3.46665541e-09,3.46665541e-09
9192,42,14324932,0,5769,0,-14,3.46665541e-09,3.46665541e-09
9193,41,14324932,0,5769,0,-10,3.46665541e-09,3.46665541e-09
9194,40,14324932,0,5769,0,26,3.46665541e-09,3.46665541e-09
9195,43,14330701,0,5769,0,12.297692,3.46665541e-09,3.46665541e-09
9196,42,14330701,0,5769,0,-13,3.46665541e-09,3.46665541e-09
9197,41,14330701,0,5769,0,-9,3.46665541e-09,3.46665541e-09
9198,40,14330701,0,5769,0,25,3.46665541e-09,3.46665541e-09
9199,43,14336470,0,5769,0,12.297692,3.46668982e-09,3.46668982e-09
9200,42,14336470,0,5769,0,-13,3.46668982e-09,3.46668982e-09
9201,41,14336470,0,5769,0,-10,3.46668982e-09,3.46668982e-09
9202,40,14336470,0,5769,0,26,3.46668982e-09,3.46668982e-09
9203,43,14342239,0,5769,0,12.297692,3.46665407e-09,3.46665407e-09
9204,42,14342239,0,5769,0,-13,3.46665407e-09,3.46665407e-09
9205,41,14342239,0,5769,0,-10,3.46665407e-09,3.46665407e-09
9206,40,14342239,0,5769,0,26,3.46665407e-09,3.46665407e-09
9207,43,14348008,0,5769,0,12.297692,3.46665407e-09,3.46665407e-09
9208,42,14348008,0,5769,0,-13,3.46665407e-09,3.46665407e-09
9209,41,14348008,0,5769,0,-9,3.46665407e-09,3.46665407e-09
9210,40,14348008,0,5769,0,26,3.46665407e-09,3.46665407e-09
9211,43,14353777,0,5769,0,12.297692,3.46668982e-09,3.46668982e-09
9212,42,14353777,0,5769,0,-13,3.46668982e-09,3.46668982e-09
9213,41,14353777,0,5769,0,-10,3.46668982e-09,3.46668982e-09
9214,40,14353777,0,5769,0,26,3.46668982e-09,3.46668982e-09
9215,43,14359546,0,5769,0,12.297692,3.46668982e-09,3.46668982e-09
9216,42,14359546,0,5769,0,-13,3.46668982e-09,3.46668982e-09
9217,41,14359546,0,5769,0,-10,3.46668982e-09,3.46668982e-09
9218,40,14359546,0,5769,0,26,3.46668982e-09,3.46668982e-09
9219,43,14365315,0,5769,0,12.297692,3.46665407e-09,3.46665407e-09
9220,42,14365315,0,5769,0,-13,3.46665407e-09,3.46665407e-09
9221,41,14365315,0,5769,0,-9,3.46665407e-09,3.46665407e-09
9222,40,14365315,0,5769,0,25,3.46665407e-09,3.46665407e-09
9223,43,14371084,0,5769,0,12.297692,3.46665407e-09,3.46665407e-09
9224,42,14371084,0,5769,0,-13,3.46665407e-09,3.46665407e-09
9225,41,14371084,0,5769,0,-10,3.46665407e-09,3.46665407e-09
9226,40,14371084,0,5769,0,26,3.46665407e-09,3.46665407e-09
9227,43,14376853,0,5769,0,12.297692,3.46668982e-09,3.46668982e-09
9228,42,14376853,0,5769,0,-13,3.46668982e-09,3.46668982e-09
9229,41,14376853,0,5769,0,-10,3.46668982e-09,3.46668982e-09
9230,40,14376853,0,5769,0,26,3.46668982e-09,3.46668982e-09
9231,43,14382622,0,5769,0,12.297692,3.46668982e-09,3.46668982e-09
9232,42,14382622,0,5769,0,-13,3.46668982e-09,3.46668982e-09
9233,41,14382622,0,5769,0,-9,3.46668982e-09,3.46668982e-09
9234,40,14382622,0,5769,0,26,3.46668982e-09,3.46668982e-09
9235,43,14388391,0,5769,0,12.297692,3.46665407e-09,3.46665407e-09
9236,42,14388391,0,5769,0,-13,3.46665407e-09,3.46665407e-09
9237,41,14388391,0,5769,0,-10,3.46665407e-09,3.46665407e-09
9238,40,14388391,0,5769,0,26,3.46665407e-09,3.46665407e-09
9239,43,14394160,0,5769,0,12.297692,3.46665407e-09,3.46665407e-09
9240,42,14394160,0,5769,0,-13,3.46665407e-09,3.46665407e-09
9241,41,14394160,0,5769,0,-9,3.46665407e-09,3.46665407e-09
9242,40,14394160,0,5769,0,26,3.46665407e-09,3.46665407e-09
9243,43,14399929,0,5769,0,12.297692,3.46668982e-09,3.46668982e-09
9244,42,14399929,0,5769,0,-12,3.46668982e-09,3.46668982e-09
9245,41,14399929,0,5769,0,-10,3.46668982e-09,3.46668982e-09
9246,40,14399929,0,5769,0,26,3.46668982e-09,3.46668982e-09
9247,43,14405698,0,5769,0,12.297692,3.46668982e-09,3.46668982e-09
9248,42,14405698,0,5769,0,-13,3.46668982e-09,3.46668982e-09
9249,41,14405698,0,5769,0,-9,3.46668982e-09,3.46668982e-09
9250,40,14405698,0,5769,0,25,3.46668982e-09,3.46668982e-09
9251,43,14411467,0,5769,0,12.297692,3.46665407e-09,3.46665407e-09
9252,42,14411467,0,5769,0,-13,3.46665407e-09,3.46665407e-09
9253,41,14411467,0,5769,0,-10,3.46665407e-09,3.46665407e-09
9254,40,14411467,0,5769,0,26,3.46665407e-09,3.46665407e-09
9255,43,14417236,0,5769,0,12.297692,3.46665407e-09,3.46665407e-09
9256,42,14417236,0,5769,0,-13,3.46665407e-09,3.46665407e-09
9257,41,14417236,0,5769,0,-9,3.46665407e-09,3.46665407e-09
9258,40,14417236,0,5769,0,26,3.46665407e-09,3.46665407e-09
9259,43,14423005,0,5769,0,12.297692,3.46668982e-09,3.46668982e-09
9260,42,14423005,0,5769,0,-13,3.46668982e-09,3.46668982e-09
9261,41,14423005,0,5769,0,-10,3.46668982e-09,3.46668982e-09
9262,40,14423005,0,5769,0,26,3.46668982e-09,3.46668982e-09
9263,43,14428774,0,5769,0,12.297692,3.46668982e-09,3.46668982e-09
9264,42,14428774,0,5769,0,-12,3.46668982e-09,3.46668982e-09
9265,41,14428774,0,5769,0,-9,3.46668982e-09,3.46668982e-09
9266,40,14428774,0,5769,0,26,3.46668982e-09,3.46668982e-09
9267,43,14434543,0,5769,0,12.297692,3.46665407e-09,3.46665407e-09
9268,42,14434543,0,5769,0,-13,3.46665407e-09,3.46665407e-09
9269,41,14434543,0,5769,0,-10,3.46665407e-09,3.46665407e-09
9270,40,14434543,0,5769,0,26,3.46665407e-09,3.46665407e-09
9271,43,14440312,0,5769,0,12.297692,3.46665407e-09,3.46665407e-09
9272,42,14440312,0,5769,0,-13,3.46665407e-09,3.46665407e-09
9273,41,14440312,0,5769,0,-9,3.46665407e-09,3.46665407e-09
9274,40,14440312,0,5769,0,26,3.46665407e-09,3.46665407e-09
9275,43,14446081,0,5769,0,12.297692,3.46668982e-09,3.46668982e-09
9276,42,14446081,0,5769,0,-13,3.46668982e-09,3.46668982e-09
9277,41,14446081,0,5769,0,-9,3.46668982e-09,3.46668982e-09
9278,40,14446081,0,5769,0,25,3.46668982e-09,3.46668982e-09
9279,43,14451850,0,5769,0,12.297692,3.46668982e-09,3.46668982e-09
9280,42,14451850,0,5769,0,-12,3.46668982e-09,3.46668982e-09
9281,41,14451850,0,5769,0,-10,3.46668982e-09,3.46668982e-09
9282,40,14451850,0,5769,0,26,3.46668982e-09,3.46668982e-09
9283,43,14457619,0,5769,0,12.297692,3.46665407e-09,3.46665407e-09
9284,42,14457619,0,5769,0,-13,3.46665407e-09,3.46665407e-09
9285,41,14457619,0,5769,0,-9,3.46665407e-09,3.46665407e-09
9286,40,14457619,0,5769,0,26,3.46665407e-09,3.46665407e-09
9287,43,14463388,0,5769,0,12.297692,3.46665407e-09,3.46665407e-09
9288,42,14463388,0,5769,0,-13,3.46665407e-09,3.46665407e-09
9289,41,14463388,0,5769,0,-10,3.46665407e-09,3.46665407e-09
9290,40,14463388,0,5769,0,26,3.46665407e-09,3.46665407e-09
9291,43,14469157,0,5769,0,12.297692,3.46668982e-09,3.46668982e-09
9292,42,14469157,0,5769,0,-12,3.46668982e-09,3.46668982e-09
9293,41,14469157,0,5769,0,-9,3.46668982e-09,3.46668982e-09
9294,40,14469157,0,5769,0,26,3.46668982e-09,3.46668982e-09
9295,43,14474926,0,5769,0,12.297692,3.46668982e-09,3.46668982e-09
9296,42,14474926,0,5769,0,-13,3.46668982e-09,3.46668982e-09
9297,41,14474926,0,5769,0,-9,3.46668982e-09,3.46668982e-09
9298,40,14474926,0,5769,0,26,3.46668982e-09,3.46668982e-09
9299,43,14480695,0,5769,0,12.297692,3.46665407e-09,3.46665407e-09
9300,42,14480695,0,5769,0,-13,3.46665407e-09,3.46665407e-09
9301,41,14480695,0,5769,0,-9,3.46665407e-09,3.46665407e-09
9302,40,14480695,0,5769,0,25,3.46665407e-09,3.46665407e-09
9303,43,14486464,0,5769,0,12.297692,3.46665407e-09,3.46665407e-09
9304,42,14486464,0,5769,0,-12,3.46665407e-09,3.46665407e-09
9305,41,14486464,0,5769,0,-10,3.46665407e-09,3.46665407e-09
9306,40,14486464,0,5769,0,26,3.46665407e-09,3.46665407e-09
9307,43,14492233,0,5769,0,12.297692,3.46668982e-09,3.46668982e-09
9308,42,14492233,0,5769,0,-13,3.46668982e-09,3.46668982e-09
9309,41,14492233,0,5769,0,-9,3.46668982e-09,3.46668982e-09
9310,40,14492233,0,5769,0,26,3.46668982e-09,3.46668982e-09
9311,43,14498002,0,5769,0,12.297692,3.46668982e-09,3.46668982e-09
9312,42,14498002,0,5769,0,-12,3.46668982e-09,3.46668982e-09
9313,41,14498002,0,5769,0,-9,3.46668982e-09,3.46668982e-09
9314,40,14498002,0,5769,0,26,3.46668982e-09,3.46668982e-09
9315,43,14503771,0,5769,0,12.297692,3.46665407e-09,3.46665407e-09
9316,42,14503771,0,5769,0,-13,3.46665407e-09,3.46665407e-09
9317,41,14503771,0,5769,0,-9,3.46665407e-09,3.46665407e-09
9318,40,14503771,0,5769,0,26,3.46665407e-09,3.46665407e-09
9319,43,14509540,0,5769,0,12.297692,3.46665407e-09,3.46665407e-09
9320,42,14509540,0,5769,0,-12,3.46665407e-09,3.46665407e-09
9321,41,14509540,0,5769,0,-10,3.46665407e-09,3.46665407e-09
9322,40,14509540,0,5769,0,26,3.46665407e-09,3.46665407e-09
9323,43,14515309,0,5769,0,12.297692,3.46668982e-09,3.46668982e-09
9324,42,14515309,0,5769,0,-13,3.46668982e-09,3.46668982e-09
9325,41,14515309,0,5769,0,-9,3.46668982e-09,3.46668982e-09
9326,40,14515309,0,5769,0,26,3.46668982e-09,3.46668982e-09
9327,43,14521078,0,5769,0,12.297692,3.46668982e-09,3.46668982e-09
9328,42,14521078,0,5769,0,-12,3.46668982e-09,3.46668982e-09
9329,41,14521078,0,5769,0,-9,3.46668982e-09,3.46668982e-09
9330,40,14521078,0,5769,0,25,3.46668982e-09,3.46668982e-09
9331,43,14526847,0,5769,0,12.297692,3.46665407e-09,3.46665407e-09
9332,42,14526847,0,5769,0,-13,3.46665407e-09,3.46665407e-09
9333,41,14526847,0,5769,0,-9,3.46665407e-09,3.46665407e-09
9334,40,14526847,0,5769,0,26,3.46665407e-09,3.46665407e-09
9335,43,14532616,0,5769,0,12.297692,3.46665407e-09,3.46665407e-09
9336,42,14532616,0,5769,0,-12,3.46665407e-09,3.46665407e-09
9337,41,14532616,0,5769,0,-9,3.46665407e-09,3.46665407e-09
9338,40,14532616,0,5769,0,26,3.46665407e-09,3.46665407e-09
9339,43,14538385,0,5769,0,12.297692,3.46668982e-09,3.46668982e-09
9340,42,14538385,0,5769,0,-12,3.46668982e-09,3.46668982e-09
9341,41,14538385,0,5769,0,-10,3.46668982e-09,3.46668982e-09
9342,40,14538385,0,5769,0,26,3.46668982e-09,3.46668982e-09
9343,43,14544154,0,5769,0,12.297692,3.46668982e-09,3.46668982e-09
9344,42,14544154,0,5769,0,-13,3.46668982e-09,3.46668982e-09
9345,41,14544154,0,5769,0,-9,3.46668982e-09,3.46668982e-09
9346,40,14544154,0,5769,0,26,3.46668982e-09,3.46668982e-09
9347,43,14549923,0,5769,0,12.297692,3.46665407e-09,3.46665407e-09
9348,42,14549923,0,5769,0,-12,3.46665407e-09,3.46665407e-09
9349,41,14549923,0,5769,0,-9,3.46665407e-09,3.46665407e-09
9350,40,14549923,0,5769,0,26,3.46665407e-09,3.46665407e-09
9351,43,14555692,0,5769,0,12.297692,3.46665407e-09,3.46665407e-09
9352,42,14555692,0,5769,0,-12,3.46665407e-09,3.46665407e-09
9353,41,14555692,0,5769,0,-9,3.46665407e-09,3.46665407e-09
9354,40,14555692,0,5769,0,26,3.46665407e-09,3.46665407e-09
9355,43,14561461,0,5769,0,12.297692,3.46668982e-09,3.46668982e-09
9356,42,14561461,0,5769,0,-13,3.46668982e-09,3.46668982e-09
9357,41,14561461,0,5769,0,-9,3.46668982e-09,3.46668982e-09
9358,40,14561461,0,5769,0,25,3.46668982e-09,3.46668982e-09
9359,43,14567230,0,5769,0,12.297692,3.46668982e-09,3.46668982e-09
9360,42,14567230,0,5769,0,-12,3.46668982e-09,3.46668982e-09
9361,41,14567230,0,5769,0,-9,3.46668982e-09,3.46668982e-09
9362,40,14567230,0,5769,0,26,3.46668982e-09,3.46668982e-09
9363,43,14572999,0,5769,0,12.297692,3.46665407e-09,3.46665407e-09
9364,42,14572999,0,5769,0,-12,3.46665407e-09,3.46665407e-09
9365,41,14572999,0,5769,0,-9,3.46665407e-09,3.46665407e-09
9366,40,14572999,0,5769,0,26,3.46665407e-09,3.46665407e-09
9367,43,14578768,0,5769,0,12.297692,3.46665407e-09,3.46665407e-09
9368,42,14578768,0,5769,0,-13,3.46665407e-09,3.46665407e-09
9369,41,14578768,0,5769,0,-9,3.46665407e-09,3.46665407e-09
9370,40,14578768,0,5769,0,26,3.46665407e-09,3.46665407e-09
9371,43,14584537,0,5769,0,12.297692,3.46668982e-09,3.46668982e-09
9372,42,14584537,0,5769,0,-12,3.46668982e-09,3.46668982e-09
9373,41,14584537,0,5769,0,-9,3.46668982e-09,3.46668982e-09
9374,40,14584537,0,5769,0,26,3.46668982e-09,3.46668982e-09
9375,43,14590306,0,5769,0,12.297692,3.46668982e-09,3.46668982e-09
9376,42,14590306,0,5769,0,-12,3.46668982e-09,3.46668982e-09
9377,41,14590306,0,5769,0,-9,3.46668982e-09,3.46668982e-09
9378,40,14590306,0,5769,0,26,3.46668982e-09,3.46668982e-09
9379,43,14596075,0,5769,0,12.297692,3.46665407e-09,3.46665407e-09
9380,42,14596075,0,5769,0,-12,3.46665407e-09,3.46665407e-09
9381,41,14596075,0,5769,0,-9,3.46665407e-09,3.46665407e-09
9382,40,14596075,0,5769,0,26,3.46665407e-09,3.46665407e-09
9383,43,14601844,0,5769,0,12.297692,3.46665407e-09,3.46665407e-09
9384,42,14601844,0,5769,0,-12,3.46665407e-09,3.46665407e-09
9385,41,14601844,0,5769,0,-9,3.46665407e-09,3.46665407e-09
9386,40,14601844,0,5769,0,25,3.46665407e-09,3.46665407e-09
9387,43,14607613,0,5769,0,12.297692,3.46668982e-09,3.46668982e-09
9388,42,14607613,0,5769,0,-13,3.46668982e-09,3.46668982e-09
9389,41,14607613,0,5769,0,-9,3.46668982e-09,3.46668982e-09
9390,40,14607613,0,5769,0,26,3.46668982e-09,3.46668982e-09
9391,43,14613382,0,5769,0,12.297692,3.46668982e-09,3.46668982e-09
9392,42,14613382,0,5769,0,-12,3.46668982e-09,3.46668982e-09
9393,41,14613382,0,5769,0,-9,3.46668982e-09,3.46668982e-09
9394,40,14613382,0,5769,0,26,3.46668982e-09,3.46668982e-09
9395,43,14619151,0,5769,0,12.297692,3.46665407e-09,3.46665407e-09
9396,42,14619151,0,5769,0,-12,3.46665407e-09,3.46665407e-09
9397,41,14619151,0,5769,0,-9,3.46665407e-09,3.46665407e-09
9398,40,14619151,0,5769,0,26,3.46665407e-09,3.46665407e-09
9399,43,14624920,0,5769,0,12.297692,3.46665407e-09,3.46665407e-09
9400,42,14624920,0,5769,0,-12,3.46665407e-09,3.46665407e-09
9401,41,14624920,0,5769,0,-8,3.46665407e-09,3.46665407e-09
9402,40,14624920,0,5769,0,26,3.46665407e-09,3.46665407e-09
9403,43,14630689,0,5769,0,12.297692,3.46668982e-09,3.46668982e-09
9404,42,14630689,0,5769,0,-12,3.46668982e-09,3.46668982e-09
9405,41,14630689,0,5769,0,-9,3.46668982e-09,3.46668982e-09
9406,40,14630689,0,5769,0,26,3.46668982e-09,3.46668982e-09
9407,43,14636458,0,5769,0,12.297692,3.46668982e-09,3.46668982e-09
9408,42,14636458,0,5769,0,-12,3.46668982e-09,3.46668982e-09
9409,41,14636458,0,5769,0,-9,3.46668982e-09,3.46668982e-09
9410,40,14636458,0,5769,0,26,3.46668982e-09,3.46668982e-09
9411,43,14642227,0,5769,0,12.297692,3.46665407e-09,3.46665407e-09
9412,42,14642227,0,5769,0,-12,3.46665407e-09,3.46665407e-09
9413,41,14642227,0,5769,0,-9,3.46665407e-09,3.46665407e-09
9414,40,14642227,0,5769,0,26,3.46665407e-09,3.46665407e-09
9415,43,14647996,0,5769,0,12.297692,3.46665496e-09,3.46665496e-09
9416,42,14647996,0,5769,0,-12,3.46665496e-09,3.46665496e-09
9417,41,14647996,0,5769,0,-9,3.46665496e-09,3.46665496e-09
9418,40,14647996,0,5769,0,25,3.46665496e-09,3.46665496e-09
9419,43,14653765,0,5769,0,12.297692,3.46668894e-09,3.46668894e-09
9420,42,14653765,0,5769,0,-12,3.46668894e-09,3.46668894e-09
9421,41,14653765,0,5769,0,-9,3.46668894e-09,3.46668894e-09
9422,40,14653765,0,5769,0,26,3.46668894e-09,3.46668894e-09
9423,43,14659534,0,5769,0,12.297692,3.46668894e-09,3.46668894e-09
9424,42,14659534,0,5769,0,-12,3.46668894e-09,3.46668894e-09
9425,41,14659534,0,5769,0,-8,3.46668894e-09,3.46668894e-09
9426,40,14659534,0,5769,0,26,3.46668894e-09,3.46668894e-09
9427,43,14665303,0,5769,0,12.297692,3.46668894e-09,3.46668894e-09
9428,42,14665303,0,5769,0,-12,3.46668894e-09,3.46668894e-09
9429,41,14665303,0,5769,0,-9,3.46668894e-09,3.46668894e-09
9430,40,14665303,0,5769,0,26,3.46668894e-09,3.46668894e-09
9431,43,14671072,0,5769,0,12.297692,3.46668894e-09,3.46668894e-09
9432,42,14671072,0,5769,0,-12,3.46668894e-09,3.46668894e-09
9433,41,14671072,0,5769,0,-9,3.46668894e-09,3.46668894e-09
9434,40,14671072,0,5769,0,26,3.46668894e-09,3.46668894e-09
9435,43,14676841,0,5769,0,12.297692,3.46668894e-09,3.46668894e-09
9436,42,14676841,0,5769,0,-12,3.46668894e-09,3.46668894e-09
9437,41,14676841,0,5769,0,-9,3.46668894e-09,3.46668894e-09
9438,40,14676841,0,5769,0,26,3.46668894e-09,3.46668894e-09
9439,43,14682610,0,5769,0,12.297692,3.46668894e-09,3.46668894e-09
9440,42,14682610,0,5769,0,-12,3.46668894e-09,3.46668894e-09
9441,41,14682610,0,5769,0,-8,3.46668894e-09,3.46668894e-09
9442,40,14682610,0,5769,0,26,3.46668894e-09,3.46668894e-09
9443,43,14688379,0,5769,0,12.297692,3.46668894e-09,3.46668894e-09
9444,42,14688379,0,5769,0,-11,3.46668894e-09,3.46668894e-09
9445,41,14688379,0,5769,0,-9,3.46668894e-09,3.46668894e-09
9446,40,14688379,0,5769,0,25,3.46668894e-09,3.46668894e-09
9447,43,14694148,0,5769,0,12.297692,3.46668894e-09,3.46668894e-09
9448,42,14694148,0,5769,0,-12,3.46668894e-09,3.46668894e-09
9449,41,14694148,0,5769,0,-9,3.46668894e-09,3.46668894e-09
9450,40,14694148,0,5769,0,26,3.46668894e-09,3.46668894e-09
9451,43,14699917,0,5769,0,12.297692,3.46668894e-09,3.46668894e-09
9452,42,14699917,0,5769,0,-12,3.46668894e-09,3.46668894e-09
9453,41,14699917,0,5769,0,-8,3.46668894e-09,3.46668894e-09
9454,40,14699917,0,5769,0,26,3.46668894e-09,3.46668894e-09
9455,43,14705686,0,5769,0,12.297692,3.46668894e-09,3.46668894e-09
9456,42,14705686,0,5769,0,-12,3.46668894e-09,3.46668894e-09
9457,41,14705686,0,5769,0,-9,3.46668894e-09,3.46668894e-09
9458,40,14705686,0,5769,0,26,3.46668894e-09,3.46668894e-09
9459,43,14711455,0,5769,0,12.297692,3.46668894e-09,3.46668894e-09
9460,42,14711455,0,5769,0,-12,3.46668894e-09,3.46668894e-09
9461,41,14711455,0,5769,0,-8,3.46668894e-09,3.46668894e-09
9462,40,14711455,0,5769,0,26,3.46668894e-09,3.46668894e-09
9463,43,14717224,0,5769,0,12.297692,3.46668894e-09,3.46668894e-09
9464,42,14717224,0,5769,0,-11,3.46668894e-09,3.46668894e-09
9465,41,14717224,0,5769,0,-9,3.46668894e-09,3.46668894e-09
9466,40,14717224,0,5769,0,26,3.46668894e-09,3.46668894e-09
9467,43,14722993,0,5769,0,12.297692,3.46669138e-09,3.46669138e-09
9468,42,14722993,0,5769,0,-12,3.46669138e-09,3.46669138e-09
9469,41,14722993,0,5769,0,-9,3.46669138e-09,3.46669138e-09
9470,40,14722993,0,5769,0,26,3.46669138e-09,3.46669138e-09
9471,43,14728762,0,5769,0,12.297692,3.46668849e-09,3.46668849e-09
9472,42,14728762,0,5769,0,-12,3.46668849e-09,3.46668849e-09
9473,41,14728762,0,5769,0,-8,3.46668849e-09,3.46668849e-09
9474,40,14728762,0,5769,0,26,3.46668849e-09,3.46668849e-09
9475,43,14734531,0,5769,0,12.297692,3.46668849e-09,3.46668849e-09
9476,42,14734531,0,5769,0,-11,3.46668849e-09,3.46668849e-09
9477,41,14734531,0,5769,0,-9,3.46668849e-09,3.46668849e-09
9478,40,14734531,0,5769,0,25,3.46668849e-09,3.46668849e-09
9479,43,14740300,0,5769,0,12.297692,3.46661988e-09,3.46661988e-09
9480,42,14740300,0,5769,0,-12,3.46661988e-09,3.46661988e-09
9481,41,14740300,0,5769,0,-8,3.46661988e-09,3.46661988e-09
9482,40,14740300,0,5769,0,26,3.46661988e-09,3.46661988e-09
9483,43,14746069,0,5769,0,12.297692,3.46668894e-09,3.46668894e-09
9484,42,14746069,0,5769,0,-12,3.46668894e-09,3.46668894e-09
9485,41,14746069,0,5769,0,-9,3.46668894e-09,3.46668894e-09
9486,40,14746069,0,5769,0,26,3.46668894e-09,3.46668894e-09
9487,43,14751838,0,5769,0,12.297692,3.46668894e-09,3.46668894e-09
9488,42,14751838,0,5769,0,-11,3.46668894e-09,3.46668894e-09
9489,41,14751838,0,5769,0,-8,3.46668894e-09,3.46668894e-09
9490,40,14751838,0,5769,0,26,3.46668894e-09,3.46668894e-09
9491,43,14757607,0,5769,0,12.297692,3.46661988e-09,3.46661988e-09
9492,42,14757607,0,5769,0,-12,3.46661988e-09,3.46661988e-09
9493,41,14757607,0,5769,0,-9,3.46661988e-09,3.46661988e-09
9494,40,14757607,0,5769,0,26,3.46661988e-09,3.46661988e-09
9495,43,14763376,0,5769,0,12.297692,3.46661988e-09,3.46661988e-09
9496,42,14763376,0,5769,0,-12,3.46661988e-09,3.46661988e-09
9497,41,14763376,0,5769,0,-8,3.46661988e-09,3.46661988e-09
9498,40,14763376,0,5769,0,26,3.46661988e-09,3.46661988e-09
9499,43,14769145,0,5769,0,12.297692,3.46668894e-09,3.46668894e-09
9500,42,14769145,0,5769,0,-11,3.46668894e-09,3.46668894e-09
9501,41,14769145,0,5769,0,-9,3.46668894e-09,3.46668894e-09
9502,40,14769145,0,5769,0,26,3.46668894e-09,3.46668894e-09
9503,43,14774914,0,5769,0,12.297692,3.46668894e-09,3.46668894e-09
9504,42,14774914,0,5769,0,-12,3.46668894e-09,3.46668894e-09
9505,41,14774914,0,5769,0,-8,3.46668894e-09,3.46668894e-09
9506,40,14774914,0,5769,0,25,3.46668894e-09,3.46668894e-09
9507,43,14780683,0,5769,0,12.297692,3.46661988e-09,3.46661988e-09
9508,42,14780683,0,5769,0,-11,3.46661988e-09,3.46661988e-09
9509,41,14780683,0,5769,0,-9,3.46661988e-09,3.46661988e-09
9510,40,14780683,0,5769,0,26,3.46661988e-09,3.46661988e-09
9511,43,14786452,0,5769,0,12.297692,3.46661988e-09,3.46661988e-09
9512,42,14786452,0,5769,0,-12,3.46661988e-09,3.46661988e-09
9513,41,14786452,0,5769,0,-8,3.46661988e-09,3.46661988e-09
9514,40,14786452,0,5769,0,26,3.46661988e-09,3.46661988e-09
9515,43,14792221,0,3862,1945,12.297692,3.46668894e-09,3.46668894e-09
9516,42,14792221,0,3862,1945,-11,3.46668894e-09,3.46668894e-09
9517,41,14792221,0,3862,1945,-8,3.46668894e-09,3.46668894e-09
9518,40,14792221,0,3862,1945,26,3.46668894e-09,3.46668894e-09
9519,43,14798028,0,0,6433,12.297692,3.46669071e-09,3.46669071e-09
9520,42,14798028,0,0,6433,-12,3.46669071e-09,3.46669071e-09
9521,41,14798028,0,0,6433,-9,3.46669071e-09,3.46669071e-09
9522,40,14798028,0,0,6433,26,3.46669071e-09,3.46669071e-09
9523,43,14804461,0,0,7630,12.297692,3.46662055e-09,3.46662055e-09
9524,42,14804461,0,0,7630,-11,3.46662055e-09,3.46662055e-09
9525,41,14804461,0,0,7630,-8,3.46662055e-09,3.46662055e-09
9526,40,14804461,0,0,7630,26,3.46662055e-09,3.46662055e-09
9527,43,14812091,0,0,9940,12.297692,3.46661810e-09,3.46661810e-09
9528,42,14812091,0,0,9940,-11,3.46661810e-09,3.46661810e-09
9529,41,14812091,0,0,9940,-8,3.46661810e-09,3.46661810e-09
9530,40,14812091,0,0,9940,26,3.46661810e-09,3.46661810e-09
9531,43,14822031,0,0,22802,12.297692,3.46668849e-09,3.46668849e-09
9532,42,14822031,0,0,22802,-12,3.46668849e-09,3.46668849e-09
9533,41,14822031,0,0,22802,-9,3.46668849e-09,3.46668849e-09
9534,40,14822031,0,0,22802,26,3.46668849e-09,3.46668849e-09
9535,43,14844833,22802,0,0,12.297692,3.46668849e-09,3.46668849e-09
9536,42,14844833,22802,0,0,24,3.46668849e-09,3.46668849e-09
9537,41,14844833,22802,0,0,-24,3.46668849e-09,3.46668849e-09
9538,40,14844833,22802,0,0,-4,3.46668849e-09,3.46668849e-09
9539,43,14867635,9940,0,0,12.297692,3.46668849e-09,3.46668849e-09
9540,42,14867635,9940,0,0,23,3.46668849e-09,3.46668849e-09
9541,41,14867635,9940,0,0,-25,3.46668849e-09,3.46668849e-09
9542,40,14867635,9940,0,0,-3,3.46668849e-09,3.46668849e-09
9543,43,14877575,7630,0,0,12.297692,3.46668894e-09,3.46668894e-09
9544,42,14877575,7630,0,0,24,3.46668894e-09,3.46668894e-09
9545,41,14877575,7630,0,0,-25,3.46668894e-09,3.46668894e-09
9546,40,14877575,7630,0,0,-4,3.46668894e-09,3.46668894e-09
9547,43,14885205,6433,0,0,12.297692,3.46668982e-09,3.46668982e-09
9548,42,14885205,6433,0,0,23,3.46668982e-09,3.46668982e-09
9549,41,14885205,6433,0,0,-25,3.46668982e-09,3.46668982e-09
9550,40,14885205,6433,0,0,-3,3.46668982e-09,3.46668982e-09
9551,43,14891638,1945,3862,0,12.297692,3.46668894e-09,3.46668894e-09
9552,42,14891638,1945,3862,0,24,3.46668894e-09,3.46668894e-09
9553,41,14891638,1945,3862,0,-24,3.46668894e-09,3.46668894e-09
9554,40,14891638,1945,3862,0,-4,3.46668894e-09,3.46668894e-09
9555,43,14897445,0,5769,0,12.297692,3.46668894e-09,3.46668894e-09
9556,42,14897445,0,5769,0,23,3.46668894e-09,3.46668894e-09
9557,41,14897445,0,5769,0,-25,3.46668894e-09,3.46668894e-09
9558,40,14897445,0,5769,0,-3,3.46668894e-09,3.46668894e-09
9559,43,14903214,0,5769,0,12.297692,3.46668894e-09,3.46668894e-09
9560,42,14903214,0,5769,0,24,3.46668894e-09,3.46668894e-09
9561,41,14903214,0,5769,0,-25,3.46668894e-09,3.46668894e-09
9562,40,14903214,0,5769,0,-4,3.46668894e-09,3.46668894e-09
9563,43,14908983,0,5769,0,12.297692,3.46668894e-09,3.46668894e-09
9564,42,14908983,0,5769,0,24,3.46668894e-09,3.46668894e-09
9565,41,14908983,0,5769,0,-25,3.46668894e-09,3.46668894e-09
9566,40,14908983,0,5769,0,-3,3.46668894e-09,3.46668894e-09
9567,43,14914752,0,5769,0,12.297692,3.46668894e-09,3.46668894e-09
9568,42,14914752,0,5769,0,23,3.46668894e-09,3.46668894e-09
9569,41,14914752,0,5769,0,-24,3.46668894e-09,3.46668894e-09
9570,40,14914752,0,5769,0,-3,3.46668894e-09,3.46668894e-09
9571,43,14920521,0,5769,0,12.297692,3.46668894e-09,3.46668894e-09
9572,42,14920521,0,5769,0,24,3.46668894e-09,3.46668894e-09
9573,41,14920521,0,5769,0,-25,3.46668894e-09,3.46668894e-09
9574,40,14920521,0,5769,0,-4,3.46668894e-09,3.46668894e-09
9575,43,14926290,0,5769,0,12.297692,3.46668894e-09,3.46668894e-09
9576,42,14926290,0,5769,0,23,3.46668894e-09,3.46668894e-09
9577,41,14926290,0,5769,0,-25,3.46668894e-09,3.46668894e-09
9578,40,14926290,0,5769,0,-3,3.46668894e-09,3.46668894e-09
9579,43,14932059,0,5769,0,12.297692,3.46668894e-09,3.46668894e-09
9580,42,14932059,0,5769,0,24,3.46668894e-09,3.46668894e-09
9581,41,14932059,0,5769,0,-25,3.46668894e-09,3.46668894e-09
9582,40,14932059,0,5769,0,-3,3.46668894e-09,3.46668894e-09
9583,43,14937828,0,5769,0,12.297692,3.46668894e-09,3.46668894e-09
9584,42,14937828,0,5769,0,23,3.46668894e-09,3.46668894e-09
9585,41,14937828,0,5769,0,-24,3.46668894e-09,3.46668894e-09
9586,40,14937828,0,5769,0,-4,3.46668894e-09,3.46668894e-09
9587,43,14943597,0,5769,0,12.297692,3.46668894e-09,3.46668894e-09
9588,42,14943597,0,5769,0,24,3.46668894e-09,3.46668894e-09
9589,41,14943597,0,5769,0,-25,3.46668894e-09,3.46668894e-09
9590,40,14943597,0,5769,0,-3,3.46668894e-09,3.46668894e-09
9591,43,14949366,0,5769,0,12.297692,3.46668894e-09,3.46668894e-09
9592,42,14949366,0,5769,0,23,3.46668894e-09,3.46668894e-09
9593,41,14949366,0,5769,0,-25,3.46668894e-09,3.46668894e-09
9594,40,14949366,0,5769,0,-3,3.46668894e-09,3.46668894e-09
9595,43,14955135,0,5769,0,12.297692,3.46668894e-09,3.46668894e-09
9596,42,14955135,0,5769,0,24,3.46668894e-09,3.46668894e-09
9597,41,14955135,0,5769,0,-25,3.46668894e-09,3.46668894e-09
9598,40,14955135,0,5769,0,-4,3.46668894e-09,3.46668894e-09
9599,43,14960904,0,5769,0,12.297692,3.46668894e-09,3.46668894e-09
9600,42,14960904,0,5769,0,24,3.46668894e-09,3.46668894e-09
9601,41,14960904,0,5769,0,-24,3.46668894e-09,3.46668894e-09
9602,40,14960904,0,5769,0,-3,3.46668894e-09,3.46668894e-09
9603,43,14966673,0,5769,0,12.297692,3.46668894e-09,3.46668894e-09
9604,42,14966673,0,5769,0,23,3.46668894e-09,3.46668894e-09
9605,41,14966673,0,5769,0,-25,3.46668894e-09,3.46668894e-09
9606,40,14966673,0,5769,0,-3,3.46668894e-09,3.46668894e-09
9607,43,14972442,0,5769,0,12.297692,3.46668894e-09,3.46668894e-09
9608,42,14972442,0,5769,0,24,3.46668894e-09,3.46668894e-09
9609,41,14972442,0,5769,0,-25,3.46668894e-09,3.46668894e-09
9610,40,14972442,0,5769,0,-3,3.46668894e-09,3.46668894e-09
9611,43,14978211,0,5769,0,12.297692,3.46668894e-09,3.46668894e-09
9612,42,14978211,0,5769,0,23,3.46668894e-09,3.46668894e-09
9613,41,14978211,0,5769,0,-25,3.46668894e-09,3.46668894e-09
9614,40,14978211,0,5769,0,-3,3.46668894e-09,3.46668894e-09
9615,43,14983980,0,5769,0,12.297692,3.46668894e-09,3.46668894e-09
9616,42,14983980,0,5769,0,24,3.46668894e-09,3.46668894e-09
9617,41,14983980,0,5769,0,-24,3.46668894e-09,3.46668894e-09
9618,40,14983980,0,5769,0,-4,3.46668894e-09,3.46668894e-09
9619,43,14989749,0,5769,0,12.297692,3.46668894e-09,3.46668894e-09
9620,42,14989749,0,5769,0,24,3.46668894e-09,3.46668894e-09
9621,41,14989749,0,5769,0,-25,3.46668894e-09,3.46668894e-09
9622,40,14989749,0,5769,0,-3,3.46668894e-09,3.46668894e-09
9623,43,14995518,0,5769,0,12.297692,3.46668894e-09,3.46668894e-09
9624,42,14995518,0,5769,0,23,3.46668894e-09,3.46668894e-09
9625,41,14995518,0,5769,0,-25,3.46668894e-09,3.46668894e-09
9626,40,14995518,0,5769,0,-3,3.46668894e-09,3.46668894e-09
9627,43,15001287,0,5769,0,12.297692,3.46668894e-09,3.46668894e-09
9628,42,15001287,0,5769,0,24,3.46668894e-09,3.46668894e-09
9629,41,15001287,0,5769,0,-25,3.46668894e-09,3.46668894e-09
9630,40,15001287,0,5769,0,-3,3.46668894e-09,3.46668894e-09
9631,43,15007056,0,5769,0,12.297692,3.46668894e-09,3.46668894e-09
9632,42,15007056,0,5769,0,24,3.46668894e-09,3.46668894e-09
9633,41,15007056,0,5769,0,-24,3.46668894e-09,3.46668894e-09
9634,40,15007056,0,5769,0,-3,3.46668894e-09,3.46668894e-09
9635,43,15012825,0,5769,0,12.297692,3.46669138e-09,3.46669138e-09
9636,42,15012825,0,5769,0,23,3.46669138e-09,3.46669138e-09
9637,41,15012825,0,5769,0,-25,3.46669138e-09,3.46669138e-09
9638,40,15012825,0,5769,0,-3,3.46669138e-09,3.46669138e-09
9639,43,15018594,0,5769,0,12.297692,3.46668982e-09,3.46668982e-09
9640,42,15018594,0,5769,0,24,3.46668982e-09,3.46668982e-09
9641,41,15018594,0,5769,0,-25,3.46668982e-09,3.46668982e-09
9642,40,15018594,0,5769,0,-3,3.46668982e-09,3.46668982e-09
9643,43,15024363,0,5769,0,12.297692,3.46668982e-09,3.46668982e-09
9644,42,15024363,0,5769,0,24,3.46668982e-09,3.46668982e-09
9645,41,15024363,0,5769,0,-24,3.46668982e-09,3.46668982e-09
9646,40,15024363,0,5769,0,-3,3.46668982e-09,3.46668982e-09
9647,43,15030132,0,5769,0,12.297692,3.46665252e-09,3.46665252e-09
9648,42,15030132,0,5769,0,23,3.46665252e-09,3.46665252e-09
9649,41,15030132,0,5769,0,-25,3.46665252e-09,3.46665252e-09
9650,40,15030132,0,5769,0,-3,3.46665252e-09,3.46665252e-09
9651,43,15035901,0,5769,0,12.297692,3.46665252e-09,3.46665252e-09
9652,42,15035901,0,5769,0,24,3.46665252e-09,3.46665252e-09
9653,41,15035901,0,5769,0,-25,3.46665252e-09,3.46665252e-09
9654,40,15035901,0,5769,0,-3,3.46665252e-09,3.46665252e-09
9655,43,15041670,0,5769,0,12.297692,3.46665252e-09,3.46665252e-09
9656,42,15041670,0,5769,0,24,3.46665252e-09,3.46665252e-09
9657,41,15041670,0,5769,0,-25,3.46665252e-09,3.46665252e-09
9658,40,15041670,0,5769,0,-3,3.46665252e-09,3.46665252e-09
9659,43,15047439,0,5769,0,12.297692,3.46665252e-09,3.46665252e-09
9660,42,15047439,0,5769,0,23,3.46665252e-09,3.46665252e-09
9661,41,15047439,0,5769,0,-24,3.46665252e-09,3.46665252e-09
9662,40,15047439,0,5769,0,-3,3.46665252e-09,3.46665252e-09
9663,43,15053208,0,5769,0,12.297692,3.46665252e-09,3.46665252e-09
9664,42,15053208,0,5769,0,24,3.46665252e-09,3.46665252e-09
9665,41,15053208,0,5769,0,-25,3.46665252e-09,3.46665252e-09
9666,40,15053208,0,5769,0,-3,3.46665252e-09,3.46665252e-09
9667,43,15058977,0,5769,0,12.297692,3.46665252e-09,3.46665252e-09
9668,42,15058977,0,5769,0,24,3.46665252e-09,3.46665252e-09
9669,41,15058977,0,5769,0,-25,3.46665252e-09,3.46665252e-09
9670,40,15058977,0,5769,0,-3,3.46665252e-09,3.46665252e-09
9671,43,15064746,0,5769,0,12.297692,3.46665252e-09,3.46665252e-09
9672,42,15064746,0,5769,0,23,3.46665252e-09,3.46665252e-09
9673,41,15064746,0,5769,0,-24,3.46665252e-09,3.46665252e-09
9674,40,15064746,0,5769,0,-3,3.46665252e-09,3.46665252e-09
9675,43,15070515,0,5769,0,12.297692,3.46665252e-09,3.46665252e-09
9676,42,15070515,0,5769,0,24,3.46665252e-09,3.46665252e-09
9677,41,15070515,0,5769,0,-25,3.46665252e-09,3.46665252e-09
9678,40,15070515,0,5769,0,-3,3.46665252e-09,3.46665252e-09
9679,43,15076284,0,5769,0,12.297692,3.46665252e-09,3.46665252e-09
9680,42,15076284,0,5769,0,24,3.46665252e-09,3.46665252e-09
9681,41,15076284,0,5769,0,-25,3.46665252e-09,3.46665252e-09
9682,40,15076284,0,5769,0,-3,3.46665252e-09,3.46665252e-09
9683,43,15082053,0,5769,0,12.297692,3.46665252e-09,3.46665252e-09
9684,42,15082053,0,5769,0,23,3.46665252e-09,3.46665252e-09
9685,41,15082053,0,5769,0,-25,3.46665252e-09,3.46665252e-09
9686,40,15082053,0,5769,0,-3,3.46665252e-09,3.46665252e-09
9687,43,15087822,0,5769,0,12.297692,3.46665252e-09,3.46665252e-09
9688,42,15087822,0,5769,0,24,3.46665252e-09,3.46665252e-09
9689,41,15087822,0,5769,0,-24,3.46665252e-09,3.46665252e-09
9690,40,15087822,0,5769,0,-2,3.46665252e-09,3.46665252e-09
9691,43,15093591,0,5769,0,12.297692,3.46665252e-09,3.46665252e-09
9692,42,15093591,0,5769,0,24,3.46665252e-09,3.46665252e-09
9693,41,15093591,0,5769,0,-25,3.46665252e-09,3.46665252e-09
9694,40,15093591,0,5769,0,-3,3.46665252e-09,3.46665252e-09
9695,43,15099360,0,5769,0,12.297692,3.46665252e-09,3.46665252e-09
9696,42,15099360,0,5769,0,23,3.46665252e-09,3.46665252e-09
9697,41,15099360,0,5769,0,-25,3.46665252e-09,3.46665252e-09
9698,40,15099360,0,5769,0,-3,3.46665252e-09,3.46665252e-09
9699,43,15105129,0,5769,0,12.297692,3.46665252e-09,3.46665252e-09
9700,42,15105129,0,5769,0,24,3.46665252e-09,3.46665252e-09
9701,41,15105129,0,5769,0,-24,3.46665252e-09,3.46665252e-09
9702,40,15105129,0,5769,0,-3,3.46665252e-09,3.46665252e-09
9703,43,15110898,0,5769,0,12.297692,3.46665252e-09,3.46665252e-09
9704,42,15110898,0,5769,0,24,3.46665252e-09,3.46665252e-09
9705,41,15110898,0,5769,0,-25,3.46665252e-09,3.46665252e-09
9706,40,15110898,0,5769,0,-3,3.46665252e-09,3.46665252e-09
9707,43,15116667,0,5769,0,12.297692,3.46665252e-09,3.46665252e-09
9708,42,15116667,0,5769,0,24,3.46665252e-09,3.46665252e-09
9709,41,15116667,0,5769,0,-25,3.46665252e-09,3.46665252e-09
9710,40,15116667,0,5769,0,-2,3.46665252e-09,3.46665252e-09
9711,43,15122436,0,5769,0,12.297692,3.46665252e-09,3.46665252e-09
9712,42,15122436,0,5769,0,23,3.46665252e-09,3.46665252e-09
9713,41,15122436,0,5769,0,-24,3.46665252e-09,3.46665252e-09
9714,40,15122436,0,5769,0,-3,3.46665252e-09,3.46665252e-09
9715,43,15128205,0,5769,0,12.297692,3.46665252e-09,3.46665252e-09
9716,42,15128205,0,5769,0,24,3.46665252e-09,3.46665252e-09
9717,41,15128205,0,5769,0,-25,3.46665252e-09,3.46665252e-09
9718,40,15128205,0,5769,0,-3,3.46665252e-09,3.46665252e-09
9719,43,15133974,0,5769,0,12.297692,3.46665252e-09,3.46665252e-09
9720,42,15133974,0,5769,0,24,3.46665252e-09,3.46665252e-09
9721,41,15133974,0,5769,0,-25,3.46665252e-09,3.46665252e-09
9722,40,15133974,0,5769,0,-3,3.46665252e-09,3.46665252e-09
9723,43,15139743,0,5769,0,12.297692,3.46665252e-09,3.46665252e-09
9724,42,15139743,0,5769,0,23,3.46665252e-09,3.46665252e-09
9725,41,15139743,0,5769,0,-24,3.46665252e-09,3.46665252e-09
9726,40,15139743,0,5769,0,-2,3.46665252e-09,3.46665252e-09
9727,43,15145512,0,5769,0,12.297692,3.46665252e-09,3.46665252e-09
9728,42,15145512,0,5769,0,24,3.46665252e-09,3.46665252e-09
9729,41,15145512,0,5769,0,-25,3.46665252e-09,3.46665252e-09
9730,40,15145512,0,5769,0,-3,3.46665252e-09,3.46665252e-09
9731,43,15151281,0,5769,0,12.297692,3.46665252e-09,3.46665252e-09
9732,42,15151281,0,5769,0,24,3.46665252e-09,3.46665252e-09
9733,41,15151281,0,5769,0,-25,3.46665252e-09,3.46665252e-09
9734,40,15151281,0,5769,0,-3,3.46665252e-09,3.46665252e-09
9735,43,15157050,0,5769,0,12.297692,3.46665252e-09,3.46665252e-09
9736,42,15157050,0,5769,0,24,3.46665252e-09,3.46665252e-09
9737,41,15157050,0,5769,0,-24,3.46665252e-09,3.46665252e-09
9738,40,15157050,0,5769,0,-2,3.46665252e-09,3.46665252e-09
9739,43,15162819,0,5769,0,12.297692,3.46665252e-09,3.46665252e-09
9740,42,15162819,0,5769,0,23,3.46665252e-09,3.46665252e-09
9741,41,15162819,0,5769,0,-25,3.46665252e-09,3.46665252e-09
9742,40,15162819,0,5769,0,-3,3.46665252e-09,3.46665252e-09
9743,43,15168588,0,5769,0,12.297692,3.46665252e-09,3.46665252e-09
9744,42,15168588,0,5769,0,24,3.46665252e-09,3.46665252e-09
9745,41,15168588,0,5769,0,-25,3.46665252e-09,3.46665252e-09
9746,40,15168588,0,5769,0,-2,3.46665252e-09,3.46665252e-09
9747,43,15174357,0,5769,0,12.297692,3.46665252e-09,3.46665252e-09
9748,42,15174357,0,5769,0,24,3.46665252e-09,3.46665252e-09
9749,41,15174357,0,5769,0,-24,3.46665252e-09,3.46665252e-09
9750,40,15174357,0,5769,0,-3,3.46665252e-09,3.46665252e-09
9751,43,15180126,0,5769,0,12.297692,3.46665252e-09,3.46665252e-09
9752,42,15180126,0,5769,0,24,3.46665252e-09,3.46665252e-09
9753,41,15180126,0,5769,0,-25,3.46665252e-09,3.46665252e-09
9754,40,15180126,0,5769,0,-2,3.46665252e-09,3.46665252e-09
9755,43,15185895,0,5769,0,12.297692,3.46665252e-09,3.46665252e-09
9756,42,15185895,0,5769,0,24,3.46665252e-09,3.46665252e-09
9757,41,15185895,0,5769,0,-25,3.46665252e-09,3.46665252e-09
9758,40,15185895,0,5769,0,-3,3.46665252e-09,3.46665252e-09
9759,43,15191664,0,5769,0,12.297692,3.46665252e-09,3.46665252e-09
9760,42,15191664,0,5769,0,23,3.46665252e-09,3.46665252e-09
9761,41,15191664,0,5769,0,-24,3.46665252e-09,3.46665252e-09
9762,40,15191664,0,5769,0,-3,3.46665252e-09,3.46665252e-09
9763,43,15197433,0,5769,0,12.297692,3.46665252e-09,3.46665252e-09
9764,42,15197433,0,5769,0,24,3.46665252e-09,3.46665252e-09
9765,41,15197433,0,5769,0,-25,3.46665252e-09,3.46665252e-09
9766,40,15197433,0,5769,0,-2,3.46665252e-09,3.46665252e-09
9767,43,15203202,0,5769,0,12.297692,3.46665252e-09,3.46665252e-09
9768,42,15203202,0,5769,0,24,3.46665252e-09,3.46665252e-09
9769,41,15203202,0,5769,0,-25,3.46665252e-09,3.46665252e-09
9770,40,15203202,0,5769,0,-2,3.46665252e-09,3.46665252e-09
9771,43,15208971,0,5769,0,12.297692,3.46665252e-09,3.46665252e-09
9772,42,15208971,0,5769,0,24,3.46665252e-09,3.46665252e-09
9773,41,15208971,0,5769,0,-24,3.46665252e-09,3.46665252e-09
9774,40,15208971,0,5769,0,-3,3.46665252e-09,3.46665252e-09
9775,43,15214740,0,5769,0,12.297692,3.46665252e-09,3.46665252e-09
9776,42,15214740,0,5769,0,23,3.46665252e-09,3.46665252e-09
9777,41,15214740,0,5769,0,-25,3.46665252e-09,3.46665252e-09
9778,40,15214740,0,5769,0,-2,3.46665252e-09,3.46665252e-09
9779,43,15220509,0,5769,0,12.297692,3.46665252e-09,3.46665252e-09
9780,42,15220509,0,5769,0,24,3.46665252e-09,3.46665252e-09
9781,41,15220509,0,5769,0,-25,3.46665252e-09,3.46665252e-09
9782,40,15220509,0,5769,0,-3,3.46665252e-09,3.46665252e-09
9783,43,15226278,0,5769,0,12.297692,3.46665252e-09,3.46665252e-09
9784,42,15226278,0,5769,0,24,3.46665252e-09,3.46665252e-09
9785,41,15226278,0,5769,0,-24,3.46665252e-09,3.46665252e-09
9786,40,15226278,0,5769,0,-2,3.46665252e-09,3.46665252e-09
9787,43,15232047,0,5769,0,12.297692,3.46665252e-09,3.46665252e-09
9788,42,15232047,0,5769,0,24,3.46665252e-09,3.46665252e-09
9789,41,15232047,0,5769,0,-25,3.46665252e-09,3.46665252e-09
9790,40,15232047,0,5769,0,-3,3.46665252e-09,3.46665252e-09
9791,43,15237816,0,5769,0,12.297692,3.46665252e-09,3.46665252e-09
9792,42,15237816,0,5769,0,24,3.46665252e-09,3.46665252e-09
9793,41,15237816,0,5769,0,-25,3.46665252e-09,3.46665252e-09
9794,40,15237816,0,5769,0,-2,3.46665252e-09,3.46665252e-09
9795,43,15243585,0,5769,0,12.297692,3.46665252e-09,3.46665252e-09
9796,42,15243585,0,5769,0,24,3.46665252e-09,3.46665252e-09
9797,41,15243585,0,5769,0,-24,3.46665252e-09,3.46665252e-09
9798,40,15243585,0,5769,0,-2,3.46665252e-09,3.46665252e-09
9799,43,15249354,0,5769,0,12.297692,3.46665252e-09,3.46665252e-09
9800,42,15249354,0,5769,0,23,3.46665252e-09,3.46665252e-09
9801,41,15249354,0,5769,0,-25,3.46665252e-09,3.46665252e-09
9802,40,15249354,0,5769,0,-3,3.46665252e-09,3.46665252e-09
9803,43,15255123,0,5769,0,12.297692,3.46665252e-09,3.46665252e-09
9804,42,15255123,0,5769,0,24,3.46665252e-09,3.46665252e-09
9805,41,15255123,0,5769,0,-24,3.46665252e-09,3.46665252e-09
9806,40,15255123,0,5769,0,-2,3.46665252e-09,3.46665252e-09
9807,43,15260892,0,5769,0,12.297692,3.46665252e-09,3.46665252e-09
9808,42,15260892,0,5769,0,24,3.46665252e-09,3.46665252e-09
9809,41,15260892,0,5769,0,-25,3.46665252e-09,3.46665252e-09
9810,40,15260892,0,5769,0,-2,3.46665252e-09,3.46665252e-09
9811,43,15266661,0,5769,0,12.297692,3.46665252e-09,3.46665252e-09
9812,42,15266661,0,5769,0,24,3.46665252e-09,3.46665252e-09
9813,41,15266661,0,5769,0,-25,3.46665252e-09,3.46665252e-09
9814,40,15266661,0,5769,0,-3,3.46665252e-09,3.46665252e-09
9815,43,15272430,0,5769,0,12.297692,3.46665252e-09,3.46665252e-09
9816,42,15272430,0,5769,0,24,3.46665252e-09,3.46665252e-09
9817,41,15272430,0,5769,0,-24,3.46665252e-09,3.46665252e-09
9818,40,15272430,0,5769,0,-2,3.46665252e-09,3.46665252e-09
9819,43,15278199,0,5769,0,12.297692,3.46665252e-09,3.46665252e-09
9820,42,15278199,0,5769,0,24,3.46665252e-09,3.46665252e-09
9821,41,15278199,0,5769,0,-25,3.46665252e-09,3.46665252e-09
9822,40,15278199,0,5769,0,-2,3.46665252e-09,3.46665252e-09
9823,43,15283968,0,5769,0,12.297692,3.46665252e-09,3.46665252e-09
9824,42,15283968,0,5769,0,23,3.46665252e-09,3.46665252e-09
9825,41,15283968,0,5769,0,-25,3.46665252e-09,3.46665252e-09
9826,40,15283968,0,5769,0,-2,3.46665252e-09,3.46665252e-09
9827,43,15289737,0,5769,0,12.297692,3.46665252e-09,3.46665252e-09
9828,42,15289737,0,5769,0,24,3.46665252e-09,3.46665252e-09
9829,41,15289737,0,5769,0,-24,3.46665252e-09,3.46665252e-09
9830,40,15289737,0,5769,0,-3,3.46665252e-09,3.46665252e-09
9831,43,15295506,0,5769,0,12.297692,3.46665252e-09,3.46665252e-09
9832,42,15295506,0,5769,0,24,3.46665252e-09,3.46665252e-09
9833,41,15295506,0,5769,0,-25,3.46665252e-09,3.46665252e-09
9834,40,15295506,0,5769,0,-2,3.46665252e-09,3.46665252e-09
9835,43,15301275,0,5769,0,12.297692,3.46665252e-09,3.46665252e-09
9836,42,15301275,0,5769,0,24,3.46665252e-09,3.46665252e-09
9837,41,15301275,0,5769,0,-24,3.46665252e-09,3.46665252e-09
9838,40,15301275,0,5769,0,-2,3.46665252e-09,3.46665252e-09
9839,43,15307044,0,5769,0,12.297692,3.46665252e-09,3.46665252e-09
9840,42,15307044,0,5769,0,24,3.46665252e-09,3.46665252e-09
9841,41,15307044,0,5769,0,-25,3.46665252e-09,3.46665252e-09
9842,40,15307044,0,5769,0,-2,3.46665252e-09,3.46665252e-09
9843,43,15312813,0,5769,0,12.297692,3.46665252e-09,3.46665252e-09
9844,42,15312813,0,5769,0,24,3.46665252e-09,3.46665252e-09
9845,41,15312813,0,5769,0,-25,3.46665252e-09,3.46665252e-09
9846,40,15312813,0,5769,0,-2,3.46665252e-09,3.46665252e-09
9847,43,15318582,0,5769,0,12.297692,3.46665252e-09,3.46665252e-09
9848,42,15318582,0,5769,0,24,3.46665252e-09,3.46665252e-09
9849,41,15318582,0,5769,0,-24,3.46665252e-09,3.46665252e-09
9850,40,15318582,0,5769,0,-2,3.46665252e-09,3.46665252e-09
9851,43,15324351,0,5769,0,12.297692,3.46665252e-09,3.46665252e-09
9852,42,15324351,0,5769,0,23,3.46665252e-09,3.46665252e-09
9853,41,15324351,0,5769,0,-25,3.46665252e-09,3.46665252e-09
9854,40,15324351,0,5769,0,-2,3.46665252e-09,3.46665252e-09
9855,43,15330120,0,5769,0,12.297692,3.46665252e-09,3.46665252e-09
9856,42,15330120,0,5769,0,24,3.46665252e-09,3.46665252e-09
9857,41,15330120,0,5769,0,-24,3.46665252e-09,3.46665252e-09
9858,40,15330120,0,5769,0,-3,3.46665252e-09,3.46665252e-09
9859,43,15335889,0,5769,0,12.297692,3.46665252e-09,3.46665252e-09
9860,42,15335889,0,5769,0,24,3.46665252e-09,3.46665252e-09
9861,41,15335889,0,5769,0,-25,3.46665252e-09,3.46665252e-09
9862,40,15335889,0,5769,0,-2,3.46665252e-09,3.46665252e-09
9863,43,15341658,0,5769,0,12.297692,3.46665252e-09,3.46665252e-09
9864,42,15341658,0,5769,0,24,3.46665252e-09,3.46665252e-09
9865,41,15341658,0,5769,0,-25,3.46665252e-09,3.46665252e-09
9866,40,15341658,0,5769,0,-2,3.46665252e-09,3.46665252e-09
9867,43,15347427,0,5769,0,12.297692,3.46665252e-09,3.46665252e-09
9868,42,15347427,0,5769,0,24,3.46665252e-09,3.46665252e-09
9869,41,15347427,0,5769,0,-24,3.46665252e-09,3.46665252e-09
9870,40,15347427,0,5769,0,-2,3.46665252e-09,3.46665252e-09
9871,43,15353196,0,5769,0,12.297692,3.46665252e-09,3.46665252e-09
9872,42,15353196,0,5769,0,24,3.46665252e-09,3.46665252e-09
9873,41,15353196,0,5769,0,-25,3.46665252e-09,3.46665252e-09
9874,40,15353196,0,5769,0,-2,3.46665252e-09,3.46665252e-09
9875,43,15358965,0,5769,0,12.297692,3.46665252e-09,3.46665252e-09
9876,42,15358965,0,5769,0,24,3.46665252e-09,3.46665252e-09
9877,41,15358965,0,5769,0,-24,3.46665252e-09,3.46665252e-09
9878,40,15358965,0,5769,0,-2,3.46665252e-09,3.46665252e-09
9879,43,15364734,0,5769,0,12.297692,3.46665252e-09,3.46665252e-09
9880,42,15364734,0,5769,0,24,3.46665252e-09,3.46665252e-09
9881,41,15364734,0,5769,0,-25,3.46665252e-09,3.46665252e-09
9882,40,15364734,0,5769,0,-2,3.46665252e-09,3.46665252e-09
9883,43,15370503,0,5769,0,12.297692,3.46665252e-09,3.46665252e-09
9884,42,15370503,0,5769,0,24,3.46665252e-09,3.46665252e-09
9885,41,15370503,0,5769,0,-25,3.46665252e-09,3.46665252e-09
9886,40,15370503,0,5769,0,-2,3.46665252e-09,3.46665252e-09
9887,43,15376272,0,5769,0,12.297692,3.46665252e-09,3.46665252e-09
9888,42,15376272,0,5769,0,23,3.46665252e-09,3.46665252e-09
9889,41,15376272,0,5769,0,-24,3.46665252e-09,3.46665252e-09
9890,40,15376272,0,5769,0,-2,3.46665252e-09,3.46665252e-09
9891,43,15382041,0,5769,0,12.297692,3.46665252e-09,3.46665252e-09
9892,42,15382041,0,5769,0,24,3.46665252e-09,3.46665252e-09
9893,41,15382041,0,5769,0,-25,3.46665252e-09,3.46665252e-09
9894,40,15382041,0,5769,0,-1,3.46665252e-09,3.46665252e-09
9895,43,15387810,0,5769,0,12.297692,3.46665252e-09,3.46665252e-09
9896,42,15387810,0,5769,0,24,3.46665252e-09,3.46665252e-09
9897,41,15387810,0,5769,0,-24,3.46665252e-09,3.46665252e-09
9898,40,15387810,0,5769,0,-2,3.46665252e-09,3.46665252e-09
9899,43,15393579,0,5769,0,12.297692,3.46665252e-09,3.46665252e-09
9900,42,15393579,0,5769,0,24,3.46665252e-09,3.46665252e-09
9901,41,15393579,0,5769,0,-25,3.46665252e-09,3.46665252e-09
9902,40,15393579,0,5769,0,-2,3.46665252e-09,3.46665252e-09
9903,43,15399348,0,5769,0,12.297692,3.46665252e-09,3.46665252e-09
9904,42,15399348,0,5769,0,24,3.46665252e-09,3.46665252e-09
9905,41,15399348,0,5769,0,-24,3.46665252e-09,3.46665252e-09
9906,40,15399348,0,5769,0,-2,3.46665252e-09,3.46665252e-09
9907,43,15405117,0,5769,0,12.297692,3.46665252e-09,3.46665252e-09
9908,42,15405117,0,5769,0,24,3.46665252e-09,3.46665252e-09
9909,41,15405117,0,5769,0,-25,3.46665252e-09,3.46665252e-09
9910,40,15405117,0,5769,0,-2,3.46665252e-09,3.46665252e-09
9911,43,15410886,0,5769,0,12.297692,3.46665252e-09,3.46665252e-09
9912,42,15410886,0,5769,0,24,3.46665252e-09,3.46665252e-09
9913,41,15410886,0,5769,0,-25,3.46665252e-09,3.46665252e-09
9914,40,15410886,0,5769,0,-2,3.46665252e-09,3.46665252e-09
9915,43,15416655,0,5769,0,12.297692,3.46665252e-09,3.46665252e-09
9916,42,15416655,0,5769,0,24,3.46665252e-09,3.46665252e-09
9917,41,15416655,0,5769,0,-24,3.46665252e-09,3.46665252e-09
9918,40,15416655,0,5769,0,-2,3.46665252e-09,3.46665252e-09
9919,43,15422424,0,5769,0,12.297692,3.46665252e-09,3.46665252e-09
9920,42,15422424,0,5769,0,24,3.46665252e-09,3.46665252e-09
9921,41,15422424,0,5769,0,-25,3.46665252e-09,3.46665252e-09
9922,40,15422424,0,5769,0,-1,3.46665252e-09,3.46665252e-09
9923,43,15428193,0,5769,0,12.297692,3.46665252e-09,3.46665252e-09
9924,42,15428193,0,5769,0,24,3.46665252e-09,3.46665252e-09
9925,41,15428193,0,5769,0,-24,3.46665252e-09,3.46665252e-09
9926,40,15428193,0,5769,0,-2,3.46665252e-09,3.46665252e-09
9927,43,15433962,0,5769,0,12.297692,3.46665252e-09,3.46665252e-09
9928,42,15433962,0,5769,0,24,3.46665252e-09,3.46665252e-09
9929,41,15433962,0,5769,0,-25,3.46665252e-09,3.46665252e-09
9930,40,15433962,0,5769,0,-2,3.46665252e-09,3.46665252e-09
9931,43,15439731,0,5769,0,12.297692,3.46665252e-09,3.46665252e-09
9932,42,15439731,0,5769,0,24,3.46665252e-09,3.46665252e-09
9933,41,15439731,0,5769,0,-24,3.46665252e-09,3.46665252e-09
9934,40,15439731,0,5769,0,-2,3.46665252e-09,3.46665252e-09
9935,43,15445500,0,5769,0,12.297692,3.46665252e-09,3.46665252e-09
9936,42,15445500,0,5769,0,24,3.46665252e-09,3.46665252e-09
9937,41,15445500,0,5769,0,-25,3.46665252e-09,3.46665252e-09
9938,40,15445500,0,5769,0,-1,3.46665252e-09,3.46665252e-09
9939,43,15451269,0,5769,0,12.297692,3.46665252e-09,3.46665252e-09
9940,42,15451269,0,5769,0,24,3.46665252e-09,3.46665252e-09
9941,41,15451269,0,5769,0,-24,3.46665252e-09,3.46665252e-09
9942,40,15451269,0,5769,0,-2,3.46665252e-09,3.46665252e-09
9943,43,15457038,0,5769,0,12.297692,3.46665252e-09,3.46665252e-09
9944,42,15457038,0,5769,0,24,3.46665252e-09,3.46665252e-09
9945,41,15457038,0,5769,0,-25,3.46665252e-09,3.46665252e-09
9946,40,15457038,0,5769,0,-2,3.46665252e-09,3.46665252e-09
9947,43,15462807,0,5769,0,12.297692,3.46665252e-09,3.46665252e-09
9948,42,15462807,0,5769,0,24,3.46665252e-09,3.46665252e-09
9949,41,15462807,0,5769,0,-25,3.46665252e-09,3.46665252e-09
9950,40,15462807,0,5769,0,-1,3.46665252e-09,3.46665252e-09
9951,43,15468576,0,5769,0,12.297692,3.46665252e-09,3.46665252e-09
9952,42,15468576,0,5769,0,24,3.46665252e-09,3.46665252e-09
9953,41,15468576,0,5769,0,-24,3.46665252e-09,3.46665252e-09
9954,40,15468576,0,5769,0,-2,3.46665252e-09,3.46665252e-09
9955,43,15474345,0,5769,0,12.297692,3.46665252e-09,3.46665252e-09
9956,42,15474345,0,5769,0,24,3.46665252e-09,3.46665252e-09
9957,41,15474345,0,5769,0,-25,3.46665252e-09,3.46665252e-09
9958,40,15474345,0,5769,0,-2,3.46665252e-09,3.46665252e-09
9959,43,15480114,0,5769,0,12.297692,3.46665252e-09,3.46665252e-09
9960,42,15480114,0,5769,0,24,3.46665252e-09,3.46665252e-09
9961,41,15480114,0,5769,0,-24,3.46665252e-09,3.46665252e-09
9962,40,15480114,0,5769,0,-1,3.46665252e-09,3.46665252e-09
9963,43,15485883,0,5769,0,12.297692,3.46665252e-09,3.46665252e-09
9964,42,15485883,0,5769,0,24,3.46665252e-09,3.46665252e-09
9965,41,15485883,0,5769,0,-25,3.46665252e-09,3.46665252e-09
9966,40,15485883,0,5769,0,-2,3.46665252e-09,3.46665252e-09
9967,43,15491652,0,5769,0,12.297692,3.46665541e-09,3.46665541e-09
9968,42,15491652,0,5769,0,24,3.46665541e-09,3.46665541e-09
9969,41,15491652,0,5769,0,-24,3.46665541e-09,3.46665541e-09
9970,40,15491652,0,5769,0,-2,3.46665541e-09,3.46665541e-09
9971,43,15497421,0,5769,0,12.297692,3.46665407e-09,3.46665407e-09
9972,42,15497421,0,5769,0,24,3.46665407e-09,3.46665407e-09
9973,41,15497421,0,5769,0,-25,3.46665407e-09,3.46665407e-09
9974,40,15497421,0,5769,0,-1,3.46665407e-09,3.46665407e-09
9975,43,15503190,0,5769,0,12.297692,3.46665541e-09,3.46665541e-09
9976,42,15503190,0,5769,0,24,3.46665541e-09,3.46665541e-09
9977,41,15503190,0,5769,0,-24,3.46665541e-09,3.46665541e-09
9978,40,15503190,0,5769,0,-2,3.46665541e-09,3.46665541e-09
9979,43,15508959,0,5769,0,12.297692,3.46667361e-09,3.46667361e-09
9980,42,15508959,0,5769,0,24,3.46667361e-09,3.46667361e-09
9981,41,15508959,0,5769,0,-25,3.46667361e-09,3.46667361e-09
9982,40,15508959,0,5769,0,-1,3.46667361e-09,3.46667361e-09
9983,43,15514728,0,5769,0,12.297692,3.46667361e-09,3.46667361e-09
9984,42,15514728,0,5769,0,24,3.46667361e-09,3.46667361e-09
9985,41,15514728,0,5769,0,-24,3.46667361e-09,3.46667361e-09
9986,40,15514728,0,5769,0,-2,3.46667361e-09,3.46667361e-09
9987,43,15520497,0,5769,0,12.297692,3.46667361e-09,3.46667361e-09
9988,42,15520497,0,5769,0,24,3.46667361e-09,3.46667361e-09
9989,41,15520497,0,5769,0,-25,3.46667361e-09,3.46667361e-09
9990,40,15520497,0,5769,0,-1,3.46667361e-09,3.46667361e-09
9991,43,15526266,0,5769,0,12.297692,3.46667361e-09,3.46667361e-09
9992,42,15526266,0,5769,0,24,3.46667361e-09,3.46667361e-09
9993,41,15526266,0,5769,0,-24,3.46667361e-09,3.46667361e-09
9994,40,15526266,0,5769,0,-2,3.46667361e-09,3.46667361e-09
9995,43,15532035,0,5769,0,12.297692,3.46667361e-09,3.46667361e-09
9996,42,15532035,0,5769,0,24,3.46667361e-09,3.46667361e-09
9997,41,15532035,0,5769,0,-25,3.46667361e-09,3.46667361e-09
9998,40,15532035,0,5769,0,-1,3.46667361e-09,3.46667361e-09
9999,43,15537804,0,5769,0,12.297692,3.46667361e-09,3.46667361e-09
10000,42,15537804,0,5769,0,24,3.46667361e-09,3.46667361e-09
10001,41,15537804,0,5769,0,-24,3.46667361e-09,3.46667361e-09
10002,40,15537804,0,5769,0,-1,3.46667361e-09,3.46667361e-09
10003,43,15543573,0,5769,0,12.297692,3.46667361e-09,3.46667361e-09
10004,42,15543573,0,5769,0,24,3.46667361e-09,3.46667361e-09
10005,41,15543573,0,5769,0,-25,3.46667361e-09,3.46667361e-09
10006,40,15543573,0,5769,0,-2,3.46667361e-09,3.46667361e-09
10007,43,15549342,0,5769,0,12.297692,3.46667361e-09,3.46667361e-09
10008,42,15549342,0,5769,0,24,3.46667361e-09,3.46667361e-09
10009,41,15549342,0,5769,0,-24,3.46667361e-09,3.46667361e-09
10010,40,15549342,0,5769,0,-1,3.46667361e-09,3.46667361e-09
10011,43,15555111,0,5769,0,12.297692,3.46667361e-09,3.46667361e-09
10012,42,15555111,0,5769,0,24,3.46667361e-09,3.46667361e-09
10013,41,15555111,0,5769,0,-25,3.46667361e-09,3.46667361e-09
10014,40,15555111,0,5769,0,-2,3.46667361e-09,3.46667361e-09
10015,43,15560880,0,5769,0,12.297692,3.46667361e-09,3.46667361e-09
10016,42,15560880,0,5769,0,24,3.46667361e-09,3.46667361e-09
10017,41,15560880,0,5769,0,-24,3.46667361e-09,3.46667361e-09
10018,40,15560880,0,5769,0,-1,3.46667361e-09,3.46667361e-09
10019,43,15566649,0,5769,0,12.297692,3.46667361e-09,3.46667361e-09
10020,42,15566649,0,5769,0,24,3.46667361e-09,3.46667361e-09
10021,41,15566649,0,5769,0,-25,3.46667361e-09,3.46667361e-09
10022,40,15566649,0,5769,0,-1,3.46667361e-09,3.46667361e-09
10023,43,15572418,0,5769,0,12.297692,3.46667361e-09,3.46667361e-09
10024,42,15572418,0,5769,0,24,3.46667361e-09,3.46667361e-09
10025,41,15572418,0,5769,0,-24,3.46667361e-09,3.46667361e-09
10026,40,15572418,0,5769,0,-2,3.46667361e-09,3.46667361e-09
10027,43,15578187,0,5769,0,12.297692,3.46667361e-09,3.46667361e-09
10028,42,15578187,0,5769,0,24,3.46667361e-09,3.46667361e-09
10029,41,15578187,0,5769,0,-25,3.46667361e-09,3.46667361e-09
10030,40,15578187,0,5769,0,-1,3.46667361e-09,3.46667361e-09
10031,43,15583956,0,5769,0,12.297692,3.46667361e-09,3.46667361e-09
10032,42,15583956,0,5769,0,24,3.46667361e-09,3.46667361e-09
10033,41,15583956,0,5769,0,-24,3.46667361e-09,3.46667361e-09
10034,40,15583956,0,5769,0,-1,3.46667361e-09,3.46667361e-09
10035,43,15589725,0,5769,0,12.297692,3.46667361e-09,3.46667361e-09
10036,42,15589725,0,5769,0,24,3.46667361e-09,3.46667361e-09
10037,41,15589725,0,5769,0,-25,3.46667361e-09,3.46667361e-09
10038,40,15589725,0,5769,0,-2,3.46667361e-09,3.46667361e-09
10039,43,15595494,0,5769,0,12.297692,3.46667361e-09,3.46667361e-09
10040,42,15595494,0,5769,0,24,3.46667361e-09,3.46667361e-09
10041,41,15595494,0,5769,0,-24,3.46667361e-09,3.46667361e-09
10042,40,15595494,0,5769,0,-1,3.46667361e-09,3.46667361e-09
10043,43,15601263,0,5769,0,12.297692,3.46667361e-09,3.46667361e-09
10044,42,15601263,0,5769,0,24,3.46667361e-09,3.46667361e-09
10045,41,15601263,0,5769,0,-25,3.46667361e-09,3.46667361e-09
10046,40,15601263,0,5769,0,-1,3.46667361e-09,3.46667361e-09
10047,43,15607032,0,5769,0,12.297692,3.46667361e-09,3.46667361e-09
10048,42,15607032,0,5769,0,24,3.46667361e-09,3.46667361e-09
10049,41,15607032,0,5769,0,-24,3.46667361e-09,3.46667361e-09
10050,40,15607032,0,5769,0,-1,3.46667361e-09,3.46667361e-09
10051,43,15612801,0,5769,0,12.297692,3.46667361e-09,3.46667361e-09
10052,42,15612801,0,5769,0,24,3.46667361e-09,3.46667361e-09
10053,41,15612801,0,5769,0,-25,3.46667361e-09,3.46667361e-09
10054,40,15612801,0,5769,0,-1,3.46667361e-09,3.46667361e-09
10055,43,15618570,0,5769,0,12.297692,3.46667361e-09,3.46667361e-09
10056,42,15618570,0,5769,0,24,3.46667361e-09,3.46667361e-09
10057,41,15618570,0,5769,0,-24,3.46667361e-09,3.46667361e-09
10058,40,15618570,0,5769,0,-2,3.46667361e-09,3.46667361e-09
10059,43,15624339,0,5769,0,12.297692,3.46667361e-09,3.46667361e-09
10060,42,15624339,0,5769,0,24,3.46667361e-09,3.46667361e-09
10061,41,15624339,0,5769,0,-25,3.46667361e-09,3.46667361e-09
10062,40,15624339,0,5769,0,-1,3.46667361e-09,3.46667361e-09
10063,43,15630108,0,5769,0,12.297692,3.46667361e-09,3.46667361e-09
10064,42,15630108,0,5769,0,25,3.46667361e-09,3.46667361e-09
10065,41,15630108,0,5769,0,-24,3.46667361e-09,3.46667361e-09
10066,40,15630108,0,5769,0,-1,3.46667361e-09,3.46667361e-09
10067,43,15635877,0,5769,0,12.297692,3.46667361e-09,3.46667361e-09
10068,42,15635877,0,5769,0,24,3.46667361e-09,3.46667361e-09
10069,41,15635877,0,5769,0,-25,3.46667361e-09,3.46667361e-09
10070,40,15635877,0,5769,0,-1,3.46667361e-09,3.46667361e-09
10071,43,15641646,0,5769,0,12.297692,3.46667361e-09,3.46667361e-09
10072,42,15641646,0,5769,0,24,3.46667361e-09,3.46667361e-09
10073,41,15641646,0,5769,0,-24,3.46667361e-09,3.46667361e-09
10074,40,15641646,0,5769,0,-1,3.46667361e-09,3.46667361e-09
10075,43,15647415,0,5769,0,12.297692,3.46667361e-09,3.46667361e-09
10076,42,15647415,0,5769,0,24,3.46667361e-09,3.46667361e-09
10077,41,15647415,0,5769,0,-25,3.46667361e-09,3.46667361e-09
10078,40,15647415,0,5769,0,-1,3.46667361e-09,3.46667361e-09
10079,43,15653184,0,5769,0,12.297692,3.46667361e-09,3.46667361e-09
10080,42,15653184,0,5769,0,24,3.46667361e-09,3.46667361e-09
10081,41,15653184,0,5769,0,-24,3.46667361e-09,3.46667361e-09
10082,40,15653184,0,5769,0,-1,3.46667361e-09,3.46667361e-09
10083,43,15658953,0,5769,0,12.297692,3.46667361e-09,3.46667361e-09
10084,42,15658953,0,5769,0,24,3.46667361e-09,3.46667361e-09
10085,41,15658953,0,5769,0,-25,3.46667361e-09,3.46667361e-09
10086,40,15658953,0,5769,0,-1,3.46667361e-09,3.46667361e-09
10087,43,15664722,0,5769,0,12.297692,3.46667361e-09,3.46667361e-09
10088,42,15664722,0,5769,0,24,3.46667361e-09,3.46667361e-09
10089,41,15664722,0,5769,0,-24,3.46667361e-09,3.46667361e-09
10090,40,15664722,0,5769,0,-1,3.46667361e-09,3.46667361e-09
10091,43,15670491,0,5769,0,12.297692,3.46667361e-09,3.46667361e-09
10092,42,15670491,0,5769,0,24,3.46667361e-09,3.46667361e-09
10093,41,15670491,0,5769,0,-24,3.46667361e-09,3.46667361e-09
10094,40,15670491,0,5769,0,-1,3.46667361e-09,3.46667361e-09
10095,43,15676260,0,5769,0,12.297692,3.46667361e-09,3.46667361e-09
10096,42,15676260,0,5769,0,24,3.46667361e-09,3.46667361e-09
10097,41,15676260,0,5769,0,-25,3.46667361e-09,3.46667361e-09
10098,40,15676260,0,5769,0,-1,3.46667361e-09,3.46667361e-09
10099,43,15682029,0,5769,0,12.297692,3.46667361e-09,3.46667361e-09
10100,42,15682029,0,5769,0,24,3.46667361e-09,3.46667361e-09
10101,41,15682029,0,5769,0,-24,3.46667361e-09,3.46667361e-09
10102,40,15682029,0,5769,0,-1,3.46667361e-09,3.46667361e-09
10103,43,15687798,0,5769,0,12.297692,3.46667361e-09,3.46667361e-09
10104,42,15687798,0,5769,0,25,3.46667361e-09,3.46667361e-09
10105,41,15687798,0,5769,0,-25,3.46667361e-09,3.46667361e-09
10106,40,15687798,0,5769,0,-1,3.46667361e-09,3.46667361e-09
10107,43,15693567,0,5769,0,12.297692,3.46667361e-09,3.46667361e-09
10108,42,15693567,0,5769,0,24,3.46667361e-09,3.46667361e-09
10109,41,15693567,0,5769,0,-24,3.46667361e-09,3.46667361e-09
10110,40,15693567,0,5769,0,-1,3.46667361e-09,3.46667361e-09
10111,43,15699336,0,5769,0,12.297692,3.46667361e-09,3.46667361e-09
10112,42,15699336,0,5769,0,24,3.46667361e-09,3.46667361e-09
10113,41,15699336,0,5769,0,-25,3.46667361e-09,3.46667361e-09
10114,40,15699336,0,5769,0,-1,3.46667361e-09,3.46667361e-09
10115,43,15705105,0,5769,0,12.297692,3.46667361e-09,3.46667361e-09
10116,42,15705105,0,5769,0,24,3.46667361e-09,3.46667361e-09
10117,41,15705105,0,5769,0,-24,3.46667361e-09,3.46667361e-09
10118,40,15705105,0,5769,0,-1,3.46667361e-09,3.46667361e-09
10119,43,15710874,0,5769,0,12.297692,3.46667361e-09,3.46667361e-09
10120,42,15710874,0,5769,0,24,3.46667361e-09,3.46667361e-09
10121,41,15710874,0,5769,0,-24,3.46667361e-09,3.46667361e-09
10122,40,15710874,0,5769,0,-1,3.46667361e-09,3.46667361e-09
10123,43,15716643,0,5769,0,12.297692,3.46667361e-09,3.46667361e-09
10124,42,15716643,0,5769,0,24,3.46667361e-09,3.46667361e-09
10125,41,15716643,0,5769,0,-25,3.46667361e-09,3.46667361e-09
10126,40,15716643,0,5769,0,-1,3.46667361e-09,3.46667361e-09
10127,43,15722412,0,5769,0,12.297692,3.46667361e-09,3.46667361e-09
10128,42,15722412,0,5769,0,24,3.46667361e-09,3.46667361e-09
10129,41,15722412,0,5769,0,-24,3.46667361e-09,3.46667361e-09
10130,40,15722412,0,5769,0,-1,3.46667361e-09,3.46667361e-09
10131,43,15728181,0,5769,0,12.297692,3.46667361e-09,3.46667361e-09
10132,42,15728181,0,5769,0,24,3.46667361e-09,3.46667361e-09
10133,41,15728181,0,5769,0,-25,3.46667361e-09,3.46667361e-09
10134,40,15728181,0,5769,0,-1,3.46667361e-09,3.46667361e-09
10135,43,15733950,0,5769,0,12.297692,3.46667361e-09,3.46667361e-09
10136,42,15733950,0,5769,0,25,3.46667361e-09,3.46667361e-09
10137,41,15733950,0,5769,0,-24,3.46667361e-09,3.46667361e-09
10138,43,15739719,0,5769,0,12.297692,3.46667361e-09,3.46667361e-09
10139,42,15739719,0,5769,0,24,3.46667361e-09,3.46667361e-09
10140,41,15739719,0,5769,0,-25,3.46667361e-09,3.46667361e-09
10141,40,15739719,0,5769,0,-1,3.46667361e-09,3.46667361e-09
10142,43,15745488,0,5769,0,12.297692,3.46667361e-09,3.46667361e-09
10143,42,15745488,0,5769,0,24,3.46667361e-09,3.46667361e-09
10144,41,15745488,0,5769,0,-24,3.46667361e-09,3.46667361e-09
10145,40,15745488,0,5769,0,-1,3.46667361e-09,3.46667361e-09
10146,43,15751257,0,5769,0,12.297692,3.46667361e-09,3.46667361e-09
10147,42,15751257,0,5769,0,24,3.46667361e-09,3.46667361e-09
10148,41,15751257,0,5769,0,-24,3.46667361e-09,3.46667361e-09
10149,40,15751257,0,5769,0,-1,3.46667361e-09,3.46667361e-09
10150,43,15757026,0,5769,0,12.297692,3.46667361e-09,3.46667361e-09
10151,42,15757026,0,5769,0,24,3.46667361e-09,3.46667361e-09
10152,41,15757026,0,5769,0,-25,3.46667361e-09,3.46667361e-09
10153,43,15762795,0,5769,0,12.297692,3.46667361e-09,3.46667361e-09
10154,42,15762795,0,5769,0,24,3.46667361e-09,3.46667361e-09
10155,41,15762795,0,5769,0,-24,3.46667361e-09,3.46667361e-09
10156,40,15762795,0,5769,0,-1,3.46667361e-09,3.46667361e-09
10157,43,15768564,0,5769,0,12.297692,3.46667361e-09,3.46667361e-09
10158,42,15768564,0,5769,0,25,3.46667361e-09,3.46667361e-09
10159,41,15768564,0,5769,0,-25,3.46667361e-09,3.46667361e-09
10160,40,15768564,0,5769,0,-1,3.46667361e-09,3.46667361e-09
10161,43,15774333,0,5769,0,12.297692,3.46667361e-09,3.46667361e-09
10162,42,15774333,0,5769,0,24,3.46667361e-09,3.46667361e-09
10163,41,15774333,0,5769,0,-24,3.46667361e-09,3.46667361e-09
10164,43,15780102,0,5769,0,12.297692,3.46667361e-09,3.46667361e-09
10165,42,15780102,0,5769,0,24,3.46667361e-09,3.46667361e-09
10166,41,15780102,0,5769,0,-24,3.46667361e-09,3.46667361e-09
10167,40,15780102,0,5769,0,-1,3.46667361e-09,3.46667361e-09
10168,43,15785871,0,5769,0,12.297692,3.46667361e-09,3.46667361e-09
10169,42,15785871,0,5769,0,24,3.46667361e-09,3.46667361e-09
10170,41,15785871,0,5769,0,-25,3.46667361e-09,3.46667361e-09
10171,40,15785871,0,5769,0,-1,3.46667361e-09,3.46667361e-09
10172,43,15791640,0,5769,0,12.297692,3.46667361e-09,3.46667361e-09
10173,42,15791640,0,5769,0,24,3.46667361e-09,3.46667361e-09
10174,41,15791640,0,5769,0,-24,3.46667361e-09,3.46667361e-09
10175,43,15797409,0,5769,0,12.297692,3.46667361e-09,3.46667361e-09
10176,42,15797409,0,5769,0,24,3.46667361e-09,3.46667361e-09
10177,41,15797409,0,5769,0,-25,3.46667361e-09,3.46667361e-09
10178,40,15797409,0,5769,0,-1,3.46667361e-09,3.46667361e-09
10179,43,15803178,0,5769,0,12.297692,3.46667361e-09,3.46667361e-09
10180,42,15803178,0,5769,0,25,3.46667361e-09,3.46667361e-09
10181,41,15803178,0,5769,0,-24,3.46667361e-09,3.46667361e-09
10182,40,15803178,0,5769,0,-1,3.46667361e-09,3.46667361e-09
10183,43,15808947,0,5769,0,12.297692,3.46667361e-09,3.46667361e-09
10184,42,15808947,0,5769,0,24,3.46667361e-09,3.46667361e-09
10185,41,15808947,0,5769,0,-24,3.46667361e-09,3.46667361e-09
10186,43,15814716,0,5769,0,12.297692,3.46667361e-09,3.46667361e-09
10187,42,15814716,0,5769,0,24,3.46667361e-09,3.46667361e-09
10188,41,15814716,0,5769,0,-25,3.46667361e-09,3.46667361e-09
10189,40,15814716,0,5769,0,-1,3.46667361e-09,3.46667361e-09
10190,43,15820485,0,5769,0,12.297692,3.46667361e-09,3.46667361e-09
10191,42,15820485,0,5769,0,24,3.46667361e-09,3.46667361e-09
10192,41,15820485,0,5769,0,-24,3.46667361e-09,3.46667361e-09
10193,43,15826254,0,5769,0,12.297692,3.46667361e-09,3.46667361e-09
10194,42,15826254,0,5769,0,24,3.46667361e-09,3.46667361e-09
10195,41,15826254,0,5769,0,-25,3.46667361e-09,3.46667361e-09
10196,40,15826254,0,5769,0,-1,3.46667361e-09,3.46667361e-09
10197,43,15832023,0,5769,0,12.297692,3.46667361e-09,3.46667361e-09
10198,42,15832023,0,5769,0,25,3.46667361e-09,3.46667361e-09
10199,41,15832023,0,5769,0,-24,3.46667361e-09,3.46667361e-09
10200,43,15837792,0,5769,0,12.297692,3.46667361e-09,3.46667361e-09
10201,42,15837792,0,5769,0,24,3.46667361e-09,3.46667361e-09
10202,41,15837792,0,5769,0,-24,3.46667361e-09,3.46667361e-09
10203,40,15837792,0,5769,0,-1,3.46667361e-09,3.46667361e-09
10204,43,15843561,0,5769,0,12.297692,3.46667361e-09,3.46667361e-09
10205,42,15843561,0,5769,0,24,3.46667361e-09,3.46667361e-09
10206,41,15843561,0,5769,0,-25,3.46667361e-09,3.46667361e-09
10207,43,15849330,0,5769,0,12.297692,3.46667361e-09,3.46667361e-09
10208,42,15849330,0,5769,0,24,3.46667361e-09,3.46667361e-09
10209,41,15849330,0,5769,0,-24,3.46667361e-09,3.46667361e-09
10210,40,15849330,0,5769,0,-1,3.46667361e-09,3.46667361e-09
10211,43,15855099,0,5769,0,12.297692,3.46667206e-09,3.46667206e-09
10212,42,15855099,0,5769,0,24,3.46667206e-09,3.46667206e-09
10213,41,15855099,0,5769,0,-24,3.46667206e-09,3.46667206e-09
10214,43,15860868,0,5769,0,12.297692,3.46667273e-09,3.46667273e-09
10215,42,15860868,0,5769,0,25,3.46667273e-09,3.46667273e-09
10216,41,15860868,0,5769,0,-25,3.46667273e-09,3.46667273e-09
10217,40,15860868,0,5769,0,-1,3.46667273e-09,3.46667273e-09
10218,43,15866637,0,5769,0,12.297692,3.46667117e-09,3.46667117e-09
10219,42,15866637,0,5769,0,24,3.46667117e-09,3.46667117e-09
10220,41,15866637,0,5769,0,-24,3.46667117e-09,3.46667117e-09
10221,43,15872406,0,5769,0,12.297692,3.46666540e-09,3.46666540e-09
10222,42,15872406,0,5769,0,24,3.46666540e-09,3.46666540e-09
10223,41,15872406,0,5769,0,-24,3.46666540e-09,3.46666540e-09
10224,43,15878175,0,5769,0,12.297692,3.46666540e-09,3.46666540e-09
10225,42,15878175,0,5769,0,24,3.46666540e-09,3.46666540e-09
10226,41,15878175,0,5769,0,-25,3.46666540e-09,3.46666540e-09
10227,40,15878175,0,5769,0,-1,3.46666540e-09,3.46666540e-09
10228,43,15883944,0,5769,0,12.297692,3.46666540e-09,3.46666540e-09
10229,42,15883944,0,5769,0,25,3.46666540e-09,3.46666540e-09
10230,41,15883944,0,5769,0,-24,3.46666540e-09,3.46666540e-09
10231,43,15889713,0,5769,0,12.297692,3.46666540e-09,3.46666540e-09
10232,42,15889713,0,5769,0,24,3.46666540e-09,3.46666540e-09
10233,41,15889713,0,5769,0,-24,3.46666540e-09,3.46666540e-09
10234,43,15895482,0,5769,0,12.297692,3.46666540e-09,3.46666540e-09
10235,42,15895482,0,5769,0,24,3.46666540e-09,3.46666540e-09
10236,41,15895482,0,5769,0,-25,3.46666540e-09,3.46666540e-09
10237,40,15895482,0,5769,0,-1,3.46666540e-09,3.46666540e-09
10238,43,15901251,0,5769,0,12.297692,3.46666540e-09,3.46666540e-09
10239,42,15901251,0,5769,0,24,3.46666540e-09,3.46666540e-09
10240,41,15901251,0,5769,0,-24,3.46666540e-09,3.46666540e-09
10241,43,15907020,0,5769,0,12.297692,3.46666540e-09,3.46666540e-09
10242,42,15907020,0,5769,0,24,3.46666540e-09,3.46666540e-09
10243,41,15907020,0,5769,0,-24,3.46666540e-09,3.46666540e-09
10244,43,15912789,0,5769,0,12.297692,3.46666540e-09,3.46666540e-09
10245,42,15912789,0,5769,0,25,3.46666540e-09,3.46666540e-09
10246,41,15912789,0,5769,0,-25,3.46666540e-09,3.46666540e-09
10247,43,15918558,0,5769,0,12.297692,3.46666540e-09,3.46666540e-09
10248,42,15918558,0,5769,0,24,3.46666540e-09,3.46666540e-09
10249,41,15918558,0,5769,0,-24,3.46666540e-09,3.46666540e-09
10250,40,15918558,0,5769,0,-1,3.46666540e-09,3.46666540e-09
10251,43,15924327,0,5769,0,12.297692,3.46666629e-09,3.46666629e-09
10252,42,15924327,0,5769,0,24,3.46666629e-09,3.46666629e-09
10253,41,15924327,0,5769,0,-24,3.46666629e-09,3.46666629e-09
10254,43,15930096,0,5769,0,12.297692,3.46666762e-09,3.46666762e-09
10255,42,15930096,0,5769,0,24,3.46666762e-09,3.46666762e-09
10256,41,15930096,0,5769,0,-25,3.46666762e-09,3.46666762e-09
10257,43,15935865,0,5769,0,12.297692,3.46666762e-09,3.46666762e-09
10258,42,15935865,0,5769,0,25,3.46666762e-09,3.46666762e-09
10259,41,15935865,0,5769,0,-24,3.46666762e-09,3.46666762e-09
10260,43,15941634,0,5769,0,12.297692,3.46666762e-09,3.46666762e-09
10261,42,15941634,0,5769,0,24,3.46666762e-09,3.46666762e-09
10262,41,15941634,0,5769,0,-24,3.46666762e-09,3.46666762e-09
10263,43,15947403,0,5769,0,12.297692,3.46666762e-09,3.46666762e-09
10264,42,15947403,0,5769,0,24,3.46666762e-09,3.46666762e-09
10265,41,15947403,0,5769,0,-25,3.46666762e-09,3.46666762e-09
10266,40,15947403,0,5769,0,-1,3.46666762e-09,3.46666762e-09
10267,43,15953172,0,5769,0,12.297692,3.46666762e-09,3.46666762e-09
10268,42,15953172,0,5769,0,25,3.46666762e-09,3.46666762e-09
10269,41,15953172,0,5769,0,-24,3.46666762e-09,3.46666762e-09
10270,43,15958941,0,5769,0,12.297692,3.46666673e-09,3.46666673e-09
10271,42,15958941,0,5769,0,24,3.46666673e-09,3.46666673e-09
10272,41,15958941,0,5769,0,-24,3.46666673e-09,3.46666673e-09
10273,43,15964710,0,5769,0,12.297692,3.46666851e-09,3.46666851e-09
10274,42,15964710,0,5769,0,24,3.46666851e-09,3.46666851e-09
10275,41,15964710,0,5769,0,-25,3.46666851e-09,3.46666851e-09
10276,43,15970479,0,5769,0,12.297692,3.46666629e-09,3.46666629e-09
10277,42,15970479,0,5769,0,24,3.46666629e-09,3.46666629e-09
10278,41,15970479,0,5769,0,-24,3.46666629e-09,3.46666629e-09
10279,43,15976248,0,5769,0,12.297692,3.46666740e-09,3.46666740e-09
10280,42,15976248,0,5769,0,25,3.46666740e-09,3.46666740e-09
10281,41,15976248,0,5769,0,-24,3.46666740e-09,3.46666740e-09
10282,43,15982017,0,5769,0,12.297692,3.46666740e-09,3.46666740e-09
10283,42,15982017,0,5769,0,24,3.46666740e-09,3.46666740e-09
10284,41,15982017,0,5769,0,-25,3.46666740e-09,3.46666740e-09
10285,43,15987786,0,5769,0,12.297692,3.46666740e-09,3.46666740e-09
10286,42,15987786,0,5769,0,24,3.46666740e-09,3.46666740e-09
10287,41,15987786,0,5769,0,-24,3.46666740e-09,3.46666740e-09
10288,43,15993555,0,5769,0,12.297692,3.46666740e-09,3.46666740e-09
10289,42,15993555,0,5769,0,24,3.46666740e-09,3.46666740e-09
10290,41,15993555,0,5769,0,-24,3.46666740e-09,3.46666740e-09
10291,43,15999324,0,5769,0,12.297692,3.46666740e-09,3.46666740e-09
10292,42,15999324,0,5769,0,25,3.46666740e-09,3.46666740e-09
10293,41,15999324,0,5769,0,-24,3.46666740e-09,3.46666740e-09
10294,43,16005093,0,5769,0,12.297692,3.46666873e-09,3.46666873e-09
10295,42,16005093,0,5769,0,24,3.46666873e-09,3.46666873e-09
10296,41,16005093,0,5769,0,-25,3.46666873e-09,3.46666873e-09
10297,43,16010862,0,5769,0,12.297692,3.46666540e-09,3.46666540e-09
10298,42,16010862,0,5769,0,24,3.46666540e-09,3.46666540e-09
10299,41,16010862,0,5769,0,-24,3.46666540e-09,3.46666540e-09
10300,43,16016631,0,5769,0,12.297692,3.46666540e-09,3.46666540e-09
10301,42,16016631,0,5769,0,25,3.46666540e-09,3.46666540e-09
10302,41,16016631,0,5769,0,-24,3.46666540e-09,3.46666540e-09
10303,43,16022400,0,5769,0,12.297692,3.46666762e-09,3.46666762e-09
10304,42,16022400,0,5769,0,24,3.46666762e-09,3.46666762e-09
10305,41,16022400,0,5769,0,-24,3.46666762e-09,3.46666762e-09
10306,43,16028169,0,5769,0,12.297692,3.46666762e-09,3.46666762e-09
10307,42,16028169,0,5769,0,24,3.46666762e-09,3.46666762e-09
10308,41,16028169,0,5769,0,-25,3.46666762e-09,3.46666762e-09
10309,43,16033938,0,5769,0,12.297692,3.46666984e-09,3.46666984e-09
10310,42,16033938,0,5769,0,25,3.46666984e-09,3.46666984e-09
10311,41,16033938,0,5769,0,-24,3.46666984e-09,3.46666984e-09
10312,40,16033938,0,5769,0,1,3.46666984e-09,3.46666984e-09
10313,43,16039707,0,5769,0,12.297692,3.46666673e-09,3.46666673e-09
10314,42,16039707,0,5769,0,24,3.46666673e-09,3.46666673e-09
10315,41,16039707,0,5769,0,-24,3.46666673e-09,3.46666673e-09
10316,43,16045476,0,5769,0,12.297692,3.46666673e-09,3.46666673e-09
10317,42,16045476,0,5769,0,24,3.46666673e-09,3.46666673e-09
10318,41,16045476,0,5769,0,-25,3.46666673e-09,3.46666673e-09
10319,43,16051245,0,5769,0,12.297692,3.46666540e-09,3.46666540e-09
10320,42,16051245,0,5769,0,25,3.46666540e-09,3.46666540e-09
10321,41,16051245,0,5769,0,-24,3.46666540e-09,3.46666540e-09
10322,43,16057014,0,5769,0,12.297692,3.46666540e-09,3.46666540e-09
10323,42,16057014,0,5769,0,24,3.46666540e-09,3.46666540e-09
10324,41,16057014,0,5769,0,-24,3.46666540e-09,3.46666540e-09
10325,43,16062783,0,5769,0,12.297692,3.46666540e-09,3.46666540e-09
10326,42,16062783,0,5769,0,24,3.46666540e-09,3.46666540e-09
10327,41,16062783,0,5769,0,-24,3.46666540e-09,3.46666540e-09
10328,40,16062783,0,5769,0,1,3.46666540e-09,3.46666540e-09
10329,43,16068552,0,5769,0,12.297692,3.46666540e-09,3.46666540e-09
10330,42,16068552,0,5769,0,25,3.46666540e-09,3.46666540e-09
10331,41,16068552,0,5769,0,-25,3.46666540e-09,3.46666540e-09
10332,43,16074321,0,5769,0,12.297692,3.46666540e-09,3.46666540e-09
10333,42,16074321,0,5769,0,24,3.46666540e-09,3.46666540e-09
10334,41,16074321,0,5769,0,-24,3.46666540e-09,3.46666540e-09
10335,43,16080090,0,5769,0,12.297692,3.46666540e-09,3.46666540e-09
10336,42,16080090,0,5769,0,24,3.46666540e-09,3.46666540e-09
10337,41,16080090,0,5769,0,-24,3.46666540e-09,3.46666540e-09
10338,43,16085859,0,5769,0,12.297692,3.46666540e-09,3.46666540e-09
10339,42,16085859,0,5769,0,25,3.46666540e-09,3.46666540e-09
10340,41,16085859,0,5769,0,-24,3.46666540e-09,3.46666540e-09
10341,40,16085859,0,5769,0,1,3.46666540e-09,3.46666540e-09
10342,43,16091628,0,5769,0,12.297692,3.46666718e-09,3.46666718e-09
10343,42,16091628,0,5769,0,24,3.46666718e-09,3.46666718e-09
10344,41,16091628,0,5769,0,-24,3.46666718e-09,3.46666718e-09
10345,43,16097397,0,5769,0,12.297692,3.46666629e-09,3.46666629e-09
10346,42,16097397,0,5769,0,24,3.46666629e-09,3.46666629e-09
10347,41,16097397,0,5769,0,-25,3.46666629e-09,3.46666629e-09
10348,43,16103166,0,5769,0,12.297692,3.46666784e-09,3.46666784e-09
10349,42,16103166,0,5769,0,25,3.46666784e-09,3.46666784e-09
10350,41,16103166,0,5769,0,-24,3.46666784e-09,3.46666784e-09
10351,40,16103166,0,5769,0,1,3.46666784e-09,3.46666784e-09
10352,43,16108935,0,5769,0,12.297692,3.46667361e-09,3.46667361e-09
10353,42,16108935,0,5769,0,24,3.46667361e-09,3.46667361e-09
10354,41,16108935,0,5769,0,-24,3.46667361e-09,3.46667361e-09
10355,43,16114704,0,5769,0,12.297692,3.46667361e-09,3.46667361e-09
10356,42,16114704,0,5769,0,24,3.46667361e-09,3.46667361e-09
10357,41,16114704,0,5769,0,-24,3.46667361e-09,3.46667361e-09
10358,43,16120473,0,5769,0,12.297692,3.46667361e-09,3.46667361e-09
10359,42,16120473,0,5769,0,25,3.46667361e-09,3.46667361e-09
10360,41,16120473,0,5769,0,-25,3.46667361e-09,3.46667361e-09
10361,40,16120473,0,5769,0,1,3.46667361e-09,3.46667361e-09
10362,43,16126242,0,5769,0,12.297692,3.46667361e-09,3.46667361e-09
10363,42,16126242,0,5769,0,24,3.46667361e-09,3.46667361e-09
10364,41,16126242,0,5769,0,-24,3.46667361e-09,3.46667361e-09
10365,43,16132011,0,5769,0,12.297692,3.46667361e-09,3.46667361e-09
10366,42,16132011,0,5769,0,24,3.46667361e-09,3.46667361e-09
10367,41,16132011,0,5769,0,-24,3.46667361e-09,3.46667361e-09
10368,40,16132011,0,5769,0,1,3.46667361e-09,3.46667361e-09
10369,43,16137780,0,5769,0,12.297692,3.46667361e-09,3.46667361e-09
10370,42,16137780,0,5769,0,25,3.46667361e-09,3.46667361e-09
10371,41,16137780,0,5769,0,-24,3.46667361e-09,3.46667361e-09
10372,43,16143549,0,5769,0,12.297692,3.46667361e-09,3.46667361e-09
10373,42,16143549,0,5769,0,24,3.46667361e-09,3.46667361e-09
10374,41,16143549,0,5769,0,-24,3.46667361e-09,3.46667361e-09
10375,40,16143549,0,5769,0,1,3.46667361e-09,3.46667361e-09
10376,43,16149318,0,5769,0,12.297692,3.46667361e-09,3.46667361e-09
10377,42,16149318,0,5769,0,24,3.46667361e-09,3.46667361e-09
10378,41,16149318,0,5769,0,-25,3.46667361e-09,3.46667361e-09
10379,43,16155087,0,5769,0,12.297692,3.46667361e-09,3.46667361e-09
10380,42,16155087,0,5769,0,25,3.46667361e-09,3.46667361e-09
10381,41,16155087,0,5769,0,-24,3.46667361e-09,3.46667361e-09
10382,40,16155087,0,5769,0,1,3.46667361e-09,3.46667361e-09
10383,43,16160856,0,5769,0,12.297692,3.46667361e-09,3.46667361e-09
10384,42,16160856,0,5769,0,24,3.46667361e-09,3.46667361e-09
10385,41,16160856,0,5769,0,-24,3.46667361e-09,3.46667361e-09
10386,43,16166625,0,5769,0,12.297692,3.46667361e-09,3.46667361e-09
10387,42,16166625,0,5769,0,25,3.46667361e-09,3.46667361e-09
10388,41,16166625,0,5769,0,-24,3.46667361e-09,3.46667361e-09
10389,40,16166625,0,5769,0,1,3.46667361e-09,3.46667361e-09
10390,43,16172394,0,5769,0,12.297692,3.46667361e-09,3.46667361e-09
10391,42,16172394,0,5769,0,24,3.46667361e-09,3.46667361e-09
10392,41,16172394,0,5769,0,-24,3.46667361e-09,3.46667361e-09
10393,43,16178163,0,5769,0,12.297692,3.46667361e-09,3.46667361e-09
10394,42,16178163,0,5769,0,24,3.46667361e-09,3.46667361e-09
10395,41,16178163,0,5769,0,-25,3.46667361e-09,3.46667361e-09
10396,40,16178163,0,5769,0,1,3.46667361e-09,3.46667361e-09
10397,43,16183932,0,5769,0,12.297692,3.46667361e-09,3.46667361e-09
10398,42,16183932,0,5769,0,25,3.46667361e-09,3.46667361e-09
10399,41,16183932,0,5769,0,-24,3.46667361e-09,3.46667361e-09
10400,40,16183932,0,5769,0,1,3.46667361e-09,3.46667361e-09
10401,43,16189701,0,5769,0,12.297692,3.46667361e-09,3.46667361e-09
10402,42,16189701,0,5769,0,24,3.46667361e-09,3.46667361e-09
10403,41,16189701,0,5769,0,-24,3.46667361e-09,3.46667361e-09
10404,43,16195470,0,5769,0,12.297692,3.46667361e-09,3.46667361e-09
10405,42,16195470,0,5769,0,25,3.46667361e-09,3.46667361e-09
10406,41,16195470,0,5769,0,-24,3.46667361e-09,3.46667361e-09
10407,40,16195470,0,5769,0,1,3.46667361e-09,3.46667361e-09
10408,43,16201239,0,5769,0,12.297692,3.46667361e-09,3.46667361e-09
10409,42,16201239,0,5769,0,24,3.46667361e-09,3.46667361e-09
10410,41,16201239,0,5769,0,-24,3.46667361e-09,3.46667361e-09
10411,40,16201239,0,5769,0,1,3.46667361e-09,3.46667361e-09
10412,43,16207008,0,5769,0,12.297692,3.46667361e-09,3.46667361e-09
10413,42,16207008,0,5769,0,24,3.46667361e-09,3.46667361e-09
10414,41,16207008,0,5769,0,-24,3.46667361e-09,3.46667361e-09
10415,43,16212777,0,5769,0,12.297692,3.46667361e-09,3.46667361e-09
10416,42,16212777,0,5769,0,25,3.46667361e-09,3.46667361e-09
10417,41,16212777,0,5769,0,-25,3.46667361e-09,3.46667361e-09
10418,40,16212777,0,5769,0,1,3.46667361e-09,3.46667361e-09
10419,43,16218546,0,5769,0,12.297692,3.46667361e-09,3.46667361e-09
10420,42,16218546,0,5769,0,24,3.46667361e-09,3.46667361e-09
10421,41,16218546,0,5769,0,-24,3.46667361e-09,3.46667361e-09
10422,40,16218546,0,5769,0,1,3.46667361e-09,3.46667361e-09
10423,43,16224315,0,5769,0,12.297692,3.46667361e-09,3.46667361e-09
10424,42,16224315,0,5769,0,25,3.46667361e-09,3.46667361e-09
10425,41,16224315,0,5769,0,-24,3.46667361e-09,3.46667361e-09
10426,43,16230084,0,5769,0,12.297692,3.46667361e-09,3.46667361e-09
10427,42,16230084,0,5769,0,24,3.46667361e-09,3.46667361e-09
10428,41,16230084,0,5769,0,-24,3.46667361e-09,3.46667361e-09
10429,40,16230084,0,5769,0,1,3.46667361e-09,3.46667361e-09
10430,43,16235853,0,5769,0,12.297692,3.46667361e-09,3.46667361e-09
10431,42,16235853,0,5769,0,24,3.46667361e-09,3.46667361e-09
10432,41,16235853,0,5769,0,-24,3.46667361e-09,3.46667361e-09
10433,40,16235853,0,5769,0,1,3.46667361e-09,3.46667361e-09
10434,43,16241622,0,5769,0,12.297692,3.46667361e-09,3.46667361e-09
10435,42,16241622,0,5769,0,25,3.46667361e-09,3.46667361e-09
10436,41,16241622,0,5769,0,-24,3.46667361e-09,3.46667361e-09
10437,40,16241622,0,5769,0,1,3.46667361e-09,3.46667361e-09
10438,43,16247391,0,5769,0,12.297692,3.46667361e-09,3.46667361e-09
10439,42,16247391,0,5769,0,24,3.46667361e-09,3.46667361e-09
10440,41,16247391,0,5769,0,-25,3.46667361e-09,3.46667361e-09
10441,43,16253160,0,5769,0,12.297692,3.46667361e-09,3.46667361e-09
10442,42,16253160,0,5769,0,25,3.46667361e-09,3.46667361e-09
10443,41,16253160,0,5769,0,-24,3.46667361e-09,3.46667361e-09
10444,40,16253160,0,5769,0,1,3.46667361e-09,3.46667361e-09
10445,43,16258929,0,5769,0,12.297692,3.46667361e-09,3.46667361e-09
10446,42,16258929,0,5769,0,24,3.46667361e-09,3.46667361e-09
10447,41,16258929,0,5769,0,-24,3.46667361e-09,3.46667361e-09
10448,40,16258929,0,5769,0,1,3.46667361e-09,3.46667361e-09
10449,43,16264698,0,5769,0,12.297692,3.46667361e-09,3.46667361e-09
10450,42,16264698,0,5769,0,25,3.46667361e-09,3.46667361e-09
10451,41,16264698,0,5769,0,-24,3.46667361e-09,3.46667361e-09
10452,40,16264698,0,5769,0,1,3.46667361e-09,3.46667361e-09
10453,43,16270467,0,5769,0,12.297692,3.46667361e-09,3.46667361e-09
10454,42,16270467,0,5769,0,24,3.46667361e-09,3.46667361e-09
10455,41,16270467,0,5769,0,-24,3.46667361e-09,3.46667361e-09
10456,40,16270467,0,5769,0,1,3.46667361e-09,3.46667361e-09
10457,43,16276236,0,5769,0,12.297692,3.46667361e-09,3.46667361e-09
10458,42,16276236,0,5769,0,24,3.46667361e-09,3.46667361e-09
10459,41,16276236,0,5769,0,-24,3.46667361e-09,3.46667361e-09
10460,40,16276236,0,5769,0,1,3.46667361e-09,3.46667361e-09
10461,43,16282005,0,5769,0,12.297692,3.46667361e-09,3.46667361e-09
10462,42,16282005,0,5769,0,25,3.46667361e-09,3.46667361e-09
10463,41,16282005,0,5769,0,-24,3.46667361e-09,3.46667361e-09
10464,40,16282005,0,5769,0,1,3.46667361e-09,3.46667361e-09
10465,43,16287774,0,5769,0,12.297692,3.46667361e-09,3.46667361e-09
10466,42,16287774,0,5769,0,24,3.46667361e-09,3.46667361e-09
10467,41,16287774,0,5769,0,-24,3.46667361e-09,3.46667361e-09
10468,40,16287774,0,5769,0,1,3.46667361e-09,3.46667361e-09
10469,43,16293543,0,5769,0,12.297692,3.46667361e-09,3.46667361e-09
10470,42,16293543,0,5769,0,25,3.46667361e-09,3.46667361e-09
10471,41,16293543,0,5769,0,-25,3.46667361e-09,3.46667361e-09
10472,40,16293543,0,5769,0,1,3.46667361e-09,3.46667361e-09
10473,43,16299312,0,5769,0,12.297692,3.46667361e-09,3.46667361e-09
10474,42,16299312,0,5769,0,24,3.46667361e-09,3.46667361e-09
10475,41,16299312,0,5769,0,-24,3.46667361e-09,3.46667361e-09
10476,40,16299312,0,5769,0,1,3.46667361e-09,3.46667361e-09
10477,43,16305081,0,5769,0,12.297692,3.46667361e-09,3.46667361e-09
10478,42,16305081,0,5769,0,25,3.46667361e-09,3.46667361e-09
10479,41,16305081,0,5769,0,-24,3.46667361e-09,3.46667361e-09
10480,40,16305081,0,5769,0,1,3.46667361e-09,3.46667361e-09
10481,43,16310850,0,5769,0,12.297692,3.46667361e-09,3.46667361e-09
10482,42,16310850,0,5769,0,24,3.46667361e-09,3.46667361e-09
10483,41,16310850,0,5769,0,-24,3.46667361e-09,3.46667361e-09
10484,40,16310850,0,5769,0,1,3.46667361e-09,3.46667361e-09
10485,43,16316619,0,5769,0,12.297692,3.46667361e-09,3.46667361e-09
10486,42,16316619,0,5769,0,25,3.46667361e-09,3.46667361e-09
10487,41,16316619,0,5769,0,-24,3.46667361e-09,3.46667361e-09
10488,40,16316619,0,5769,0,1,3.46667361e-09,3.46667361e-09
10489,43,16322388,0,5769,0,12.297692,3.46667361e-09,3.46667361e-09
10490,42,16322388,0,5769,0,24,3.46667361e-09,3.46667361e-09
10491,41,16322388,0,5769,0,-24,3.46667361e-09,3.46667361e-09
10492,40,16322388,0,5769,0,1,3.46667361e-09,3.46667361e-09
10493,43,16328157,0,5769,0,12.297692,3.46667361e-09,3.46667361e-09
10494,42,16328157,0,5769,0,24,3.46667361e-09,3.46667361e-09
10495,41,16328157,0,5769,0,-24,3.46667361e-09,3.46667361e-09
10496,40,16328157,0,5769,0,1,3.46667361e-09,3.46667361e-09
10497,43,16333926,0,5769,0,12.297692,3.46667361e-09,3.46667361e-09
10498,42,16333926,0,5769,0,25,3.46667361e-09,3.46667361e-09
10499,41,16333926,0,5769,0,-24,3.46667361e-09,3.46667361e-09
10500,40,16333926,0,5769,0,1,3.46667361e-09,3.46667361e-09
10501,43,16339695,0,5769,0,12.297692,3.46667361e-09,3.46667361e-09
10502,42,16339695,0,5769,0,24,3.46667361e-09,3.46667361e-09
10503,41,16339695,0,5769,0,-24,3.46667361e-09,3.46667361e-09
10504,40,16339695,0,5769,0,1,3.46667361e-09,3.46667361e-09
10505,43,16345464,0,5769,0,12.297692,3.46667361e-09,3.46667361e-09
10506,42,16345464,0,5769,0,25,3.46667361e-09,3.46667361e-09
10507,41,16345464,0,5769,0,-24,3.46667361e-09,3.46667361e-09
10508,40,16345464,0,5769,0,1,3.46667361e-09,3.46667361e-09
10509,43,16351233,0,5769,0,12.297692,3.46667361e-09,3.46667361e-09
10510,42,16351233,0,5769,0,24,3.46667361e-09,3.46667361e-09
10511,41,16351233,0,5769,0,-25,3.46667361e-09,3.46667361e-09
10512,40,16351233,0,5769,0,1,3.46667361e-09,3.46667361e-09
10513,43,16357002,0,5769,0,12.297692,3.46667361e-09,3.46667361e-09
10514,42,16357002,0,5769,0,25,3.46667361e-09,3.46667361e-09
10515,41,16357002,0,5769,0,-24,3.46667361e-09,3.46667361e-09
10516,40,16357002,0,5769,0,1,3.46667361e-09,3.46667361e-09
10517,43,16362771,0,5769,0,12.297692,3.46667361e-09,3.46667361e-09
10518,42,16362771,0,5769,0,24,3.46667361e-09,3.46667361e-09
10519,41,16362771,0,5769,0,-24,3.46667361e-09,3.46667361e-09
10520,40,16362771,0,5769,0,2,3.46667361e-09,3.46667361e-09
10521,43,16368540,0,5769,0,12.297692,3.46667361e-09,3.46667361e-09
10522,42,16368540,0,5769,0,25,3.46667361e-09,3.46667361e-09
10523,41,16368540,0,5769,0,-24,3.46667361e-09,3.46667361e-09
10524,40,16368540,0,5769,0,1,3.46667361e-09,3.46667361e-09
10525,43,16374309,0,5769,0,12.297692,3.46667361e-09,3.46667361e-09
10526,42,16374309,0,5769,0,24,3.46667361e-09,3.46667361e-09
10527,41,16374309,0,5769,0,-24,3.46667361e-09,3.46667361e-09
10528,40,16374309,0,5769,0,1,3.46667361e-09,3.46667361e-09
10529,43,16380078,0,5769,0,12.297692,3.46667361e-09,3.46667361e-09
10530,42,16380078,0,5769,0,25,3.46667361e-09,3.46667361e-09
10531,41,16380078,0,5769,0,-24,3.46667361e-09,3.46667361e-09
10532,40,16380078,0,5769,0,1,3.46667361e-09,3.46667361e-09
10533,43,16385847,0,5769,0,12.297692,3.46667361e-09,3.46667361e-09
10534,42,16385847,0,5769,0,24,3.46667361e-09,3.46667361e-09
10535,41,16385847,0,5769,0,-24,3.46667361e-09,3.46667361e-09
10536,40,16385847,0,5769,0,1,3.46667361e-09,3.46667361e-09
10537,43,16391616,0,5769,0,12.297692,3.46667361e-09,3.46667361e-09
10538,42,16391616,0,5769,0,25,3.46667361e-09,3.46667361e-09
10539,41,16391616,0,5769,0,-24,3.46667361e-09,3.46667361e-09
10540,40,16391616,0,5769,0,2,3.46667361e-09,3.46667361e-09
10541,43,16397385,0,5769,0,12.297692,3.46667361e-09,3.46667361e-09
10542,42,16397385,0,5769,0,24,3.46667361e-09,3.46667361e-09
10543,41,16397385,0,5769,0,-24,3.46667361e-09,3.46667361e-09
10544,40,16397385,0,5769,0,1,3.46667361e-09,3.46667361e-09
10545,43,16403154,0,5769,0,12.297692,3.46667361e-09,3.46667361e-09
10546,42,16403154,0,5769,0,25,3.46667361e-09,3.46667361e-09
10547,41,16403154,0,5769,0,-24,3.46667361e-09,3.46667361e-09
10548,40,16403154,0,5769,0,1,3.46667361e-09,3.46667361e-09
10549,43,16408923,0,5769,0,12.297692,3.46667361e-09,3.46667361e-09
10550,42,16408923,0,5769,0,24,3.46667361e-09,3.46667361e-09
10551,41,16408923,0,5769,0,-24,3.46667361e-09,3.46667361e-09
10552,40,16408923,0,5769,0,2,3.46667361e-09,3.46667361e-09
10553,43,16414692,0,5769,0,12.297692,3.46667361e-09,3.46667361e-09
10554,42,16414692,0,5769,0,25,3.46667361e-09,3.46667361e-09
10555,41,16414692,0,5769,0,-24,3.46667361e-09,3.46667361e-09
10556,40,16414692,0,5769,0,1,3.46667361e-09,3.46667361e-09
10557,43,16420461,0,5769,0,12.297692,3.46667361e-09,3.46667361e-09
10558,42,16420461,0,5769,0,24,3.46667361e-09,3.46667361e-09
10559,41,16420461,0,5769,0,-24,3.46667361e-09,3.46667361e-09
10560,40,16420461,0,5769,0,1,3.46667361e-09,3.46667361e-09
10561,43,16426230,0,5769,0,12.297692,3.46667361e-09,3.46667361e-09
10562,42,16426230,0,5769,0,25,3.46667361e-09,3.46667361e-09
10563,41,16426230,0,5769,0,-24,3.46667361e-09,3.46667361e-09
10564,40,16426230,0,5769,0,2,3.46667361e-09,3.46667361e-09
10565,43,16431999,0,5769,0,12.297692,3.46667361e-09,3.46667361e-09
10566,42,16431999,0,5769,0,24,3.46667361e-09,3.46667361e-09
10567,41,16431999,0,5769,0,-24,3.46667361e-09,3.46667361e-09
10568,40,16431999,0,5769,0,1,3.46667361e-09,3.46667361e-09
10569,43,16437768,0,5769,0,12.297692,3.46667361e-09,3.46667361e-09
10570,42,16437768,0,5769,0,25,3.46667361e-09,3.46667361e-09
10571,41,16437768,0,5769,0,-24,3.46667361e-09,3.46667361e-09
10572,40,16437768,0,5769,0,2,3.46667361e-09,3.46667361e-09
10573,43,16443537,0,5769,0,12.297692,3.46667361e-09,3.46667361e-09
10574,42,16443537,0,5769,0,24,3.46667361e-09,3.46667361e-09
10575,41,16443537,0,5769,0,-24,3.46667361e-09,3.46667361e-09
10576,40,16443537,0,5769,0,1,3.46667361e-09,3.46667361e-09
10577,43,16449306,0,5769,0,12.297692,3.46667361e-09,3.46667361e-09
10578,42,16449306,0,5769,0,25,3.46667361e-09,3.46667361e-09
10579,41,16449306,0,5769,0,-24,3.46667361e-09,3.46667361e-09
10580,40,16449306,0,5769,0,1,3.46667361e-09,3.46667361e-09
10581,43,16455075,0,5769,0,12.297692,3.46667361e-09,3.46667361e-09
10582,42,16455075,0,5769,0,24,3.46667361e-09,3.46667361e-09
10583,41,16455075,0,5769,0,-24,3.46667361e-09,3.46667361e-09
10584,40,16455075,0,5769,0,2,3.46667361e-09,3.46667361e-09
10585,43,16460844,0,5769,0,12.297692,3.46667361e-09,3.46667361e-09
10586,42,16460844,0,5769,0,25,3.46667361e-09,3.46667361e-09
10587,41,16460844,0,5769,0,-24,3.46667361e-09,3.46667361e-09
10588,40,16460844,0,5769,0,1,3.46667361e-09,3.46667361e-09
10589,43,16466613,0,5769,0,12.297692,3.46667273e-09,3.46667273e-09
10590,42,16466613,0,5769,0,24,3.46667273e-09,3.46667273e-09
10591,41,16466613,0,5769,0,-24,3.46667273e-09,3.46667273e-09
10592,40,16466613,0,5769,0,2,3.46667273e-09,3.46667273e-09
10593,43,16472382,0,5769,0,12.297692,3.46667206e-09,3.46667206e-09
10594,42,16472382,0,5769,0,25,3.46667206e-09,3.46667206e-09
10595,41,16472382,0,5769,0,-24,3.46667206e-09,3.46667206e-09
10596,40,16472382,0,5769,0,1,3.46667206e-09,3.46667206e-09
10597,43,16478151,0,5769,0,12.297692,3.46665252e-09,3.46665252e-09
10598,42,16478151,0,5769,0,24,3.46665252e-09,3.46665252e-09
10599,41,16478151,0,5769,0,-24,3.46665252e-09,3.46665252e-09
10600,40,16478151,0,5769,0,2,3.46665252e-09,3.46665252e-09
10601,43,16483920,0,5769,0,12.297692,3.46665252e-09,3.46665252e-09
10602,42,16483920,0,5769,0,25,3.46665252e-09,3.46665252e-09
10603,41,16483920,0,5769,0,-24,3.46665252e-09,3.46665252e-09
10604,40,16483920,0,5769,0,1,3.46665252e-09,3.46665252e-09
10605,43,16489689,0,5769,0,12.297692,3.46665252e-09,3.46665252e-09
10606,42,16489689,0,5769,0,24,3.46665252e-09,3.46665252e-09
10607,41,16489689,0,5769,0,-24,3.46665252e-09,3.46665252e-09
10608,40,16489689,0,5769,0,2,3.46665252e-09,3.46665252e-09
10609,43,16495458,0,5769,0,12.297692,3.46665252e-09,3.46665252e-09
10610,42,16495458,0,5769,0,25,3.46665252e-09,3.46665252e-09
10611,41,16495458,0,5769,0,-24,3.46665252e-09,3.46665252e-09
10612,40,16495458,0,5769,0,2,3.46665252e-09,3.46665252e-09
10613,43,16501227,0,5769,0,12.297692,3.46665252e-09,3.46665252e-09
10614,42,16501227,0,5769,0,24,3.46665252e-09,3.46665252e-09
10615,41,16501227,0,5769,0,-24,3.46665252e-09,3.46665252e-09
10616,40,16501227,0,5769,0,1,3.46665252e-09,3.46665252e-09
10617,43,16506996,0,5769,0,12.297692,3.46665252e-09,3.46665252e-09
10618,42,16506996,0,5769,0,25,3.46665252e-09,3.46665252e-09
10619,41,16506996,0,5769,0,-24,3.46665252e-09,3.46665252e-09
10620,40,16506996,0,5769,0,2,3.46665252e-09,3.46665252e-09
10621,43,16512765,0,5769,0,12.297692,3.46665252e-09,3.46665252e-09
10622,42,16512765,0,5769,0,24,3.46665252e-09,3.46665252e-09
10623,41,16512765,0,5769,0,-24,3.46665252e-09,3.46665252e-09
10624,40,16512765,0,5769,0,2,3.46665252e-09,3.46665252e-09
10625,43,16518534,0,5769,0,12.297692,3.46665252e-09,3.46665252e-09
10626,42,16518534,0,5769,0,25,3.46665252e-09,3.46665252e-09
10627,41,16518534,0,5769,0,-24,3.46665252e-09,3.46665252e-09
10628,40,16518534,0,5769,0,1,3.46665252e-09,3.46665252e-09
10629,43,16524303,0,5769,0,12.297692,3.46665252e-09,3.46665252e-09
10630,42,16524303,0,5769,0,25,3.46665252e-09,3.46665252e-09
10631,41,16524303,0,5769,0,-24,3.46665252e-09,3.46665252e-09
10632,40,16524303,0,5769,0,2,3.46665252e-09,3.46665252e-09
10633,43,16530072,0,5769,0,12.297692,3.46665252e-09,3.46665252e-09
10634,42,16530072,0,5769,0,24,3.46665252e-09,3.46665252e-09
10635,41,16530072,0,5769,0,-24,3.46665252e-09,3.46665252e-09
10636,40,16530072,0,5769,0,2,3.46665252e-09,3.46665252e-09
10637,43,16535841,0,5769,0,12.297692,3.46665252e-09,3.46665252e-09
10638,42,16535841,0,5769,0,25,3.46665252e-09,3.46665252e-09
10639,41,16535841,0,5769,0,-24,3.46665252e-09,3.46665252e-09
10640,40,16535841,0,5769,0,1,3.46665252e-09,3.46665252e-09
10641,43,16541610,0,5769,0,12.297692,3.46665252e-09,3.46665252e-09
10642,42,16541610,0,5769,0,24,3.46665252e-09,3.46665252e-09
10643,41,16541610,0,5769,0,-24,3.46665252e-09,3.46665252e-09
10644,40,16541610,0,5769,0,2,3.46665252e-09,3.46665252e-09
10645,43,16547379,0,5769,0,12.297692,3.46665252e-09,3.46665252e-09
10646,42,16547379,0,5769,0,25,3.46665252e-09,3.46665252e-09
10647,41,16547379,0,5769,0,-24,3.46665252e-09,3.46665252e-09
10648,40,16547379,0,5769,0,2,3.46665252e-09,3.46665252e-09
10649,43,16553148,0,5769,0,12.297692,3.46665252e-09,3.46665252e-09
10650,42,16553148,0,5769,0,24,3.46665252e-09,3.46665252e-09
10651,41,16553148,0,5769,0,-24,3.46665252e-09,3.46665252e-09
10652,40,16553148,0,5769,0,2,3.46665252e-09,3.46665252e-09
10653,43,16558917,0,5769,0,12.297692,3.46665252e-09,3.46665252e-09
10654,42,16558917,0,5769,0,25,3.46665252e-09,3.46665252e-09
10655,41,16558917,0,5769,0,-24,3.46665252e-09,3.46665252e-09
10656,40,16558917,0,5769,0,1,3.46665252e-09,3.46665252e-09
10657,43,16564686,0,5769,0,12.297692,3.46665252e-09,3.46665252e-09
10658,42,16564686,0,5769,0,24,3.46665252e-09,3.46665252e-09
10659,41,16564686,0,5769,0,-24,3.46665252e-09,3.46665252e-09
10660,40,16564686,0,5769,0,2,3.46665252e-09,3.46665252e-09
10661,43,16570455,0,5769,0,12.297692,3.46665252e-09,3.46665252e-09
10662,42,16570455,0,5769,0,25,3.46665252e-09,3.46665252e-09
10663,41,16570455,0,5769,0,-24,3.46665252e-09,3.46665252e-09
10664,40,16570455,0,5769,0,2,3.46665252e-09,3.46665252e-09
10665,43,16576224,0,5769,0,12.297692,3.46665252e-09,3.46665252e-09
10666,42,16576224,0,5769,0,25,3.46665252e-09,3.46665252e-09
10667,41,16576224,0,5769,0,-24,3.46665252e-09,3.46665252e-09
10668,40,16576224,0,5769,0,2,3.46665252e-09,3.46665252e-09
10669,43,16581993,0,5769,0,12.297692,3.46665252e-09,3.46665252e-09
10670,42,16581993,0,5769,0,24,3.46665252e-09,3.46665252e-09
10671,41,16581993,0,5769,0,-24,3.46665252e-09,3.46665252e-09
10672,40,16581993,0,5769,0,2,3.46665252e-09,3.46665252e-09
10673,43,16587762,0,5769,0,12.297692,3.46665252e-09,3.46665252e-09
10674,42,16587762,0,5769,0,25,3.46665252e-09,3.46665252e-09
10675,41,16587762,0,5769,0,-24,3.46665252e-09,3.46665252e-09
10676,40,16587762,0,5769,0,2,3.46665252e-09,3.46665252e-09
10677,43,16593531,0,5769,0,12.297692,3.46665252e-09,3.46665252e-09
10678,42,16593531,0,5769,0,24,3.46665252e-09,3.46665252e-09
10679,41,16593531,0,5769,0,-24,3.46665252e-09,3.46665252e-09
10680,40,16593531,0,5769,0,2,3.46665252e-09,3.46665252e-09
10681,43,16599300,0,5769,0,12.297692,3.46665252e-09,3.46665252e-09
10682,42,16599300,0,5769,0,25,3.46665252e-09,3.46665252e-09
10683,41,16599300,0,5769,0,-24,3.46665252e-09,3.46665252e-09
10684,40,16599300,0,5769,0,1,3.46665252e-09,3.46665252e-09
10685,43,16605069,0,5769,0,12.297692,3.46665252e-09,3.46665252e-09
10686,42,16605069,0,5769,0,24,3.46665252e-09,3.46665252e-09
10687,41,16605069,0,5769,0,-23,3.46665252e-09,3.46665252e-09
10688,40,16605069,0,5769,0,2,3.46665252e-09,3.46665252e-09
10689,43,16610838,0,5769,0,12.297692,3.46665252e-09,3.46665252e-09
10690,42,16610838,0,5769,0,25,3.46665252e-09,3.46665252e-09
10691,41,16610838,0,5769,0,-24,3.46665252e-09,3.46665252e-09
10692,40,16610838,0,5769,0,2,3.46665252e-09,3.46665252e-09
10693,43,16616607,0,5769,0,12.297692,3.46665541e-09,3.46665541e-09
10694,42,16616607,0,5769,0,25,3.46665541e-09,3.46665541e-09
10695,41,16616607,0,5769,0,-24,3.46665541e-09,3.46665541e-09
10696,40,16616607,0,5769,0,2,3.46665541e-09,3.46665541e-09
10697,43,16622376,0,5769,0,12.297692,3.46665541e-09,3.46665541e-09
10698,42,16622376,0,5769,0,24,3.46665541e-09,3.46665541e-09
10699,41,16622376,0,5769,0,-24,3.46665541e-09,3.46665541e-09
10700,40,16622376,0,5769,0,2,3.46665541e-09,3.46665541e-09
10701,43,16628145,0,5769,0,12.297692,3.46665541e-09,3.46665541e-09
10702,42,16628145,0,5769,0,25,3.46665541e-09,3.46665541e-09
10703,41,16628145,0,5769,0,-24,3.46665541e-09,3.46665541e-09
10704,40,16628145,0,5769,0,2,3.46665541e-09,3.46665541e-09
10705,43,16633914,0,5769,0,12.297692,3.46668982e-09,3.46668982e-09
10706,42,16633914,0,5769,0,24,3.46668982e-09,3.46668982e-09
10707,41,16633914,0,5769,0,-24,3.46668982e-09,3.46668982e-09
10708,40,16633914,0,5769,0,2,3.46668982e-09,3.46668982e-09
10709,43,16639683,0,5769,0,12.297692,3.46665407e-09,3.46665407e-09
10710,42,16639683,0,5769,0,25,3.46665407e-09,3.46665407e-09
10711,41,16639683,0,5769,0,-24,3.46665407e-09,3.46665407e-09
10712,40,16639683,0,5769,0,2,3.46665407e-09,3.46665407e-09
10713,43,16645452,0,5769,0,12.297692,3.46665407e-09,3.46665407e-09
10714,42,16645452,0,5769,0,25,3.46665407e-09,3.46665407e-09
10715,41,16645452,0,5769,0,-24,3.46665407e-09,3.46665407e-09
10716,40,16645452,0,5769,0,2,3.46665407e-09,3.46665407e-09
10717,43,16651221,0,5769,0,12.297692,3.46668982e-09,3.46668982e-09
10718,42,16651221,0,5769,0,24,3.46668982e-09,3.46668982e-09
10719,41,16651221,0,5769,0,-24,3.46668982e-09,3.46668982e-09
10720,40,16651221,0,5769,0,3,3.46668982e-09,3.46668982e-09
10721,43,16656990,0,5769,0,12.297692,3.46668982e-09,3.46668982e-09
10722,42,16656990,0,5769,0,25,3.46668982e-09,3.46668982e-09
10723,41,16656990,0,5769,0,-23,3.46668982e-09,3.46668982e-09
10724,40,16656990,0,5769,0,2,3.46668982e-09,3.46668982e-09
10725,43,16662759,0,5769,0,12.297692,3.46665407e-09,3.46665407e-09
10726,42,16662759,0,5769,0,24,3.46665407e-09,3.46665407e-09
10727,41,16662759,0,5769,0,-24,3.46665407e-09,3.46665407e-09
10728,40,16662759,0,5769,0,2,3.46665407e-09,3.46665407e-09
10729,43,16668528,0,5769,0,12.297692,3.46665407e-09,3.46665407e-09
10730,42,16668528,0,5769,0,25,3.46665407e-09,3.46665407e-09
10731,41,16668528,0,5769,0,-24,3.46665407e-09,3.46665407e-09
10732,40,16668528,0,5769,0,2,3.46665407e-09,3.46665407e-09
10733,43,16674297,0,5769,0,12.297692,3.46668982e-09,3.46668982e-09
10734,42,16674297,0,5769,0,25,3.46668982e-09,3.46668982e-09
10735,41,16674297,0,5769,0,-24,3.46668982e-09,3.46668982e-09
10736,40,16674297,0,5769,0,2,3.46668982e-09,3.46668982e-09
10737,43,16680066,0,5769,0,12.297692,3.46668982e-09,3.46668982e-09
10738,42,16680066,0,5769,0,24,3.46668982e-09,3.46668982e-09
10739,41,16680066,0,5769,0,-24,3.46668982e-09,3.46668982e-09
10740,40,16680066,0,5769,0,2,3.46668982e-09,3.46668982e-09
10741,43,16685835,0,5769,0,12.297692,3.46665407e-09,3.46665407e-09
10742,42,16685835,0,5769,0,25,3.46665407e-09,3.46665407e-09
10743,41,16685835,0,5769,0,-24,3.46665407e-09,3.46665407e-09
10744,40,16685835,0,5769,0,2,3.46665407e-09,3.46665407e-09
10745,43,16691604,0,5769,0,12.297692,3.46665407e-09,3.46665407e-09
10746,42,16691604,0,5769,0,24,3.46665407e-09,3.46665407e-09
10747,41,16691604,0,5769,0,-24,3.46665407e-09,3.46665407e-09
10748,40,16691604,0,5769,0,3,3.46665407e-09,3.46665407e-09
10749,43,16697373,0,5769,0,12.297692,3.46668982e-09,3.46668982e-09
10750,42,16697373,0,5769,0,25,3.46668982e-09,3.46668982e-09
10751,41,16697373,0,5769,0,-23,3.46668982e-09,3.46668982e-09
10752,40,16697373,0,5769,0,2,3.46668982e-09,3.46668982e-09
10753,43,16703142,0,5769,0,12.297692,3.46668982e-09,3.46668982e-09
10754,42,16703142,0,5769,0,25,3.46668982e-09,3.46668982e-09
10755,41,16703142,0,5769,0,-24,3.46668982e-09,3.46668982e-09
10756,40,16703142,0,5769,0,2,3.46668982e-09,3.46668982e-09
10757,43,16708911,0,5769,0,12.297692,3.46665407e-09,3.46665407e-09
10758,42,16708911,0,5769,0,24,3.46665407e-09,3.46665407e-09
10759,41,16708911,0,5769,0,-24,3.46665407e-09,3.46665407e-09
10760,40,16708911,0,5769,0,2,3.46665407e-09,3.46665407e-09
10761,43,16714680,0,5769,0,12.297692,3.46665407e-09,3.46665407e-09
10762,42,16714680,0,5769,0,25,3.46665407e-09,3.46665407e-09
10763,41,16714680,0,5769,0,-24,3.46665407e-09,3.46665407e-09
10764,40,16714680,0,5769,0,3,3.46665407e-09,3.46665407e-09
10765,43,16720449,0,5769,0,12.297692,3.46668982e-09,3.46668982e-09
10766,42,16720449,0,5769,0,25,3.46668982e-09,3.46668982e-09
10767,41,16720449,0,5769,0,-24,3.46668982e-09,3.46668982e-09
10768,40,16720449,0,5769,0,2,3.46668982e-09,3.46668982e-09
10769,43,16726218,0,5769,0,12.297692,3.46668982e-09,3.46668982e-09
10770,42,16726218,0,5769,0,24,3.46668982e-09,3.46668982e-09
10771,41,16726218,0,5769,0,-24,3.46668982e-09,3.46668982e-09
10772,40,16726218,0,5769,0,2,3.46668982e-09,3.46668982e-09
10773,43,16731987,0,5769,0,12.297692,3.46665407e-09,3.46665407e-09
10774,42,16731987,0,5769,0,25,3.46665407e-09,3.46665407e-09
10775,41,16731987,0,5769,0,-23,3.46665407e-09,3.46665407e-09
10776,40,16731987,0,5769,0,3,3.46665407e-09,3.46665407e-09
10777,43,16737756,0,5769,0,12.297692,3.46665407e-09,3.46665407e-09
10778,42,16737756,0,5769,0,24,3.46665407e-09,3.46665407e-09
10779,41,16737756,0,5769,0,-24,3.46665407e-09,3.46665407e-09
10780,40,16737756,0,5769,0,2,3.46665407e-09,3.46665407e-09
10781,43,16743525,0,5769,0,12.297692,3.46668982e-09,3.46668982e-09
10782,42,16743525,0,5769,0,25,3.46668982e-09,3.46668982e-09
10783,41,16743525,0,5769,0,-24,3.46668982e-09,3.46668982e-09
10784,40,16743525,0,5769,0,2,3.46668982e-09,3.46668982e-09
10785,43,16749294,0,5769,0,12.297692,3.46668982e-09,3.46668982e-09
10786,42,16749294,0,5769,0,25,3.46668982e-09,3.46668982e-09
10787,41,16749294,0,5769,0,-24,3.46668982e-09,3.46668982e-09
10788,40,16749294,0,5769,0,3,3.46668982e-09,3.46668982e-09
10789,43,16755063,0,5769,0,12.297692,3.46665407e-09,3.46665407e-09
10790,42,16755063,0,5769,0,24,3.46665407e-09,3.46665407e-09
10791,41,16755063,0,5769,0,-24,3.46665407e-09,3.46665407e-09
10792,40,16755063,0,5769,0,2,3.46665407e-09,3.46665407e-09
10793,43,16760832,0,5769,0,12.297692,3.46665407e-09,3.46665407e-09
10794,42,16760832,0,5769,0,25,3.46665407e-09,3.46665407e-09
10795,41,16760832,0,5769,0,-24,3.46665407e-09,3.46665407e-09
10796,40,16760832,0,5769,0,3,3.46665407e-09,3.46665407e-09
10797,43,16766601,0,5769,0,12.297692,3.46668982e-09,3.46668982e-09
10798,42,16766601,0,5769,0,25,3.46668982e-09,3.46668982e-09
10799,41,16766601,0,5769,0,-23,3.46668982e-09,3.46668982e-09
10800,40,16766601,0,5769,0,2,3.46668982e-09,3.46668982e-09
10801,43,16772370,0,5769,0,12.297692,3.46668982e-09,3.46668982e-09
10802,42,16772370,0,5769,0,24,3.46668982e-09,3.46668982e-09
10803,41,16772370,0,5769,0,-24,3.46668982e-09,3.46668982e-09
10804,40,16772370,0,5769,0,3,3.46668982e-09,3.46668982e-09
10805,43,16778139,0,5769,0,12.297692,3.46665407e-09,3.46665407e-09
10806,42,16778139,0,5769,0,25,3.46665407e-09,3.46665407e-09
10807,41,16778139,0,5769,0,-24,3.46665407e-09,3.46665407e-09
10808,40,16778139,0,5769,0,2,3.46665407e-09,3.46665407e-09
10809,43,16783908,0,5769,0,12.297692,3.46665407e-09,3.46665407e-09
10810,42,16783908,0,5769,0,25,3.46665407e-09,3.46665407e-09
10811,41,16783908,0,5769,0,-24,3.46665407e-09,3.46665407e-09
10812,40,16783908,0,5769,0,2,3.46665407e-09,3.46665407e-09
10813,43,16789677,0,5769,0,12.297692,3.46668982e-09,3.46668982e-09
10814,42,16789677,0,5769,0,24,3.46668982e-09,3.46668982e-09
10815,41,16789677,0,5769,0,-23,3.46668982e-09,3.46668982e-09
10816,40,16789677,0,5769,0,3,3.46668982e-09,3.46668982e-09
10817,43,16795446,0,5769,0,12.297692,3.46668982e-09,3.46668982e-09
10818,42,16795446,0,5769,0,25,3.46668982e-09,3.46668982e-09
10819,41,16795446,0,5769,0,-24,3.46668982e-09,3.46668982e-09
10820,40,16795446,0,5769,0,3,3.46668982e-09,3.46668982e-09
10821,43,16801215,0,5769,0,12.297692,3.46665407e-09,3.46665407e-09
10822,42,16801215,0,5769,0,25,3.46665407e-09,3.46665407e-09
10823,41,16801215,0,5769,0,-24,3.46665407e-09,3.46665407e-09
10824,40,16801215,0,5769,0,2,3.46665407e-09,3.46665407e-09
10825,43,16806984,0,5769,0,12.297692,3.46665407e-09,3.46665407e-09
10826,42,16806984,0,5769,0,24,3.46665407e-09,3.46665407e-09
10827,41,16806984,0,5769,0,-24,3.46665407e-09,3.46665407e-09
10828,40,16806984,0,5769,0,3,3.46665407e-09,3.46665407e-09
10829,43,16812753,0,5769,0,12.297692,3.46668982e-09,3.46668982e-09
10830,42,16812753,0,5769,0,25,3.46668982e-09,3.46668982e-09
10831,41,16812753,0,5769,0,-24,3.46668982e-09,3.46668982e-09
10832,40,16812753,0,5769,0,2,3.46668982e-09,3.46668982e-09
10833,43,16818522,0,5769,0,12.297692,3.46668982e-09,3.46668982e-09
10834,42,16818522,0,5769,0,25,3.46668982e-09,3.46668982e-09
10835,41,16818522,0,5769,0,-23,3.46668982e-09,3.46668982e-09
10836,40,16818522,0,5769,0,3,3.46668982e-09,3.46668982e-09
10837,43,16824291,0,5769,0,12.297692,3.46665407e-09,3.46665407e-09
10838,42,16824291,0,5769,0,24,3.46665407e-09,3.46665407e-09
10839,41,16824291,0,5769,0,-24,3.46665407e-09,3.46665407e-09
10840,40,16824291,0,5769,0,2,3.46665407e-09,3.46665407e-09
10841,43,16830060,0,5769,0,12.297692,3.46665407e-09,3.46665407e-09
10842,42,16830060,0,5769,0,25,3.46665407e-09,3.46665407e-09
10843,41,16830060,0,5769,0,-24,3.46665407e-09,3.46665407e-09
10844,40,16830060,0,5769,0,3,3.46665407e-09,3.46665407e-09
10845,43,16835829,0,5769,0,12.297692,3.46668982e-09,3.46668982e-09
10846,42,16835829,0,5769,0,25,3.46668982e-09,3.46668982e-09
10847,41,16835829,0,5769,0,-24,3.46668982e-09,3.46668982e-09
10848,40,16835829,0,5769,0,3,3.46668982e-09,3.46668982e-09
10849,43,16841598,0,5769,0,12.297692,3.46668982e-09,3.46668982e-09
10850,42,16841598,0,5769,0,24,3.46668982e-09,3.46668982e-09
10851,41,16841598,0,5769,0,-23,3.46668982e-09,3.46668982e-09
10852,40,16841598,0,5769,0,2,3.46668982e-09,3.46668982e-09
10853,43,16847367,0,5769,0,12.297692,3.46665407e-09,3.46665407e-09
10854,42,16847367,0,5769,0,25,3.46665407e-09,3.46665407e-09
10855,41,16847367,0,5769,0,-24,3.46665407e-09,3.46665407e-09
10856,40,16847367,0,5769,0,3,3.46665407e-09,3.46665407e-09
10857,43,16853136,0,5769,0,12.297692,3.46665407e-09,3.46665407e-09
10858,42,16853136,0,5769,0,25,3.46665407e-09,3.46665407e-09
10859,41,16853136,0,5769,0,-24,3.46665407e-09,3.46665407e-09
10860,40,16853136,0,5769,0,3,3.46665407e-09,3.46665407e-09
10861,43,16858905,0,5769,0,12.297692,3.46668982e-09,3.46668982e-09
10862,42,16858905,0,5769,0,24,3.46668982e-09,3.46668982e-09
10863,41,16858905,0,5769,0,-23,3.46668982e-09,3.46668982e-09
10864,40,16858905,0,5769,0,3,3.46668982e-09,3.46668982e-09
10865,43,16864674,0,5769,0,12.297692,3.46668982e-09,3.46668982e-09
10866,42,16864674,0,5769,0,25,3.46668982e-09,3.46668982e-09
10867,41,16864674,0,5769,0,-24,3.46668982e-09,3.46668982e-09
10868,40,16864674,0,5769,0,2,3.46668982e-09,3.46668982e-09
10869,43,16870443,0,5769,0,12.297692,3.46665407e-09,3.46665407e-09
10870,42,16870443,0,5769,0,25,3.46665407e-09,3.46665407e-09
10871,41,16870443,0,5769,0,-24,3.46665407e-09,3.46665407e-09
10872,40,16870443,0,5769,0,3,3.46665407e-09,3.46665407e-09
10873,43,16876212,0,5769,0,12.297692,3.46665407e-09,3.46665407e-09
10874,42,16876212,0,5769,0,24,3.46665407e-09,3.46665407e-09
10875,41,16876212,0,5769,0,-24,3.46665407e-09,3.46665407e-09
10876,40,16876212,0,5769,0,3,3.46665407e-09,3.46665407e-09
10877,43,16881981,0,5769,0,12.297692,3.46668982e-09,3.46668982e-09
10878,42,16881981,0,5769,0,25,3.46668982e-09,3.46668982e-09
10879,41,16881981,0,5769,0,-23,3.46668982e-09,3.46668982e-09
10880,40,16881981,0,5769,0,3,3.46668982e-09,3.46668982e-09
10881,43,16887750,0,5769,0,12.297692,3.46668982e-09,3.46668982e-09
10882,42,16887750,0,5769,0,25,3.46668982e-09,3.46668982e-09
10883,41,16887750,0,5769,0,-24,3.46668982e-09,3.46668982e-09
10884,40,16887750,0,5769,0,3,3.46668982e-09,3.46668982e-09
10885,43,16893519,0,5769,0,12.297692,3.46665407e-09,3.46665407e-09
10886,42,16893519,0,5769,0,24,3.46665407e-09,3.46665407e-09
10887,41,16893519,0,5769,0,-24,3.46665407e-09,3.46665407e-09
10888,40,16893519,0,5769,0,2,3.46665407e-09,3.46665407e-09
10889,43,16899288,0,5769,0,12.297692,3.46665407e-09,3.46665407e-09
10890,42,16899288,0,5769,0,25,3.46665407e-09,3.46665407e-09
10891,41,16899288,0,5769,0,-23,3.46665407e-09,3.46665407e-09
10892,40,16899288,0,5769,0,3,3.46665407e-09,3.46665407e-09
10893,43,16905057,0,5769,0,12.297692,3.46668982e-09,3.46668982e-09
10894,42,16905057,0,5769,0,25,3.46668982e-09,3.46668982e-09
10895,41,16905057,0,5769,0,-24,3.46668982e-09,3.46668982e-09
10896,40,16905057,0,5769,0,3,3.46668982e-09,3.46668982e-09
10897,43,16910826,0,5769,0,12.297692,3.46668982e-09,3.46668982e-09
10898,42,16910826,0,5769,0,25,3.46668982e-09,3.46668982e-09
10899,41,16910826,0,5769,0,-24,3.46668982e-09,3.46668982e-09
10900,40,16910826,0,5769,0,3,3.46668982e-09,3.46668982e-09
10901,43,16916595,0,5769,0,12.297692,3.46665407e-09,3.46665407e-09
10902,42,16916595,0,5769,0,24,3.46665407e-09,3.46665407e-09
10903,41,16916595,0,5769,0,-23,3.46665407e-09,3.46665407e-09
10904,40,16916595,0,5769,0,3,3.46665407e-09,3.46665407e-09
10905,43,16922364,0,5769,0,12.297692,3.46665407e-09,3.46665407e-09
10906,42,16922364,0,5769,0,25,3.46665407e-09,3.46665407e-09
10907,41,16922364,0,5769,0,-24,3.46665407e-09,3.46665407e-09
10908,40,16922364,0,5769,0,3,3.46665407e-09,3.46665407e-09
10909,43,16928133,0,5769,0,12.297692,3.46668982e-09,3.46668982e-09
10910,42,16928133,0,5769,0,25,3.46668982e-09,3.46668982e-09
10911,41,16928133,0,5769,0,-24,3.46668982e-09,3.46668982e-09
10912,40,16928133,0,5769,0,3,3.46668982e-09,3.46668982e-09
10913,43,16933902,0,5769,0,12.297692,3.46668982e-09,3.46668982e-09
10914,42,16933902,0,5769,0,24,3.46668982e-09,3.46668982e-09
10915,41,16933902,0,5769,0,-23,3.46668982e-09,3.46668982e-09
10916,40,16933902,0,5769,0,3,3.46668982e-09,3.46668982e-09
10917,43,16939671,0,5769,0,12.297692,3.46665407e-09,3.46665407e-09
10918,42,16939671,0,5769,0,25,3.46665407e-09,3.46665407e-09
10919,41,16939671,0,5769,0,-24,3.46665407e-09,3.46665407e-09
10920,40,16939671,0,5769,0,3,3.46665407e-09,3.46665407e-09
10921,43,16945440,0,5769,0,12.297692,3.46665496e-09,3.46665496e-09
10922,42,16945440,0,5769,0,25,3.46665496e-09,3.46665496e-09
10923,41,16945440,0,5769,0,-24,3.46665496e-09,3.46665496e-09
10924,40,16945440,0,5769,0,3,3.46665496e-09,3.46665496e-09
10925,43,16951209,0,5769,0,12.297692,3.46668894e-09,3.46668894e-09
10926,42,16951209,0,5769,0,25,3.46668894e-09,3.46668894e-09
10927,41,16951209,0,5769,0,-23,3.46668894e-09,3.46668894e-09
10928,40,16951209,0,5769,0,3,3.46668894e-09,3.46668894e-09
10929,43,16956978,0,5769,0,12.297692,3.46668894e-09,3.46668894e-09
10930,42,16956978,0,5769,0,24,3.46668894e-09,3.46668894e-09
10931,41,16956978,0,5769,0,-24,3.46668894e-09,3.46668894e-09
10932,40,16956978,0,5769,0,3,3.46668894e-09,3.46668894e-09
10933,43,16962747,0,5769,0,12.297692,3.46668894e-09,3.46668894e-09
10934,42,16962747,0,5769,0,25,3.46668894e-09,3.46668894e-09
10935,41,16962747,0,5769,0,-24,3.46668894e-09,3.46668894e-09
10936,40,16962747,0,5769,0,3,3.46668894e-09,3.46668894e-09
10937,43,16968516,0,5769,0,12.297692,3.46668894e-09,3.46668894e-09
10938,42,16968516,0,5769,0,25,3.46668894e-09,3.46668894e-09
10939,41,16968516,0,5769,0,-23,3.46668894e-09,3.46668894e-09
10940,40,16968516,0,5769,0,3,3.46668894e-09,3.46668894e-09
10941,43,16974285,0,5769,0,12.297692,3.46668894e-09,3.46668894e-09
10942,42,16974285,0,5769,0,24,3.46668894e-09,3.46668894e-09
10943,41,16974285,0,5769,0,-24,3.46668894e-09,3.46668894e-09
10944,40,16974285,0,5769,0,3,3.46668894e-09,3.46668894e-09
10945,43,16980054,0,5769,0,12.297692,3.46668894e-09,3.46668894e-09
10946,42,16980054,0,5769,0,25,3.46668894e-09,3.46668894e-09
10947,41,16980054,0,5769,0,-24,3.46668894e-09,3.46668894e-09
10948,40,16980054,0,5769,0,3,3.46668894e-09,3.46668894e-09
10949,43,16985823,0,5769,0,12.297692,3.46668894e-09,3.46668894e-09
10950,42,16985823,0,5769,0,25,3.46668894e-09,3.46668894e-09
10951,41,16985823,0,5769,0,-23,3.46668894e-09,3.46668894e-09
10952,40,16985823,0,5769,0,3,3.46668894e-09,3.46668894e-09
10953,43,16991592,0,5769,0,12.297692,3.46668894e-09,3.46668894e-09
10954,42,16991592,0,5769,0,25,3.46668894e-09,3.46668894e-09
10955,41,16991592,0,5769,0,-24,3.46668894e-09,3.46668894e-09
10956,40,16991592,0,5769,0,3,3.46668894e-09,3.46668894e-09
10957,43,16997361,0,5769,0,12.297692,3.46668894e-09,3.46668894e-09
10958,42,16997361,0,5769,0,24,3.46668894e-09,3.46668894e-09
10959,41,16997361,0,5769,0,-24,3.46668894e-09,3.46668894e-09
10960,40,16997361,0,5769,0,4,3.46668894e-09,3.46668894e-09
10961,43,17003130,0,5769,0,12.297692,3.46668894e-09,3.46668894e-09
10962,42,17003130,0,5769,0,25,3.46668894e-09,3.46668894e-09
10963,41,17003130,0,5769,0,-23,3.46668894e-09,3.46668894e-09
10964,40,17003130,0,5769,0,3,3.46668894e-09,3.46668894e-09
10965,43,17008899,0,5769,0,12.297692,3.46668894e-09,3.46668894e-09
10966,42,17008899,0,5769,0,25,3.46668894e-09,3.46668894e-09
10967,41,17008899,0,5769,0,-24,3.46668894e-09,3.46668894e-09
10968,40,17008899,0,5769,0,3,3.46668894e-09,3.46668894e-09
10969,43,17014668,0,5769,0,12.297692,3.46668894e-09,3.46668894e-09
10970,42,17014668,0,5769,0,25,3.46668894e-09,3.46668894e-09
10971,41,17014668,0,5769,0,-23,3.46668894e-09,3.46668894e-09
10972,40,17014668,0,5769,0,3,3.46668894e-09,3.46668894e-09
10973,43,17020437,0,5769,0,12.297692,3.46669138e-09,3.46669138e-09
10974,42,17020437,0,5769,0,24,3.46669138e-09,3.46669138e-09
10975,41,17020437,0,5769,0,-24,3.46669138e-09,3.46669138e-09
10976,40,17020437,0,5769,0,3,3.46669138e-09,3.46669138e-09
10977,43,17026206,0,5769,0,12.297692,3.46668849e-09,3.46668849e-09
10978,42,17026206,0,5769,0,25,3.46668849e-09,3.46668849e-09
10979,41,17026206,0,5769,0,-24,3.46668849e-09,3.46668849e-09
10980,40,17026206,0,5769,0,4,3.46668849e-09,3.46668849e-09
10981,43,17031975,0,5769,0,12.297692,3.46668849e-09,3.46668849e-09
10982,42,17031975,0,5769,0,25,3.46668849e-09,3.46668849e-09
10983,41,17031975,0,5769,0,-23,3.46668849e-09,3.46668849e-09
10984,40,17031975,0,5769,0,3,3.46668849e-09,3.46668849e-09
10985,43,17037744,0,5769,0,12.297692,3.46661988e-09,3.46661988e-09
10986,42,17037744,0,5769,0,25,3.46661988e-09,3.46661988e-09
10987,41,17037744,0,5769,0,-24,3.46661988e-09,3.46661988e-09
10988,40,17037744,0,5769,0,3,3.46661988e-09,3.46661988e-09
10989,43,17043513,0,5769,0,12.297692,3.46668894e-09,3.46668894e-09
10990,42,17043513,0,5769,0,24,3.46668894e-09,3.46668894e-09
10991,41,17043513,0,5769,0,-23,3.46668894e-09,3.46668894e-09
10992,40,17043513,0,5769,0,4,3.46668894e-09,3.46668894e-09
10993,43,17049282,0,5769,0,12.297692,3.46668894e-09,3.46668894e-09
10994,42,17049282,0,5769,0,25,3.46668894e-09,3.46668894e-09
10995,41,17049282,0,5769,0,-24,3.46668894e-09,3.46668894e-09
10996,40,17049282,0,5769,0,3,3.46668894e-09,3.46668894e-09
10997,43,17055051,0,5769,0,12.297692,3.46661988e-09,3.46661988e-09
10998,42,17055051,0,5769,0,25,3.46661988e-09,3.46661988e-09
10999,41,17055051,0,5769,0,-23,3.46661988e-09,3.46661988e-09
11000,40,17055051,0,5769,0,3,3.46661988e-09,3.46661988e-09
11001,43,17060820,0,5769,0,12.297692,3.46661988e-09,3.46661988e-09
11002,42,17060820,0,5769,0,25,3.46661988e-09,3.46661988e-09
11003,41,17060820,0,5769,0,-24,3.46661988e-09,3.46661988e-09
11004,40,17060820,0,5769,0,4,3.46661988e-09,3.46661988e-09
11005,43,17066589,0,5769,0,12.297692,3.46668894e-09,3.46668894e-09
11006,42,17066589,0,5769,0,24,3.46668894e-09,3.46668894e-09
11007,41,17066589,0,5769,0,-23,3.46668894e-09,3.46668894e-09
11008,40,17066589,0,5769,0,3,3.46668894e-09,3.46668894e-09
11009,43,17072358,0,5769,0,12.297692,3.46668894e-09,3.46668894e-09
11010,42,17072358,0,5769,0,25,3.46668894e-09,3.46668894e-09
11011,41,17072358,0,5769,0,-24,3.46668894e-09,3.46668894e-09
11012,40,17072358,0,5769,0,3,3.46668894e-09,3.46668894e-09
11013,43,17078127,0,5769,0,12.297692,3.46661988e-09,3.46661988e-09
11014,42,17078127,0,5769,0,25,3.46661988e-09,3.46661988e-09
11015,41,17078127,0,5769,0,-24,3.46661988e-09,3.46661988e-09
11016,40,17078127,0,5769,0,4,3.46661988e-09,3.46661988e-09
11017,43,17083896,0,5769,0,12.297692,3.46661988e-09,3.46661988e-09
11018,42,17083896,0,5769,0,25,3.46661988e-09,3.46661988e-09
11019,41,17083896,0,5769,0,-23,3.46661988e-09,3.46661988e-09
11020,40,17083896,0,5769,0,3,3.46661988e-09,3.46661988e-09
11021,43,17089665,0,3846,1961,12.297692,3.46668894e-09,3.46668894e-09
11022,42,17089665,0,3846,1961,24,3.46668894e-09,3.46668894e-09
11023,41,17089665,0,3846,1961,-24,3.46668894e-09,3.46668894e-09
11024,40,17089665,0,3846,1961,4,3.46668894e-09,3.46668894e-09
11025,43,17095472,0,0,6436,12.297692,3.46668894e-09,3.46668894e-09
11026,42,17095472,0,0,6436,25,3.46668894e-09,3.46668894e-09
11027,41,17095472,0,0,6436,-23,3.46668894e-09,3.46668894e-09
11028,40,17095472,0,0,6436,3,3.46668894e-09,3.46668894e-09
11029,43,17101908,0,0,7634,12.297692,3.46661988e-09,3.46661988e-09
11030,42,17101908,0,0,7634,25,3.46661988e-09,3.46661988e-09
11031,41,17101908,0,0,7634,-24,3.46661988e-09,3.46661988e-09
11032,40,17101908,0,0,7634,4,3.46661988e-09,3.46661988e-09
11033,43,17109542,0,0,9949,12.297692,3.46661899e-09,3.46661899e-09
11034,42,17109542,0,0,9949,25,3.46661899e-09,3.46661899e-09
11035,41,17109542,0,0,9949,-23,3.46661899e-09,3.46661899e-09
11036,40,17109542,0,0,9949,3,3.46661899e-09,3.46661899e-09
11037,43,17119491,0,0,24019,12.297692,3.46668849e-09,3.46668849e-09
11038,42,17119491,0,0,24019,24,3.46668849e-09,3.46668849e-09
11039,41,17119491,0,0,24019,-24,3.46668849e-09,3.46668849e-09
11040,40,17119491,0,0,24019,4,3.46668849e-09,3.46668849e-09
11041,42,17143510,24009,0,0,-11,3.46957529e-09,3.46957529e-09
11042,41,17143510,24009,0,0,25,3.46957529e-09,3.46957529e-09
11043,40,17143510,24009,0,0,-21,3.46957529e-09,3.46957529e-09
11044,42,17167519,9945,0,0,-12,3.46957618e-09,3.46957618e-09
11045,41,17167519,9945,0,0,25,3.46957618e-09,3.46957618e-09
11046,40,17167519,9945,0,0,-21,3.46957618e-09,3.46957618e-09
11047,42,17177464,7631,0,0,-11,3.46957640e-09,3.46957640e-09
11048,41,17177464,7631,0,0,24,3.46957640e-09,3.46957640e-09
11049,40,17177464,7631,0,0,-21,3.46957640e-09,3.46957640e-09
11050,42,17185095,6433,0,0,-12,3.46957640e-09,3.46957640e-09
11051,41,17185095,6433,0,0,25,3.46957640e-09,3.46957640e-09
11052,40,17185095,6433,0,0,-20,3.46957640e-09,3.46957640e-09
11053,42,17191528,1982,3822,0,-12,3.46957640e-09,3.46957640e-09
11054,41,17191528,1982,3822,0,25,3.46957640e-09,3.46957640e-09
11055,40,17191528,1982,3822,0,-21,3.46957640e-09,3.46957640e-09
11056,42,17197332,0,5764,0,-11,3.46957640e-09,3.46957640e-09
11057,41,17197332,0,5764,0,24,3.46957640e-09,3.46957640e-09
11058,40,17197332,0,5764,0,-21,3.46957640e-09,3.46957640e-09
11059,42,17203096,0,5764,0,-12,3.46957640e-09,3.46957640e-09
11060,41,17203096,0,5764,0,25,3.46957640e-09,3.46957640e-09
11061,40,17203096,0,5764,0,-21,3.46957640e-09,3.46957640e-09
11062,42,17208860,0,5764,0,-11,3.46957640e-09,3.46957640e-09
11063,41,17208860,0,5764,0,25,3.46957640e-09,3.46957640e-09
11064,40,17208860,0,5764,0,-20,3.46957640e-09,3.46957640e-09
11065,42,17214624,0,5764,0,-12,3.46957640e-09,3.46957640e-09
11066,41,17214624,0,5764,0,24,3.46957640e-09,3.46957640e-09
11067,40,17214624,0,5764,0,-21,3.46957640e-09,3.46957640e-09
11068,42,17220388,0,5764,0,-11,3.46957640e-09,3.46957640e-09
11069,41,17220388,0,5764,0,25,3.46957640e-09,3.46957640e-09
11070,40,17220388,0,5764,0,-21,3.46957640e-09,3.46957640e-09
11071,42,17226152,0,5764,0,-12,3.46957640e-09,3.46957640e-09
11072,41,17226152,0,5764,0,25,3.46957640e-09,3.46957640e-09
11073,40,17226152,0,5764,0,-20,3.46957640e-09,3.46957640e-09
11074,42,17231916,0,5764,0,-11,3.46957640e-09,3.46957640e-09
11075,41,17231916,0,5764,0,24,3.46957640e-09,3.46957640e-09
11076,40,17231916,0,5764,0,-21,3.46957640e-09,3.46957640e-09
11077,42,17237680,0,5764,0,-12,3.46957640e-09,3.46957640e-09
11078,41,17237680,0,5764,0,25,3.46957640e-09,3.46957640e-09
11079,40,17237680,0,5764,0,-21,3.46957640e-09,3.46957640e-09
11080,42,17243444,0,5764,0,-11,3.46957640e-09,3.46957640e-09
11081,41,17243444,0,5764,0,25,3.46957640e-09,3.46957640e-09
11082,40,17243444,0,5764,0,-21,3.46957640e-09,3.46957640e-09
11083,42,17249208,0,5764,0,-11,3.46957640e-09,3.46957640e-09
11084,41,17249208,0,5764,0,24,3.46957640e-09,3.46957640e-09
11085,40,17249208,0,5764,0,-20,3.46957640e-09,3.46957640e-09
11086,42,17254972,0,5764,0,-12,3.46957640e-09,3.46957640e-09
11087,41,17254972,0,5764,0,25,3.46957640e-09,3.46957640e-09
11088,40,17254972,0,5764,0,-21,3.46957640e-09,3.46957640e-09
11089,42,17260736,0,5764,0,-11,3.46957640e-09,3.46957640e-09
11090,41,17260736,0,5764,0,25,3.46957640e-09,3.46957640e-09
11091,40,17260736,0,5764,0,-21,3.46957640e-09,3.46957640e-09
11092,42,17266500,0,5764,0,-12,3.46957640e-09,3.46957640e-09
11093,41,17266500,0,5764,0,24,3.46957640e-09,3.46957640e-09
11094,40,17266500,0,5764,0,-20,3.46957640e-09,3.46957640e-09
11095,42,17272264,0,5764,0,-11,3.46957640e-09,3.46957640e-09
11096,41,17272264,0,5764,0,25,3.46957640e-09,3.46957640e-09
11097,40,17272264,0,5764,0,-21,3.46957640e-09,3.46957640e-09
11098,42,17278028,0,5764,0,-11,3.46957640e-09,3.46957640e-09
11099,41,17278028,0,5764,0,25,3.46957640e-09,3.46957640e-09
11100,40,17278028,0,5764,0,-21,3.46957640e-09,3.46957640e-09
11101,42,17283792,0,5764,0,-12,3.46957640e-09,3.46957640e-09
11102,41,17283792,0,5764,0,24,3.46957640e-09,3.46957640e-09
11103,40,17283792,0,5764,0,-20,3.46957640e-09,3.46957640e-09
11104,42,17289556,0,5764,0,-11,3.46957640e-09,3.46957640e-09
11105,41,17289556,0,5764,0,25,3.46957640e-09,3.46957640e-09
11106,40,17289556,0,5764,0,-21,3.46957640e-09,3.46957640e-09
11107,42,17295320,0,5764,0,-11,3.46957640e-09,3.46957640e-09
11108,41,17295320,0,5764,0,25,3.46957640e-09,3.46957640e-09
11109,40,17295320,0,5764,0,-20,3.46957640e-09,3.46957640e-09
11110,42,17301084,0,5764,0,-12,3.46957640e-09,3.46957640e-09
11111,41,17301084,0,5764,0,25,3.46957640e-09,3.46957640e-09
11112,40,17301084,0,5764,0,-21,3.46957640e-09,3.46957640e-09
11113,42,17306848,0,5764,0,-11,3.46957640e-09,3.46957640e-09
11114,41,17306848,0,5764,0,24,3.46957640e-09,3.46957640e-09
11115,40,17306848,0,5764,0,-21,3.46957640e-09,3.46957640e-09
11116,42,17312612,0,5764,0,-11,3.46957640e-09,3.46957640e-09
11117,41,17312612,0,5764,0,25,3.46957640e-09,3.46957640e-09
11118,40,17312612,0,5764,0,-20,3.46957640e-09,3.46957640e-09
11119,42,17318376,0,5764,0,-11,3.46957640e-09,3.46957640e-09
11120,41,17318376,0,5764,0,25,3.46957640e-09,3.46957640e-09
11121,40,17318376,0,5764,0,-21,3.46957640e-09,3.46957640e-09
11122,42,17324140,0,5764,0,-11,3.46957640e-09,3.46957640e-09
11123,41,17324140,0,5764,0,24,3.46957640e-09,3.46957640e-09
11124,40,17324140,0,5764,0,-20,3.46957640e-09,3.46957640e-09
11125,42,17329904,0,5764,0,-12,3.46957640e-09,3.46957640e-09
11126,41,17329904,0,5764,0,25,3.46957640e-09,3.46957640e-09
11127,40,17329904,0,5764,0,-21,3.46957640e-09,3.46957640e-09
11128,42,17335668,0,5764,0,-11,3.46957640e-09,3.46957640e-09
11129,41,17335668,0,5764,0,25,3.46957640e-09,3.46957640e-09
11130,40,17335668,0,5764,0,-21,3.46957640e-09,3.46957640e-09
11131,42,17341432,0,5764,0,-11,3.46957640e-09,3.46957640e-09
11132,41,17341432,0,5764,0,25,3.46957640e-09,3.46957640e-09
11133,40,17341432,0,5764,0,-20,3.46957640e-09,3.46957640e-09
11134,42,17347196,0,5764,0,-11,3.46957640e-09,3.46957640e-09
11135,41,17347196,0,5764,0,24,3.46957640e-09,3.46957640e-09
11136,40,17347196,0,5764,0,-21,3.46957640e-09,3.46957640e-09
11137,42,17352960,0,5764,0,-11,3.46957640e-09,3.46957640e-09
11138,41,17352960,0,5764,0,25,3.46957640e-09,3.46957640e-09
11139,40,17352960,0,5764,0,-20,3.46957640e-09,3.46957640e-09
11140,42,17358724,0,5764,0,-11,3.46957640e-09,3.46957640e-09
11141,41,17358724,0,5764,0,25,3.46957640e-09,3.46957640e-09
11142,40,17358724,0,5764,0,-21,3.46957640e-09,3.46957640e-09
11143,42,17364488,0,5764,0,-11,3.46957640e-09,3.46957640e-09
11144,41,17364488,0,5764,0,25,3.46957640e-09,3.46957640e-09
11145,40,17364488,0,5764,0,-20,3.46957640e-09,3.46957640e-09
11146,42,17370252,0,5764,0,-12,3.46957640e-09,3.46957640e-09
11147,41,17370252,0,5764,0,24,3.46957640e-09,3.46957640e-09
11148,40,17370252,0,5764,0,-21,3.46957640e-09,3.46957640e-09
11149,42,17376016,0,5764,0,-11,3.46957640e-09,3.46957640e-09
11150,41,17376016,0,5764,0,25,3.46957640e-09,3.46957640e-09
11151,40,17376016,0,5764,0,-20,3.46957640e-09,3.46957640e-09
11152,42,17381780,0,5764,0,-11,3.46957729e-09,3.46957729e-09
11153,41,17381780,0,5764,0,25,3.46957729e-09,3.46957729e-09
11154,40,17381780,0,5764,0,-21,3.46957729e-09,3.46957729e-09
11155,42,17387544,0,5764,0,-11,3.46957574e-09,3.46957574e-09
11156,41,17387544,0,5764,0,25,3.46957574e-09,3.46957574e-09
11157,40,17387544,0,5764,0,-20,3.46957574e-09,3.46957574e-09
11158,42,17393308,0,5764,0,-11,3.46957640e-09,3.46957640e-09
11159,41,17393308,0,5764,0,24,3.46957640e-09,3.46957640e-09
11160,40,17393308,0,5764,0,-21,3.46957640e-09,3.46957640e-09
11161,42,17399072,0,5764,0,-11,3.46952644e-09,3.46952644e-09
11162,41,17399072,0,5764,0,25,3.46952644e-09,3.46952644e-09
11163,40,17399072,0,5764,0,-20,3.46952644e-09,3.46952644e-09
11164,42,17404836,0,5764,0,-11,3.46952644e-09,3.46952644e-09
11165,41,17404836,0,5764,0,25,3.46952644e-09,3.46952644e-09
11166,40,17404836,0,5764,0,-21,3.46952644e-09,3.46952644e-09
11167,42,17410600,0,5764,0,-11,3.46952644e-09,3.46952644e-09
11168,41,17410600,0,5764,0,25,3.46952644e-09,3.46952644e-09
11169,40,17410600,0,5764,0,-20,3.46952644e-09,3.46952644e-09
11170,42,17416364,0,5764,0,-11,3.46952644e-09,3.46952644e-09
11171,41,17416364,0,5764,0,24,3.46952644e-09,3.46952644e-09
11172,40,17416364,0,5764,0,-21,3.46952644e-09,3.46952644e-09
11173,42,17422128,0,5764,0,-11,3.46952644e-09,3.46952644e-09
11174,41,17422128,0,5764,0,25,3.46952644e-09,3.46952644e-09
11175,40,17422128,0,5764,0,-20,3.46952644e-09,3.46952644e-09
11176,42,17427892,0,5764,0,-10,3.46952644e-09,3.46952644e-09
11177,41,17427892,0,5764,0,25,3.46952644e-09,3.46952644e-09
11178,40,17427892,0,5764,0,-21,3.46952644e-09,3.46952644e-09
11179,42,17433656,0,5764,0,-11,3.46952644e-09,3.46952644e-09
11180,41,17433656,0,5764,0,25,3.46952644e-09,3.46952644e-09
11181,40,17433656,0,5764,0,-20,3.46952644e-09,3.46952644e-09
11182,42,17439420,0,5764,0,-11,3.46952644e-09,3.46952644e-09
11183,41,17439420,0,5764,0,24,3.46952644e-09,3.46952644e-09
11184,40,17439420,0,5764,0,-21,3.46952644e-09,3.46952644e-09
11185,42,17445184,0,5764,0,-11,3.46952644e-09,3.46952644e-09
11186,41,17445184,0,5764,0,25,3.46952644e-09,3.46952644e-09
11187,40,17445184,0,5764,0,-20,3.46952644e-09,3.46952644e-09
11188,42,17450948,0,5764,0,-11,3.46952644e-09,3.46952644e-09
11189,41,17450948,0,5764,0,25,3.46952644e-09,3.46952644e-09
11190,40,17450948,0,5764,0,-21,3.46952644e-09,3.46952644e-09
11191,42,17456712,0,5764,0,-11,3.46952644e-09,3.46952644e-09
11192,41,17456712,0,5764,0,25,3.46952644e-09,3.46952644e-09
11193,40,17456712,0,5764,0,-20,3.46952644e-09,3.46952644e-09
11194,42,17462476,0,5764,0,-11,3.46952644e-09,3.46952644e-09
11195,41,17462476,0,5764,0,25,3.46952644e-09,3.46952644e-09
11196,40,17462476,0,5764,0,-20,3.46952644e-09,3.46952644e-09
11197,42,17468240,0,5764,0,-10,3.46952644e-09,3.46952644e-09
11198,41,17468240,0,5764,0,24,3.46952644e-09,3.46952644e-09
11199,40,17468240,0,5764,0,-21,3.46952644e-09,3.46952644e-09
11200,42,17474004,0,5764,0,-11,3.46952644e-09,3.46952644e-09
11201,41,17474004,0,5764,0,25,3.46952644e-09,3.46952644e-09
11202,40,17474004,0,5764,0,-20,3.46952644e-09,3.46952644e-09
11203,42,17479768,0,5764,0,-11,3.46952644e-09,3.46952644e-09
11204,41,17479768,0,5764,0,25,3.46952644e-09,3.46952644e-09
11205,40,17479768,0,5764,0,-21,3.46952644e-09,3.46952644e-09
11206,42,17485532,0,5764,0,-11,3.46952644e-09,3.46952644e-09
11207,41,17485532,0,5764,0,25,3.46952644e-09,3.46952644e-09
11208,40,17485532,0,5764,0,-20,3.46952644e-09,3.46952644e-09
11209,42,17491296,0,5764,0,-10,3.46952644e-09,3.46952644e-09
11210,41,17491296,0,5764,0,25,3.46952644e-09,3.46952644e-09
11211,40,17491296,0,5764,0,-20,3.46952644e-09,3.46952644e-09
11212,42,17497060,0,5764,0,-11,3.46952644e-09,3.46952644e-09
11213,41,17497060,0,5764,0,24,3.46952644e-09,3.46952644e-09
11214,40,17497060,0,5764,0,-21,3.46952644e-09,3.46952644e-09
11215,42,17502824,0,5764,0,-11,3.46952644e-09,3.46952644e-09
11216,41,17502824,0,5764,0,25,3.46952644e-09,3.46952644e-09
11217,40,17502824,0,5764,0,-20,3.46952644e-09,3.46952644e-09
11218,42,17508588,0,5764,0,-11,3.46952644e-09,3.46952644e-09
11219,41,17508588,0,5764,0,25,3.46952644e-09,3.46952644e-09
11220,40,17508588,0,5764,0,-20,3.46952644e-09,3.46952644e-09
11221,42,17514352,0,5764,0,-10,3.46952644e-09,3.46952644e-09
11222,41,17514352,0,5764,0,25,3.46952644e-09,3.46952644e-09
11223,40,17514352,0,5764,0,-21,3.46952644e-09,3.46952644e-09
11224,42,17520116,0,5764,0,-11,3.46952644e-09,3.46952644e-09
11225,41,17520116,0,5764,0,25,3.46952644e-09,3.46952644e-09
11226,40,17520116,0,5764,0,-20,3.46952644e-09,3.46952644e-09
11227,42,17525880,0,5764,0,-11,3.46952644e-09,3.46952644e-09
11228,41,17525880,0,5764,0,24,3.46952644e-09,3.46952644e-09
11229,40,17525880,0,5764,0,-21,3.46952644e-09,3.46952644e-09
11230,42,17531644,0,5764,0,-10,3.46952644e-09,3.46952644e-09
11231,41,17531644,0,5764,0,25,3.46952644e-09,3.46952644e-09
11232,40,17531644,0,5764,0,-20,3.46952644e-09,3.46952644e-09
11233,42,17537408,0,5764,0,-11,3.46952644e-09,3.46952644e-09
11234,41,17537408,0,5764,0,25,3.46952644e-09,3.46952644e-09
11235,40,17537408,0,5764,0,-20,3.46952644e-09,3.46952644e-09
11236,42,17543172,0,5764,0,-10,3.46952644e-09,3.46952644e-09
11237,41,17543172,0,5764,0,25,3.46952644e-09,3.46952644e-09
11238,40,17543172,0,5764,0,-21,3.46952644e-09,3.46952644e-09
11239,42,17548936,0,5764,0,-11,3.46952644e-09,3.46952644e-09
11240,41,17548936,0,5764,0,25,3.46952644e-09,3.46952644e-09
11241,40,17548936,0,5764,0,-20,3.46952644e-09,3.46952644e-09
11242,42,17554700,0,5764,0,-10,3.46952644e-09,3.46952644e-09
11243,41,17554700,0,5764,0,24,3.46952644e-09,3.46952644e-09
11244,40,17554700,0,5764,0,-20,3.46952644e-09,3.46952644e-09
11245,42,17560464,0,5764,0,-11,3.46952644e-09,3.46952644e-09
11246,41,17560464,0,5764,0,25,3.46952644e-09,3.46952644e-09
11247,40,17560464,0,5764,0,-20,3.46952644e-09,3.46952644e-09
11248,42,17566228,0,5764,0,-11,3.46952644e-09,3.46952644e-09
11249,41,17566228,0,5764,0,25,3.46952644e-09,3.46952644e-09
11250,40,17566228,0,5764,0,-21,3.46952644e-09,3.46952644e-09
11251,42,17571992,0,5764,0,-10,3.46952644e-09,3.46952644e-09
11252,41,17571992,0,5764,0,25,3.46952644e-09,3.46952644e-09
11253,40,17571992,0,5764,0,-20,3.46952644e-09,3.46952644e-09
11254,42,17577756,0,5764,0,-11,3.46952644e-09,3.46952644e-09
11255,41,17577756,0,5764,0,25,3.46952644e-09,3.46952644e-09
11256,40,17577756,0,5764,0,-20,3.46952644e-09,3.46952644e-09
11257,42,17583520,0,5764,0,-10,3.46952644e-09,3.46952644e-09
11258,41,17583520,0,5764,0,25,3.46952644e-09,3.46952644e-09
11259,40,17583520,0,5764,0,-21,3.46952644e-09,3.46952644e-09
11260,42,17589284,0,5764,0,-10,3.46952644e-09,3.46952644e-09
11261,41,17589284,0,5764,0,24,3.46952644e-09,3.46952644e-09
11262,40,17589284,0,5764,0,-20,3.46952644e-09,3.46952644e-09
11263,42,17595048,0,5764,0,-11,3.46952644e-09,3.46952644e-09
11264,41,17595048,0,5764,0,25,3.46952644e-09,3.46952644e-09
11265,40,17595048,0,5764,0,-20,3.46952644e-09,3.46952644e-09
11266,42,17600812,0,5764,0,-10,3.46952644e-09,3.46952644e-09
11267,41,17600812,0,5764,0,25,3.46952644e-09,3.46952644e-09
11268,40,17600812,0,5764,0,-20,3.46952644e-09,3.46952644e-09
11269,42,17606576,0,5764,0,-11,3.46952644e-09,3.46952644e-09
11270,41,17606576,0,5764,0,25,3.46952644e-09,3.46952644e-09
11271,40,17606576,0,5764,0,-20,3.46952644e-09,3.46952644e-09
11272,42,17612340,0,5764,0,-10,3.46952644e-09,3.46952644e-09
11273,41,17612340,0,5764,0,25,3.46952644e-09,3.46952644e-09
11274,40,17612340,0,5764,0,-21,3.46952644e-09,3.46952644e-09
11275,42,17618104,0,5764,0,-10,3.46952644e-09,3.46952644e-09
11276,41,17618104,0,5764,0,25,3.46952644e-09,3.46952644e-09
11277,40,17618104,0,5764,0,-20,3.46952644e-09,3.46952644e-09
11278,42,17623868,0,5764,0,-11,3.46952644e-09,3.46952644e-09
11279,41,17623868,0,5764,0,25,3.46952644e-09,3.46952644e-09
11280,40,17623868,0,5764,0,-20,3.46952644e-09,3.46952644e-09
11281,42,17629632,0,5764,0,-10,3.46952644e-09,3.46952644e-09
11282,41,17629632,0,5764,0,24,3.46952644e-09,3.46952644e-09
11283,40,17629632,0,5764,0,-20,3.46952644e-09,3.46952644e-09
11284,42,17635396,0,5764,0,-10,3.46952644e-09,3.46952644e-09
11285,41,17635396,0,5764,0,25,3.46952644e-09,3.46952644e-09
11286,40,17635396,0,5764,0,-21,3.46952644e-09,3.46952644e-09
11287,42,17641160,0,5764,0,-11,3.46952644e-09,3.46952644e-09
11288,41,17641160,0,5764,0,25,3.46952644e-09,3.46952644e-09
11289,40,17641160,0,5764,0,-20,3.46952644e-09,3.46952644e-09
11290,42,17646924,0,5764,0,-10,3.46952644e-09,3.46952644e-09
11291,41,17646924,0,5764,0,25,3.46952644e-09,3.46952644e-09
11292,40,17646924,0,5764,0,-20,3.46952644e-09,3.46952644e-09
11293,42,17652688,0,5764,0,-10,3.46952644e-09,3.46952644e-09
11294,41,17652688,0,5764,0,25,3.46952644e-09,3.46952644e-09
11295,40,17652688,0,5764,0,-20,3.46952644e-09,3.46952644e-09
11296,42,17658452,0,5764,0,-11,3.46952644e-09,3.46952644e-09
11297,41,17658452,0,5764,0,25,3.46952644e-09,3.46952644e-09
11298,40,17658452,0,5764,0,-20,3.46952644e-09,3.46952644e-09
11299,42,17664216,0,5764,0,-10,3.46952644e-09,3.46952644e-09
11300,41,17664216,0,5764,0,25,3.46952644e-09,3.46952644e-09
11301,40,17664216,0,5764,0,-20,3.46952644e-09,3.46952644e-09
11302,42,17669980,0,5764,0,-10,3.46952644e-09,3.46952644e-09
11303,41,17669980,0,5764,0,24,3.46952644e-09,3.46952644e-09
11304,40,17669980,0,5764,0,-21,3.46952644e-09,3.46952644e-09
11305,42,17675744,0,5764,0,-10,3.46952644e-09,3.46952644e-09
11306,41,17675744,0,5764,0,25,3.46952644e-09,3.46952644e-09
11307,40,17675744,0,5764,0,-20,3.46952644e-09,3.46952644e-09
11308,42,17681508,0,5764,0,-10,3.46952644e-09,3.46952644e-09
11309,41,17681508,0,5764,0,25,3.46952644e-09,3.46952644e-09
11310,40,17681508,0,5764,0,-20,3.46952644e-09,3.46952644e-09
11311,42,17687272,0,5764,0,-11,3.46952644e-09,3.46952644e-09
11312,41,17687272,0,5764,0,25,3.46952644e-09,3.46952644e-09
11313,40,17687272,0,5764,0,-20,3.46952644e-09,3.46952644e-09
11314,42,17693036,0,5764,0,-10,3.46952644e-09,3.46952644e-09
11315,41,17693036,0,5764,0,25,3.46952644e-09,3.46952644e-09
11316,40,17693036,0,5764,0,-20,3.46952644e-09,3.46952644e-09
11317,42,17698800,0,5764,0,-10,3.46952644e-09,3.46952644e-09
11318,41,17698800,0,5764,0,25,3.46952644e-09,3.46952644e-09
11319,40,17698800,0,5764,0,-20,3.46952644e-09,3.46952644e-09
11320,42,17704564,0,5764,0,-10,3.46952644e-09,3.46952644e-09
11321,41,17704564,0,5764,0,25,3.46952644e-09,3.46952644e-09
11322,40,17704564,0,5764,0,-20,3.46952644e-09,3.46952644e-09
11323,42,17710328,0,5764,0,-10,3.46952644e-09,3.46952644e-09
11324,41,17710328,0,5764,0,25,3.46952644e-09,3.46952644e-09
11325,40,17710328,0,5764,0,-20,3.46952644e-09,3.46952644e-09
11326,42,17716092,0,5764,0,-10,3.46952644e-09,3.46952644e-09
11327,41,17716092,0,5764,0,25,3.46952644e-09,3.46952644e-09
11328,40,17716092,0,5764,0,-20,3.46952644e-09,3.46952644e-09
11329,42,17721856,0,5764,0,-10,3.46952644e-09,3.46952644e-09
11330,41,17721856,0,5764,0,24,3.46952644e-09,3.46952644e-09
11331,40,17721856,0,5764,0,-21,3.46952644e-09,3.46952644e-09
11332,42,17727620,0,5764,0,-10,3.46952644e-09,3.46952644e-09
11333,41,17727620,0,5764,0,25,3.46952644e-09,3.46952644e-09
11334,40,17727620,0,5764,0,-20,3.46952644e-09,3.46952644e-09
11335,42,17733384,0,5764,0,-10,3.46952644e-09,3.46952644e-09
11336,41,17733384,0,5764,0,25,3.46952644e-09,3.46952644e-09
11337,40,17733384,0,5764,0,-20,3.46952644e-09,3.46952644e-09
11338,42,17739148,0,5764,0,-10,3.46952644e-09,3.46952644e-09
11339,41,17739148,0,5764,0,25,3.46952644e-09,3.46952644e-09
11340,40,17739148,0,5764,0,-20,3.46952644e-09,3.46952644e-09
11341,42,17744912,0,5764,0,-10,3.46952644e-09,3.46952644e-09
11342,41,17744912,0,5764,0,25,3.46952644e-09,3.46952644e-09
11343,40,17744912,0,5764,0,-20,3.46952644e-09,3.46952644e-09
11344,42,17750676,0,5764,0,-10,3.46952644e-09,3.46952644e-09
11345,41,17750676,0,5764,0,25,3.46952644e-09,3.46952644e-09
11346,40,17750676,0,5764,0,-20,3.46952644e-09,3.46952644e-09
11347,42,17756440,0,5764,0,-10,3.46952644e-09,3.46952644e-09
11348,41,17756440,0,5764,0,25,3.46952644e-09,3.46952644e-09
11349,40,17756440,0,5764,0,-20,3.46952644e-09,3.46952644e-09
11350,42,17762204,0,5764,0,-10,3.46952644e-09,3.46952644e-09
11351,41,17762204,0,5764,0,25,3.46952644e-09,3.46952644e-09
11352,40,17762204,0,5764,0,-20,3.46952644e-09,3.46952644e-09
11353,42,17767968,0,5764,0,-10,3.46952644e-09,3.46952644e-09
11354,41,17767968,0,5764,0,25,3.46952644e-09,3.46952644e-09
11355,40,17767968,0,5764,0,-20,3.46952644e-09,3.46952644e-09
11356,42,17773732,0,5764,0,-10,3.46952644e-09,3.46952644e-09
11357,41,17773732,0,5764,0,25,3.46952644e-09,3.46952644e-09
11358,40,17773732,0,5764,0,-20,3.46952644e-09,3.46952644e-09
11359,42,17779496,0,5764,0,-10,3.46952644e-09,3.46952644e-09
11360,41,17779496,0,5764,0,24,3.46952644e-09,3.46952644e-09
11361,40,17779496,0,5764,0,-20,3.46952644e-09,3.46952644e-09
11362,42,17785260,0,5764,0,-10,3.46952644e-09,3.46952644e-09
11363,41,17785260,0,5764,0,25,3.46952644e-09,3.46952644e-09
11364,40,17785260,0,5764,0,-20,3.46952644e-09,3.46952644e-09
11365,42,17791024,0,5764,0,-10,3.46952644e-09,3.46952644e-09
11366,41,17791024,0,5764,0,25,3.46952644e-09,3.46952644e-09
11367,40,17791024,0,5764,0,-20,3.46952644e-09,3.46952644e-09
11368,42,17796788,0,5764,0,-9,3.46952644e-09,3.46952644e-09
11369,41,17796788,0,5764,0,25,3.46952644e-09,3.46952644e-09
11370,40,17796788,0,5764,0,-20,3.46952644e-09,3.46952644e-09
11371,42,17802552,0,5764,0,-10,3.46952644e-09,3.46952644e-09
11372,41,17802552,0,5764,0,25,3.46952644e-09,3.46952644e-09
11373,40,17802552,0,5764,0,-20,3.46952644e-09,3.46952644e-09
11374,42,17808316,0,5764,0,-10,3.46952644e-09,3.46952644e-09
11375,41,17808316,0,5764,0,25,3.46952644e-09,3.46952644e-09
11376,40,17808316,0,5764,0,-20,3.46952644e-09,3.46952644e-09
11377,42,17814080,0,5764,0,-10,3.46952644e-09,3.46952644e-09
11378,41,17814080,0,5764,0,25,3.46952644e-09,3.46952644e-09
11379,40,17814080,0,5764,0,-20,3.46952644e-09,3.46952644e-09
11380,42,17819844,0,5764,0,-10,3.46952644e-09,3.46952644e-09
11381,41,17819844,0,5764,0,25,3.46952644e-09,3.46952644e-09
11382,40,17819844,0,5764,0,-20,3.46952644e-09,3.46952644e-09
11383,42,17825608,0,5764,0,-9,3.46952644e-09,3.46952644e-09
11384,41,17825608,0,5764,0,25,3.46952644e-09,3.46952644e-09
11385,40,17825608,0,5764,0,-20,3.46952644e-09,3.46952644e-09
11386,42,17831372,0,5764,0,-10,3.46952644e-09,3.46952644e-09
11387,41,17831372,0,5764,0,25,3.46952644e-09,3.46952644e-09
11388,40,17831372,0,5764,0,-20,3.46952644e-09,3.46952644e-09
11389,42,17837136,0,5764,0,-10,3.46952644e-09,3.46952644e-09
11390,41,17837136,0,5764,0,25,3.46952644e-09,3.46952644e-09
11391,40,17837136,0,5764,0,-20,3.46952644e-09,3.46952644e-09
11392,42,17842900,0,5764,0,-10,3.46952644e-09,3.46952644e-09
11393,41,17842900,0,5764,0,25,3.46952644e-09,3.46952644e-09
11394,40,17842900,0,5764,0,-19,3.46952644e-09,3.46952644e-09
11395,42,17848664,0,5764,0,-9,3.46952644e-09,3.46952644e-09
11396,41,17848664,0,5764,0,25,3.46952644e-09,3.46952644e-09
11397,40,17848664,0,5764,0,-20,3.46952644e-09,3.46952644e-09
11398,42,17854428,0,5764,0,-10,3.46952644e-09,3.46952644e-09
11399,41,17854428,0,5764,0,25,3.46952644e-09,3.46952644e-09
11400,40,17854428,0,5764,0,-20,3.46952644e-09,3.46952644e-09
11401,42,17860192,0,5764,0,-10,3.46952644e-09,3.46952644e-09
11402,41,17860192,0,5764,0,24,3.46952644e-09,3.46952644e-09
11403,40,17860192,0,5764,0,-20,3.46952644e-09,3.46952644e-09
11404,42,17865956,0,5764,0,-9,3.46952644e-09,3.46952644e-09
11405,41,17865956,0,5764,0,25,3.46952644e-09,3.46952644e-09
11406,40,17865956,0,5764,0,-20,3.46952644e-09,3.46952644e-09
11407,42,17871720,0,5764,0,-10,3.46952644e-09,3.46952644e-09
11408,41,17871720,0,5764,0,25,3.46952644e-09,3.46952644e-09
11409,40,17871720,0,5764,0,-20,3.46952644e-09,3.46952644e-09
11410,42,17877484,0,5764,0,-9,3.46952644e-09,3.46952644e-09
11411,41,17877484,0,5764,0,25,3.46952644e-09,3.46952644e-09
11412,40,17877484,0,5764,0,-20,3.46952644e-09,3.46952644e-09
11413,42,17883248,0,5764,0,-10,3.46952644e-09,3.46952644e-09
11414,41,17883248,0,5764,0,25,3.46952644e-09,3.46952644e-09
11415,40,17883248,0,5764,0,-20,3.46952644e-09,3.46952644e-09
11416,42,17889012,0,5764,0,-10,3.46952644e-09,3.46952644e-09
11417,41,17889012,0,5764,0,25,3.46952644e-09,3.46952644e-09
11418,40,17889012,0,5764,0,-19,3.46952644e-09,3.46952644e-09
11419,42,17894776,0,5764,0,-9,3.46952644e-09,3.46952644e-09
11420,41,17894776,0,5764,0,25,3.46952644e-09,3.46952644e-09
11421,40,17894776,0,5764,0,-20,3.46952644e-09,3.46952644e-09
11422,42,17900540,0,5764,0,-10,3.46952644e-09,3.46952644e-09
11423,41,17900540,0,5764,0,25,3.46952644e-09,3.46952644e-09
11424,40,17900540,0,5764,0,-20,3.46952644e-09,3.46952644e-09
11425,42,17906304,0,5764,0,-9,3.46952644e-09,3.46952644e-09
11426,41,17906304,0,5764,0,25,3.46952644e-09,3.46952644e-09
11427,40,17906304,0,5764,0,-20,3.46952644e-09,3.46952644e-09
11428,42,17912068,0,5764,0,-10,3.46952644e-09,3.46952644e-09
11429,41,17912068,0,5764,0,25,3.46952644e-09,3.46952644e-09
11430,40,17912068,0,5764,0,-20,3.46952644e-09,3.46952644e-09
11431,42,17917832,0,5764,0,-9,3.46952644e-09,3.46952644e-09
11432,41,17917832,0,5764,0,25,3.46952644e-09,3.46952644e-09
11433,40,17917832,0,5764,0,-20,3.46952644e-09,3.46952644e-09
11434,42,17923596,0,5764,0,-10,3.46952644e-09,3.46952644e-09
11435,41,17923596,0,5764,0,25,3.46952644e-09,3.46952644e-09
11436,40,17923596,0,5764,0,-19,3.46952644e-09,3.46952644e-09
11437,42,17929360,0,5764,0,-9,3.46952644e-09,3.46952644e-09
11438,41,17929360,0,5764,0,25,3.46952644e-09,3.46952644e-09
11439,40,17929360,0,5764,0,-20,3.46952644e-09,3.46952644e-09
11440,42,17935124,0,5764,0,-9,3.46952644e-09,3.46952644e-09
11441,41,17935124,0,5764,0,25,3.46952644e-09,3.46952644e-09
11442,40,17935124,0,5764,0,-20,3.46952644e-09,3.46952644e-09
11443,42,17940888,0,5764,0,-10,3.46952644e-09,3.46952644e-09
11444,41,17940888,0,5764,0,25,3.46952644e-09,3.46952644e-09
11445,40,17940888,0,5764,0,-20,3.46952644e-09,3.46952644e-09
11446,42,17946652,0,5764,0,-9,3.46952644e-09,3.46952644e-09
11447,41,17946652,0,5764,0,25,3.46952644e-09,3.46952644e-09
11448,40,17946652,0,5764,0,-20,3.46952644e-09,3.46952644e-09
11449,42,17952416,0,5764,0,-10,3.46952644e-09,3.46952644e-09
11450,41,17952416,0,5764,0,25,3.46952644e-09,3.46952644e-09
11451,40,17952416,0,5764,0,-19,3.46952644e-09,3.46952644e-09
11452,42,17958180,0,5764,0,-9,3.46952644e-09,3.46952644e-09
11453,41,17958180,0,5764,0,25,3.46952644e-09,3.46952644e-09
11454,40,17958180,0,5764,0,-20,3.46952644e-09,3.46952644e-09
11455,42,17963944,0,5764,0,-9,3.46952644e-09,3.46952644e-09
11456,41,17963944,0,5764,0,25,3.46952644e-09,3.46952644e-09
11457,40,17963944,0,5764,0,-20,3.46952644e-09,3.46952644e-09
11458,42,17969708,0,5764,0,-10,3.46952644e-09,3.46952644e-09
11459,41,17969708,0,5764,0,25,3.46952644e-09,3.46952644e-09
11460,40,17969708,0,5764,0,-20,3.46952644e-09,3.46952644e-09
11461,42,17975472,0,5764,0,-9,3.46952644e-09,3.46952644e-09
11462,41,17975472,0,5764,0,25,3.46952644e-09,3.46952644e-09
11463,40,17975472,0,5764,0,-19,3.46952644e-09,3.46952644e-09
11464,42,17981236,0,5764,0,-9,3.46952644e-09,3.46952644e-09
11465,41,17981236,0,5764,0,25,3.46952644e-09,3.46952644e-09
11466,40,17981236,0,5764,0,-20,3.46952644e-09,3.46952644e-09
11467,42,17987000,0,5764,0,-9,3.46952644e-09,3.46952644e-09
11468,41,17987000,0,5764,0,25,3.46952644e-09,3.46952644e-09
11469,40,17987000,0,5764,0,-20,3.46952644e-09,3.46952644e-09
11470,42,17992764,0,5764,0,-10,3.46952644e-09,3.46952644e-09
11471,41,17992764,0,5764,0,25,3.46952644e-09,3.46952644e-09
11472,40,17992764,0,5764,0,-19,3.46952644e-09,3.46952644e-09
11473,42,17998528,0,5764,0,-9,3.46952644e-09,3.46952644e-09
11474,41,17998528,0,5764,0,25,3.46952644e-09,3.46952644e-09
11475,40,17998528,0,5764,0,-20,3.46952644e-09,3.46952644e-09
11476,42,18004292,0,5764,0,-9,3.46952644e-09,3.46952644e-09
11477,41,18004292,0,5764,0,25,3.46952644e-09,3.46952644e-09
11478,40,18004292,0,5764,0,-20,3.46952644e-09,3.46952644e-09
11479,42,18010056,0,5764,0,-9,3.46952644e-09,3.46952644e-09
11480,41,18010056,0,5764,0,25,3.46952644e-09,3.46952644e-09
11481,40,18010056,0,5764,0,-19,3.46952644e-09,3.46952644e-09
11482,42,18015820,0,5764,0,-9,3.46952644e-09,3.46952644e-09
11483,41,18015820,0,5764,0,25,3.46952644e-09,3.46952644e-09
11484,40,18015820,0,5764,0,-20,3.46952644e-09,3.46952644e-09
11485,42,18021584,0,5764,0,-10,3.46952644e-09,3.46952644e-09
11486,41,18021584,0,5764,0,25,3.46952644e-09,3.46952644e-09
11487,40,18021584,0,5764,0,-20,3.46952644e-09,3.46952644e-09
11488,42,18027348,0,5764,0,-9,3.46952644e-09,3.46952644e-09
11489,41,18027348,0,5764,0,25,3.46952644e-09,3.46952644e-09
11490,40,18027348,0,5764,0,-19,3.46952644e-09,3.46952644e-09
11491,42,18033112,0,5764,0,-9,3.46952644e-09,3.46952644e-09
11492,41,18033112,0,5764,0,25,3.46952644e-09,3.46952644e-09
11493,40,18033112,0,5764,0,-20,3.46952644e-09,3.46952644e-09
11494,42,18038876,0,5764,0,-9,3.46952644e-09,3.46952644e-09
11495,41,18038876,0,5764,0,25,3.46952644e-09,3.46952644e-09
11496,40,18038876,0,5764,0,-20,3.46952644e-09,3.46952644e-09
11497,42,18044640,0,5764,0,-9,3.46952644e-09,3.46952644e-09
11498,41,18044640,0,5764,0,25,3.46952644e-09,3.46952644e-09
11499,40,18044640,0,5764,0,-19,3.46952644e-09,3.46952644e-09
11500,42,18050404,0,5764,0,-9,3.46952644e-09,3.46952644e-09
11501,41,18050404,0,5764,0,25,3.46952644e-09,3.46952644e-09
11502,40,18050404,0,5764,0,-20,3.46952644e-09,3.46952644e-09
11503,42,18056168,0,5764,0,-9,3.46952644e-09,3.46952644e-09
11504,41,18056168,0,5764,0,25,3.46952644e-09,3.46952644e-09
11505,40,18056168,0,5764,0,-20,3.46952644e-09,3.46952644e-09
11506,42,18061932,0,5764,0,-9,3.46952644e-09,3.46952644e-09
11507,41,18061932,0,5764,0,25,3.46952644e-09,3.46952644e-09
11508,40,18061932,0,5764,0,-19,3.46952644e-09,3.46952644e-09
11509,42,18067696,0,5764,0,-9,3.46952644e-09,3.46952644e-09
11510,41,18067696,0,5764,0,25,3.46952644e-09,3.46952644e-09
11511,40,18067696,0,5764,0,-20,3.46952644e-09,3.46952644e-09
11512,42,18073460,0,5764,0,-9,3.46952644e-09,3.46952644e-09
11513,41,18073460,0,5764,0,25,3.46952644e-09,3.46952644e-09
11514,40,18073460,0,5764,0,-19,3.46952644e-09,3.46952644e-09
11515,42,18079224,0,5764,0,-9,3.46952644e-09,3.46952644e-09
11516,41,18079224,0,5764,0,25,3.46952644e-09,3.46952644e-09
11517,40,18079224,0,5764,0,-20,3.46952644e-09,3.46952644e-09
11518,42,18084988,0,5764,0,-9,3.46952644e-09,3.46952644e-09
11519,41,18084988,0,5764,0,25,3.46952644e-09,3.46952644e-09
11520,40,18084988,0,5764,0,-19,3.46952644e-09,3.46952644e-09
11521,42,18090752,0,5764,0,-9,3.46952644e-09,3.46952644e-09
11522,41,18090752,0,5764,0,25,3.46952644e-09,3.46952644e-09
11523,40,18090752,0,5764,0,-20,3.46952644e-09,3.46952644e-09
11524,42,18096516,0,5764,0,-9,3.46952644e-09,3.46952644e-09
11525,41,18096516,0,5764,0,25,3.46952644e-09,3.46952644e-09
11526,40,18096516,0,5764,0,-20,3.46952644e-09,3.46952644e-09
11527,42,18102280,0,5764,0,-9,3.46952644e-09,3.46952644e-09
11528,41,18102280,0,5764,0,25,3.46952644e-09,3.46952644e-09
11529,40,18102280,0,5764,0,-19,3.46952644e-09,3.46952644e-09
11530,42,18108044,0,5764,0,-9,3.46952644e-09,3.46952644e-09
11531,41,18108044,0,5764,0,25,3.46952644e-09,3.46952644e-09
11532,40,18108044,0,5764,0,-20,3.46952644e-09,3.46952644e-09
11533,42,18113808,0,5764,0,-9,3.46952644e-09,3.46952644e-09
11534,41,18113808,0,5764,0,25,3.46952644e-09,3.46952644e-09
11535,40,18113808,0,5764,0,-19,3.46952644e-09,3.46952644e-09
11536,42,18119572,0,5764,0,-8,3.46952644e-09,3.46952644e-09
11537,41,18119572,0,5764,0,25,3.46952644e-09,3.46952644e-09
11538,40,18119572,0,5764,0,-20,3.46952644e-09,3.46952644e-09
11539,42,18125336,0,5764,0,-9,3.46952644e-09,3.46952644e-09
11540,41,18125336,0,5764,0,25,3.46952644e-09,3.46952644e-09
11541,40,18125336,0,5764,0,-19,3.46952644e-09,3.46952644e-09
11542,42,18131100,0,5764,0,-9,3.46952644e-09,3.46952644e-09
11543,41,18131100,0,5764,0,25,3.46952644e-09,3.46952644e-09
11544,40,18131100,0,5764,0,-20,3.46952644e-09,3.46952644e-09
11545,42,18136864,0,5764,0,-9,3.46952644e-09,3.46952644e-09
11546,41,18136864,0,5764,0,25,3.46952644e-09,3.46952644e-09
11547,40,18136864,0,5764,0,-19,3.46952644e-09,3.46952644e-09
11548,42,18142628,0,5764,0,-9,3.46952644e-09,3.46952644e-09
11549,41,18142628,0,5764,0,25,3.46952644e-09,3.46952644e-09
11550,40,18142628,0,5764,0,-20,3.46952644e-09,3.46952644e-09
11551,42,18148392,0,5764,0,-8,3.46952644e-09,3.46952644e-09
11552,41,18148392,0,5764,0,25,3.46952644e-09,3.46952644e-09
11553,40,18148392,0,5764,0,-19,3.46952644e-09,3.46952644e-09
11554,42,18154156,0,5764,0,-9,3.46952644e-09,3.46952644e-09
11555,41,18154156,0,5764,0,25,3.46952644e-09,3.46952644e-09
11556,40,18154156,0,5764,0,-20,3.46952644e-09,3.46952644e-09
11557,42,18159920,0,5764,0,-9,3.46952644e-09,3.46952644e-09
11558,41,18159920,0,5764,0,25,3.46952644e-09,3.46952644e-09
11559,40,18159920,0,5764,0,-19,3.46952644e-09,3.46952644e-09
11560,42,18165684,0,5764,0,-8,3.46952644e-09,3.46952644e-09
11561,41,18165684,0,5764,0,25,3.46952644e-09,3.46952644e-09
11562,40,18165684,0,5764,0,-19,3.46952644e-09,3.46952644e-09
11563,42,18171448,0,5764,0,-9,3.46952644e-09,3.46952644e-09
11564,41,18171448,0,5764,0,25,3.46952644e-09,3.46952644e-09
11565,40,18171448,0,5764,0,-20,3.46952644e-09,3.46952644e-09
11566,42,18177212,0,5764,0,-9,3.46952644e-09,3.46952644e-09
11567,41,18177212,0,5764,0,25,3.46952644e-09,3.46952644e-09
11568,40,18177212,0,5764,0,-19,3.46952644e-09,3.46952644e-09
11569,42,18182976,0,5764,0,-8,3.46952644e-09,3.46952644e-09
11570,41,18182976,0,5764,0,25,3.46952644e-09,3.46952644e-09
11571,40,18182976,0,5764,0,-20,3.46952644e-09,3.46952644e-09
11572,42,18188740,0,5764,0,-9,3.46952644e-09,3.46952644e-09
11573,41,18188740,0,5764,0,25,3.46952644e-09,3.46952644e-09
11574,40,18188740,0,5764,0,-19,3.46952644e-09,3.46952644e-09
11575,42,18194504,0,5764,0,-9,3.46952644e-09,3.46952644e-09
11576,41,18194504,0,5764,0,26,3.46952644e-09,3.46952644e-09
11577,40,18194504,0,5764,0,-20,3.46952644e-09,3.46952644e-09
11578,42,18200268,0,5764,0,-8,3.46952644e-09,3.46952644e-09
11579,41,18200268,0,5764,0,25,3.46952644e-09,3.46952644e-09
11580,40,18200268,0,5764,0,-19,3.46952644e-09,3.46952644e-09
11581,42,18206032,0,5764,0,-9,3.46952644e-09,3.46952644e-09
11582,41,18206032,0,5764,0,25,3.46952644e-09,3.46952644e-09
11583,40,18206032,0,5764,0,-19,3.46952644e-09,3.46952644e-09
11584,42,18211796,0,5764,0,-8,3.46952644e-09,3.46952644e-09
11585,41,18211796,0,5764,0,25,3.46952644e-09,3.46952644e-09
11586,40,18211796,0,5764,0,-20,3.46952644e-09,3.46952644e-09
11587,42,18217560,0,5764,0,-9,3.46952644e-09,3.46952644e-09
11588,41,18217560,0,5764,0,25,3.46952644e-09,3.46952644e-09
11589,40,18217560,0,5764,0,-19,3.46952644e-09,3.46952644e-09
11590,42,18223324,0,5764,0,-8,3.46952644e-09,3.46952644e-09
11591,41,18223324,0,5764,0,25,3.46952644e-09,3.46952644e-09
11592,40,18223324,0,5764,0,-19,3.46952644e-09,3.46952644e-09
11593,42,18229088,0,5764,0,-9,3.46952644e-09,3.46952644e-09
11594,41,18229088,0,5764,0,25,3.46952644e-09,3.46952644e-09
11595,40,18229088,0,5764,0,-20,3.46952644e-09,3.46952644e-09
11596,42,18234852,0,5764,0,-8,3.46952644e-09,3.46952644e-09
11597,41,18234852,0,5764,0,25,3.46952644e-09,3.46952644e-09
11598,40,18234852,0,5764,0,-19,3.46952644e-09,3.46952644e-09
11599,42,18240616,0,5764,0,-9,3.46952644e-09,3.46952644e-09
11600,41,18240616,0,5764,0,25,3.46952644e-09,3.46952644e-09
11601,40,18240616,0,5764,0,-19,3.46952644e-09,3.46952644e-09
11602,42,18246380,0,5764,0,-8,3.46952644e-09,3.46952644e-09
11603,41,18246380,0,5764,0,25,3.46952644e-09,3.46952644e-09
11604,40,18246380,0,5764,0,-20,3.46952644e-09,3.46952644e-09
11605,42,18252144,0,5764,0,-9,3.46952644e-09,3.46952644e-09
11606,41,18252144,0,5764,0,25,3.46952644e-09,3.46952644e-09
11607,40,18252144,0,5764,0,-19,3.46952644e-09,3.46952644e-09
11608,42,18257908,0,5764,0,-8,3.46952644e-09,3.46952644e-09
11609,41,18257908,0,5764,0,25,3.46952644e-09,3.46952644e-09
11610,40,18257908,0,5764,0,-19,3.46952644e-09,3.46952644e-09
11611,42,18263672,0,5764,0,-9,3.46952644e-09,3.46952644e-09
11612,41,18263672,0,5764,0,25,3.46952644e-09,3.46952644e-09
11613,40,18263672,0,5764,0,-20,3.46952644e-09,3.46952644e-09
11614,42,18269436,0,5764,0,-8,3.46952644e-09,3.46952644e-09
11615,41,18269436,0,5764,0,25,3.46952644e-09,3.46952644e-09
11616,40,18269436,0,5764,0,-19,3.46952644e-09,3.46952644e-09
11617,42,18275200,0,5764,0,-8,3.46952644e-09,3.46952644e-09
11618,41,18275200,0,5764,0,26,3.46952644e-09,3.46952644e-09
11619,40,18275200,0,5764,0,-19,3.46952644e-09,3.46952644e-09
11620,42,18280964,0,5764,0,-9,3.46952644e-09,3.46952644e-09
11621,41,18280964,0,5764,0,25,3.46952644e-09,3.46952644e-09
11622,40,18280964,0,5764,0,-19,3.46952644e-09,3.46952644e-09
11623,42,18286728,0,5764,0,-8,3.46952644e-09,3.46952644e-09
11624,41,18286728,0,5764,0,25,3.46952644e-09,3.46952644e-09
11625,40,18286728,0,5764,0,-20,3.46952644e-09,3.46952644e-09
11626,42,18292492,0,5764,0,-8,3.46952844e-09,3.46952844e-09
11627,41,18292492,0,5764,0,25,3.46952844e-09,3.46952844e-09
11628,40,18292492,0,5764,0,-19,3.46952844e-09,3.46952844e-09
11629,42,18298256,0,5764,0,-8,3.46952800e-09,3.46952800e-09
11630,41,18298256,0,5764,0,25,3.46952800e-09,3.46952800e-09
11631,40,18298256,0,5764,0,-19,3.46952800e-09,3.46952800e-09
11632,42,18304020,0,5764,0,-9,3.46952800e-09,3.46952800e-09
11633,41,18304020,0,5764,0,25,3.46952800e-09,3.46952800e-09
11634,40,18304020,0,5764,0,-19,3.46952800e-09,3.46952800e-09
11635,42,18309784,0,5764,0,-8,3.46955220e-09,3.46955220e-09
11636,41,18309784,0,5764,0,25,3.46955220e-09,3.46955220e-09
11637,40,18309784,0,5764,0,-20,3.46955220e-09,3.46955220e-09
11638,42,18315548,0,5764,0,-8,3.46955220e-09,3.46955220e-09
11639,41,18315548,0,5764,0,25,3.46955220e-09,3.46955220e-09
11640,40,18315548,0,5764,0,-19,3.46955220e-09,3.46955220e-09
11641,42,18321312,0,5764,0,-8,3.46952800e-09,3.46952800e-09
11642,41,18321312,0,5764,0,25,3.46952800e-09,3.46952800e-09
11643,40,18321312,0,5764,0,-19,3.46952800e-09,3.46952800e-09
11644,42,18327076,0,5764,0,-9,3.46952800e-09,3.46952800e-09
11645,41,18327076,0,5764,0,25,3.46952800e-09,3.46952800e-09
11646,40,18327076,0,5764,0,-19,3.46952800e-09,3.46952800e-09
11647,42,18332840,0,5764,0,-8,3.46955220e-09,3.46955220e-09
11648,41,18332840,0,5764,0,25,3.46955220e-09,3.46955220e-09
11649,40,18332840,0,5764,0,-19,3.46955220e-09,3.46955220e-09
11650,42,18338604,0,5764,0,-8,3.46955220e-09,3.46955220e-09
11651,41,18338604,0,5764,0,26,3.46955220e-09,3.46955220e-09
11652,40,18338604,0,5764,0,-20,3.46955220e-09,3.46955220e-09
11653,42,18344368,0,5764,0,-8,3.46952800e-09,3.46952800e-09
11654,41,18344368,0,5764,0,25,3.46952800e-09,3.46952800e-09
11655,40,18344368,0,5764,0,-19,3.46952800e-09,3.46952800e-09
11656,42,18350132,0,5764,0,-8,3.46952800e-09,3.46952800e-09
11657,41,18350132,0,5764,0,25,3.46952800e-09,3.46952800e-09
11658,40,18350132,0,5764,0,-19,3.46952800e-09,3.46952800e-09
11659,42,18355896,0,5764,0,-8,3.46955220e-09,3.46955220e-09
11660,41,18355896,0,5764,0,25,3.46955220e-09,3.46955220e-09
11661,40,18355896,0,5764,0,-19,3.46955220e-09,3.46955220e-09
11662,42,18361660,0,5764,0,-8,3.46955220e-09,3.46955220e-09
11663,41,18361660,0,5764,0,25,3.46955220e-09,3.46955220e-09
11664,40,18361660,0,5764,0,-19,3.46955220e-09,3.46955220e-09
11665,42,18367424,0,5764,0,-8,3.46952800e-09,3.46952800e-09
11666,41,18367424,0,5764,0,25,3.46952800e-09,3.46952800e-09
11667,40,18367424,0,5764,0,-19,3.46952800e-09,3.46952800e-09
11668,42,18373188,0,5764,0,-8,3.46952800e-09,3.46952800e-09
11669,41,18373188,0,5764,0,25,3.46952800e-09,3.46952800e-09
11670,40,18373188,0,5764,0,-19,3.46952800e-09,3.46952800e-09
11671,42,18378952,0,5764,0,-8,3.46955065e-09,3.46955065e-09
11672,41,18378952,0,5764,0,25,3.46955065e-09,3.46955065e-09
11673,40,18378952,0,5764,0,-19,3.46955065e-09,3.46955065e-09
11674,42,18384716,0,5764,0,-8,3.46955220e-09,3.46955220e-09
11675,41,18384716,0,5764,0,25,3.46955220e-09,3.46955220e-09
11676,40,18384716,0,5764,0,-20,3.46955220e-09,3.46955220e-09
11677,42,18390480,0,5764,0,-8,3.46952800e-09,3.46952800e-09
11678,41,18390480,0,5764,0,25,3.46952800e-09,3.46952800e-09
11679,40,18390480,0,5764,0,-19,3.46952800e-09,3.46952800e-09
11680,42,18396244,0,5764,0,-8,3.46955220e-09,3.46955220e-09
11681,41,18396244,0,5764,0,26,3.46955220e-09,3.46955220e-09
11682,40,18396244,0,5764,0,-19,3.46955220e-09,3.46955220e-09
11683,42,18402008,0,5764,0,-8,3.46955220e-09,3.46955220e-09
11684,41,18402008,0,5764,0,25,3.46955220e-09,3.46955220e-09
11685,40,18402008,0,5764,0,-19,3.46955220e-09,3.46955220e-09
11686,42,18407772,0,5764,0,-8,3.46952711e-09,3.46952711e-09
11687,41,18407772,0,5764,0,25,3.46952711e-09,3.46952711e-09
11688,40,18407772,0,5764,0,-19,3.46952711e-09,3.46952711e-09
11689,42,18413536,0,5764,0,-8,3.46952644e-09,3.46952644e-09
11690,41,18413536,0,5764,0,25,3.46952644e-09,3.46952644e-09
11691,40,18413536,0,5764,0,-19,3.46952644e-09,3.46952644e-09
11692,42,18419300,0,5764,0,-8,3.46953910e-09,3.46953910e-09
11693,41,18419300,0,5764,0,25,3.46953910e-09,3.46953910e-09
11694,40,18419300,0,5764,0,-19,3.46953910e-09,3.46953910e-09
11695,42,18425064,0,5764,0,-8,3.46953910e-09,3.46953910e-09
11696,41,18425064,0,5764,0,25,3.46953910e-09,3.46953910e-09
11697,40,18425064,0,5764,0,-19,3.46953910e-09,3.46953910e-09
11698,42,18430828,0,5764,0,-8,3.46953910e-09,3.46953910e-09
11699,41,18430828,0,5764,0,25,3.46953910e-09,3.46953910e-09
11700,40,18430828,0,5764,0,-19,3.46953910e-09,3.46953910e-09
11701,42,18436592,0,5764,0,-7,3.46953910e-09,3.46953910e-09
11702,41,18436592,0,5764,0,25,3.46953910e-09,3.46953910e-09
11703,40,18436592,0,5764,0,-19,3.46953910e-09,3.46953910e-09
11704,42,18442356,0,5764,0,-8,3.46953910e-09,3.46953910e-09
11705,41,18442356,0,5764,0,26,3.46953910e-09,3.46953910e-09
11706,40,18442356,0,5764,0,-19,3.46953910e-09,3.46953910e-09
11707,42,18448120,0,5764,0,-8,3.46953910e-09,3.46953910e-09
11708,41,18448120,0,5764,0,25,3.46953910e-09,3.46953910e-09
11709,40,18448120,0,5764,0,-19,3.46953910e-09,3.46953910e-09
11710,42,18453884,0,5764,0,-8,3.46953910e-09,3.46953910e-09
11711,41,18453884,0,5764,0,25,3.46953910e-09,3.46953910e-09
11712,40,18453884,0,5764,0,-19,3.46953910e-09,3.46953910e-09
11713,42,18459648,0,5764,0,-8,3.46953910e-09,3.46953910e-09
11714,41,18459648,0,5764,0,25,3.46953910e-09,3.46953910e-09
11715,40,18459648,0,5764,0,-19,3.46953910e-09,3.46953910e-09
11716,42,18465412,0,5764,0,-7,3.46953910e-09,3.46953910e-09
11717,41,18465412,0,5764,0,25,3.46953910e-09,3.46953910e-09
11718,40,18465412,0,5764,0,-19,3.46953910e-09,3.46953910e-09
11719,42,18471176,0,5764,0,-8,3.46953910e-09,3.46953910e-09
11720,41,18471176,0,5764,0,25,3.46953910e-09,3.46953910e-09
11721,40,18471176,0,5764,0,-19,3.46953910e-09,3.46953910e-09
11722,42,18476940,0,5764,0,-8,3.46953910e-09,3.46953910e-09
11723,41,18476940,0,5764,0,25,3.46953910e-09,3.46953910e-09
11724,40,18476940,0,5764,0,-19,3.46953910e-09,3.46953910e-09
11725,42,18482704,0,5764,0,-7,3.46953910e-09,3.46953910e-09
11726,41,18482704,0,5764,0,26,3.46953910e-09,3.46953910e-09
11727,40,18482704,0,5764,0,-19,3.46953910e-09,3.46953910e-09
11728,42,18488468,0,5764,0,-8,3.46953910e-09,3.46953910e-09
11729,41,18488468,0,5764,0,25,3.46953910e-09,3.46953910e-09
11730,40,18488468,0,5764,0,-19,3.46953910e-09,3.46953910e-09
11731,42,18494232,0,5764,0,-8,3.46953910e-09,3.46953910e-09
11732,41,18494232,0,5764,0,25,3.46953910e-09,3.46953910e-09
11733,40,18494232,0,5764,0,-19,3.46953910e-09,3.46953910e-09
11734,42,18499996,0,5764,0,-7,3.46953910e-09,3.46953910e-09
11735,41,18499996,0,5764,0,25,3.46953910e-09,3.46953910e-09
11736,40,18499996,0,5764,0,-18,3.46953910e-09,3.46953910e-09
11737,42,18505760,0,5764,0,-8,3.46953910e-09,3.46953910e-09
11738,41,18505760,0,5764,0,25,3.46953910e-09,3.46953910e-09
11739,40,18505760,0,5764,0,-19,3.46953910e-09,3.46953910e-09
11740,42,18511524,0,5764,0,-7,3.46953910e-09,3.46953910e-09
11741,41,18511524,0,5764,0,25,3.46953910e-09,3.46953910e-09
11742,40,18511524,0,5764,0,-19,3.46953910e-09,3.46953910e-09
11743,42,18517288,0,5764,0,-8,3.46953910e-09,3.46953910e-09
11744,41,18517288,0,5764,0,25,3.46953910e-09,3.46953910e-09
11745,40,18517288,0,5764,0,-19,3.46953910e-09,3.46953910e-09
11746,42,18523052,0,5764,0,-8,3.46953910e-09,3.46953910e-09
11747,41,18523052,0,5764,0,26,3.46953910e-09,3.46953910e-09
11748,40,18523052,0,5764,0,-19,3.46953910e-09,3.46953910e-09
11749,42,18528816,0,5764,0,-7,3.46953910e-09,3.46953910e-09
11750,41,18528816,0,5764,0,25,3.46953910e-09,3.46953910e-09
11751,40,18528816,0,5764,0,-19,3.46953910e-09,3.46953910e-09
11752,42,18534580,0,5764,0,-8,3.46953910e-09,3.46953910e-09
11753,41,18534580,0,5764,0,25,3.46953910e-09,3.46953910e-09
11754,40,18534580,0,5764,0,-19,3.46953910e-09,3.46953910e-09
11755,42,18540344,0,5764,0,-7,3.46953910e-09,3.46953910e-09
11756,41,18540344,0,5764,0,25,3.46953910e-09,3.46953910e-09
11757,40,18540344,0,5764,0,-18,3.46953910e-09,3.46953910e-09
11758,42,18546108,0,5764,0,-7,3.46953910e-09,3.46953910e-09
11759,41,18546108,0,5764,0,25,3.46953910e-09,3.46953910e-09
11760,40,18546108,0,5764,0,-19,3.46953910e-09,3.46953910e-09
11761,42,18551872,0,5764,0,-8,3.46953910e-09,3.46953910e-09
11762,41,18551872,0,5764,0,25,3.46953910e-09,3.46953910e-09
11763,40,18551872,0,5764,0,-19,3.46953910e-09,3.46953910e-09
11764,42,18557636,0,5764,0,-7,3.46953910e-09,3.46953910e-09
11765,41,18557636,0,5764,0,25,3.46953910e-09,3.46953910e-09
11766,40,18557636,0,5764,0,-19,3.46953910e-09,3.46953910e-09
11767,42,18563400,0,5764,0,-8,3.46953910e-09,3.46953910e-09
11768,41,18563400,0,5764,0,26,3.46953910e-09,3.46953910e-09
11769,40,18563400,0,5764,0,-19,3.46953910e-09,3.46953910e-09
11770,42,18569164,0,5764,0,-7,3.46953910e-09,3.46953910e-09
11771,41,18569164,0,5764,0,25,3.46953910e-09,3.46953910e-09
11772,40,18569164,0,5764,0,-18,3.46953910e-09,3.46953910e-09
11773,42,18574928,0,5764,0,-7,3.46953910e-09,3.46953910e-09
11774,41,18574928,0,5764,0,25,3.46953910e-09,3.46953910e-09
11775,40,18574928,0,5764,0,-19,3.46953910e-09,3.46953910e-09
11776,42,18580692,0,5764,0,-8,3.46953910e-09,3.46953910e-09
11777,41,18580692,0,5764,0,25,3.46953910e-09,3.46953910e-09
11778,40,18580692,0,5764,0,-19,3.46953910e-09,3.46953910e-09
11779,42,18586456,0,5764,0,-7,3.46953910e-09,3.46953910e-09
11780,41,18586456,0,5764,0,25,3.46953910e-09,3.46953910e-09
11781,40,18586456,0,5764,0,-19,3.46953910e-09,3.46953910e-09
11782,42,18592220,0,5764,0,-7,3.46953910e-09,3.46953910e-09
11783,41,18592220,0,5764,0,25,3.46953910e-09,3.46953910e-09
11784,40,18592220,0,5764,0,-19,3.46953910e-09,3.46953910e-09
11785,42,18597984,0,5764,0,-8,3.46953910e-09,3.46953910e-09
11786,41,18597984,0,5764,0,26,3.46953910e-09,3.46953910e-09
11787,40,18597984,0,5764,0,-18,3.46953910e-09,3.46953910e-09
11788,42,18603748,0,5764,0,-7,3.46953910e-09,3.46953910e-09
11789,41,18603748,0,5764,0,25,3.46953910e-09,3.46953910e-09
11790,40,18603748,0,5764,0,-19,3.46953910e-09,3.46953910e-09
11791,42,18609512,0,5764,0,-7,3.46953910e-09,3.46953910e-09
11792,41,18609512,0,5764,0,25,3.46953910e-09,3.46953910e-09
11793,40,18609512,0,5764,0,-19,3.46953910e-09,3.46953910e-09
11794,42,18615276,0,5764,0,-8,3.46953910e-09,3.46953910e-09
11795,41,18615276,0,5764,0,25,3.46953910e-09,3.46953910e-09
11796,40,18615276,0,5764,0,-18,3.46953910e-09,3.46953910e-09
11797,42,18621040,0,5764,0,-7,3.46953910e-09,3.46953910e-09
11798,41,18621040,0,5764,0,25,3.46953910e-09,3.46953910e-09
11799,40,18621040,0,5764,0,-19,3.46953910e-09,3.46953910e-09
11800,42,18626804,0,5764,0,-7,3.46953910e-09,3.46953910e-09
11801,41,18626804,0,5764,0,26,3.46953910e-09,3.46953910e-09
11802,40,18626804,0,5764,0,-19,3.46953910e-09,3.46953910e-09
11803,42,18632568,0,5764,0,-7,3.46953910e-09,3.46953910e-09
11804,41,18632568,0,5764,0,25,3.46953910e-09,3.46953910e-09
11805,40,18632568,0,5764,0,-18,3.46953910e-09,3.46953910e-09
11806,42,18638332,0,5764,0,-7,3.46953910e-09,3.46953910e-09
11807,41,18638332,0,5764,0,25,3.46953910e-09,3.46953910e-09
11808,40,18638332,0,5764,0,-19,3.46953910e-09,3.46953910e-09
11809,42,18644096,0,5764,0,-7,3.46953910e-09,3.46953910e-09
11810,41,18644096,0,5764,0,25,3.46953910e-09,3.46953910e-09
11811,40,18644096,0,5764,0,-19,3.46953910e-09,3.46953910e-09
11812,42,18649860,0,5764,0,-7,3.46953910e-09,3.46953910e-09
11813,41,18649860,0,5764,0,25,3.46953910e-09,3.46953910e-09
11814,40,18649860,0,5764,0,-18,3.46953910e-09,3.46953910e-09
11815,42,18655624,0,5764,0,-8,3.46953910e-09,3.46953910e-09
11816,41,18655624,0,5764,0,25,3.46953910e-09,3.46953910e-09
11817,40,18655624,0,5764,0,-19,3.46953910e-09,3.46953910e-09
11818,42,18661388,0,5764,0,-7,3.46953910e-09,3.46953910e-09
11819,41,18661388,0,5764,0,26,3.46953910e-09,3.46953910e-09
11820,40,18661388,0,5764,0,-19,3.46953910e-09,3.46953910e-09
11821,42,18667152,0,5764,0,-7,3.46953910e-09,3.46953910e-09
11822,41,18667152,0,5764,0,25,3.46953910e-09,3.46953910e-09
11823,40,18667152,0,5764,0,-18,3.46953910e-09,3.46953910e-09
11824,42,18672916,0,5764,0,-7,3.46953910e-09,3.46953910e-09
11825,41,18672916,0,5764,0,25,3.46953910e-09,3.46953910e-09
11826,40,18672916,0,5764,0,-19,3.46953910e-09,3.46953910e-09
11827,42,18678680,0,5764,0,-7,3.46953910e-09,3.46953910e-09
11828,41,18678680,0,5764,0,25,3.46953910e-09,3.46953910e-09
11829,40,18678680,0,5764,0,-18,3.46953910e-09,3.46953910e-09
11830,42,18684444,0,5764,0,-7,3.46953910e-09,3.46953910e-09
11831,41,18684444,0,5764,0,25,3.46953910e-09,3.46953910e-09
11832,40,18684444,0,5764,0,-19,3.46953910e-09,3.46953910e-09
11833,42,18690208,0,5764,0,-7,3.46953910e-09,3.46953910e-09
11834,41,18690208,0,5764,0,26,3.46953910e-09,3.46953910e-09
11835,40,18690208,0,5764,0,-19,3.46953910e-09,3.46953910e-09
11836,42,18695972,0,5764,0,-7,3.46954065e-09,3.46954065e-09
11837,41,18695972,0,5764,0,25,3.46954065e-09,3.46954065e-09
11838,40,18695972,0,5764,0,-18,3.46954065e-09,3.46954065e-09
11839,42,18701736,0,5764,0,-7,3.46953821e-09,3.46953821e-09
11840,41,18701736,0,5764,0,25,3.46953821e-09,3.46953821e-09
11841,40,18701736,0,5764,0,-19,3.46953821e-09,3.46953821e-09
11842,42,18707500,0,5764,0,-7,3.46953977e-09,3.46953977e-09
11843,41,18707500,0,5764,0,25,3.46953977e-09,3.46953977e-09
11844,40,18707500,0,5764,0,-18,3.46953977e-09,3.46953977e-09
11845,42,18713264,0,5764,0,-6,3.46954265e-09,3.46954265e-09
11846,41,18713264,0,5764,0,25,3.46954265e-09,3.46954265e-09
11847,40,18713264,0,5764,0,-19,3.46954265e-09,3.46954265e-09
11848,42,18719028,0,5764,0,-7,3.46954265e-09,3.46954265e-09
11849,41,18719028,0,5764,0,26,3.46954265e-09,3.46954265e-09
11850,40,18719028,0,5764,0,-18,3.46954265e-09,3.46954265e-09
11851,42,18724792,0,5764,0,-7,3.46954265e-09,3.46954265e-09
11852,41,18724792,0,5764,0,25,3.46954265e-09,3.46954265e-09
11853,40,18724792,0,5764,0,-19,3.46954265e-09,3.46954265e-09
11854,42,18730556,0,3822,1981,-7,3.46954265e-09,3.46954265e-09
11855,41,18730556,0,3822,1981,25,3.46954265e-09,3.46954265e-09
11856,40,18730556,0,3822,1981,-18,3.46954265e-09,3.46954265e-09
11857,42,18736359,0,0,6433,-7,3.46954265e-09,3.46954265e-09
11858,41,18736359,0,0,6433,25,3.46954265e-09,3.46954265e-09
11859,40,18736359,0,0,6433,-19,3.46954265e-09,3.46954265e-09
11860,42,18742792,0,0,7631,-7,3.46954110e-09,3.46954110e-09
11861,41,18742792,0,0,7631,25,3.46954110e-09,3.46954110e-09
11862,40,18742792,0,0,7631,-18,3.46954110e-09,3.46954110e-09
11863,42,18750423,0,0,9945,-6,3.46954021e-09,3.46954021e-09
11864,41,18750423,0,0,9945,26,3.46954021e-09,3.46954021e-09
11865,40,18750423,0,0,9945,-19,3.46954021e-09,3.46954021e-09
11866,42,18760368,0,0,24009,-1,3.46954021e-09,3.46954021e-09
11867,41,18760368,0,0,24009,31,3.46954021e-09,3.46954021e-09
11868,40,18760368,0,0,24009,-12,3.46954021e-09,3.46954021e-09
